date,latitude,temperature,humidity,wind_speed,precipitation
20210101,30.0444,14.68,72.19,3.01,0.0
20210102,30.0444,15.72,71.16,3.23,0.0
20210103,30.0444,15.15,75.11,3.2,0.0
20210104,30.0444,16.33,69.99,2.04,0.0
20210105,30.0444,17.29,61.59,2.35,0.0
20210106,30.0444,17.22,66.23,3.48,0.0
20210107,30.0444,18.28,47.06,3.42,0.0
20210108,30.0444,17.5,43.09,3.05,0.0
20210109,30.0444,16.06,54.93,3.11,0.0
20210110,30.0444,16.05,69.67,3.78,0.0
20210111,30.0444,16.76,62.63,4.32,0.34
20210112,30.0444,18.73,35.53,3.84,0.0
20210113,30.0444,17.15,46.11,6.09,0.0
20210114,30.0444,13.06,57.98,5.24,0.04
20210115,30.0444,12.25,61.66,3.46,0.03
20210116,30.0444,12.23,56.37,4.36,0.0
20210117,30.0444,12.29,55.05,6.44,0.02
20210118,30.0444,11.02,61.63,4.2,0.0
20210119,30.0444,12.04,65.9,5.69,0.93
20210120,30.0444,10.73,66.88,5.28,0.46
20210121,30.0444,10.25,65.64,4.19,0.0
20210122,30.0444,11.14,63.94,4.53,0.0
20210123,30.0444,11.76,62.01,3.09,0.0
20210124,30.0444,11.93,67.11,2.79,0.0
20210125,30.0444,12.67,66.59,2.51,0.0
20210126,30.0444,13.45,53.97,3.57,0.0
20210127,30.0444,14.87,43.06,4.69,0.0
20210128,30.0444,11.37,60.86,3.81,0.0
20210129,30.0444,11.26,54.41,4.97,0.21
20210130,30.0444,11.55,50.31,5.03,0.0
20210131,30.0444,14.64,41.67,4.79,0.0
20210201,30.0444,17.4,33.61,2.71,0.0
20210202,30.0444,18.51,24.54,2.57,0.0
20210203,30.0444,17.77,26.61,3.04,0.01
20210204,30.0444,14.35,77.61,4.24,2.97
20210205,30.0444,15.34,72.72,4.94,0.67
20210206,30.0444,15.22,68.24,2.16,0.0
20210207,30.0444,15.13,62.81,2.37,0.0
20210208,30.0444,17.21,40.17,2.77,0.0
20210209,30.0444,18.65,34.99,2.92,0.0
20210210,30.0444,17.3,61.12,3.36,0.0
20210211,30.0444,16.2,58.26,3.69,0.0
20210212,30.0444,14.97,54.57,3.67,0.0
20210213,30.0444,13.98,63.44,2.76,0.0
20210214,30.0444,13.68,65.81,2.75,0.0
20210215,30.0444,13.98,61.85,2.59,0.13
20210216,30.0444,10.27,76.88,5.84,5.65
20210217,30.0444,7.75,69.6,7.52,2.78
20210218,30.0444,10.35,64.49,4.3,0.24
20210219,30.0444,10.06,75.65,3.51,4.33
20210220,30.0444,11.09,67.54,3.87,0.0
20210221,30.0444,11.66,65.47,3.04,0.03
20210222,30.0444,12.38,65.51,3.51,0.02
20210223,30.0444,12.0,82.8,4.76,3.01
20210224,30.0444,13.93,69.96,4.94,0.19
20210225,30.0444,15.34,70.63,2.9,0.14
20210226,30.0444,13.94,67.54,2.43,0.0
20210227,30.0444,14.38,69.4,4.23,0.0
20210228,30.0444,13.95,70.67,3.61,0.0
20210301,30.0444,14.66,67.58,3.38,0.0
20210302,30.0444,12.88,67.4,3.77,0.07
20210303,30.0444,11.65,68.44,4.47,0.9
20210304,30.0444,12.86,66.58,4.4,1.06
20210305,30.0444,13.59,65.66,2.29,2.37
20210306,30.0444,14.08,62.15,4.11,1.33
20210307,30.0444,14.15,69.47,4.23,14.2
20210308,30.0444,14.31,70.78,3.77,19.48
20210309,30.0444,18.97,41.2,2.68,0.0
20210310,30.0444,21.54,32.1,5.11,0.0
20210311,30.0444,18.14,66.2,3.55,3.18
20210312,30.0444,14.82,60.66,5.51,1.22
20210313,30.0444,13.64,66.86,3.89,0.0
20210314,30.0444,15.0,67.05,4.29,0.0
20210315,30.0444,16.76,66.2,3.71,0.0
20210316,30.0444,16.44,68.06,3.53,0.0
20210317,30.0444,14.94,64.87,3.79,28.66
20210318,30.0444,15.12,67.17,2.95,0.02
20210319,30.0444,15.22,64.09,3.09,0.38
20210320,30.0444,20.02,50.49,2.69,0.09
20210321,30.0444,22.91,47.95,2.03,8.73
20210322,30.0444,23.19,51.29,2.91,0.0
20210323,30.0444,20.9,49.12,5.43,0.0
20210324,30.0444,14.1,59.9,6.29,0.01
20210325,30.0444,12.96,69.06,3.93,0.05
20210326,30.0444,11.85,70.29,4.44,0.26
20210327,30.0444,12.0,61.19,5.03,0.16
20210328,30.0444,13.52,64.51,5.16,0.42
20210329,30.0444,13.6,65.21,5.28,3.0
20210330,30.0444,14.11,68.69,4.62,7.02
20210331,30.0444,13.02,73.47,3.74,11.4
20210401,30.0444,13.72,61.24,3.98,0.0
20210402,30.0444,13.26,69.1,4.39,0.0
20210403,30.0444,14.56,62.28,2.9,0.0
20210404,30.0444,17.22,48.07,3.92,0.0
20210405,30.0444,18.9,42.37,4.41,0.0
20210406,30.0444,21.6,41.25,2.74,0.0
20210407,30.0444,22.75,39.22,3.05,0.0
20210408,30.0444,18.66,65.23,4.24,1.11
20210409,30.0444,15.98,66.8,4.88,0.58
20210410,30.0444,13.03,53.93,6.23,0.0
20210411,30.0444,13.63,57.58,4.5,0.0
20210412,30.0444,14.34,59.57,3.94,0.0
20210413,30.0444,15.37,56.01,4.05,0.0
20210414,30.0444,17.14,57.15,4.42,0.56
20210415,30.0444,19.32,52.98,4.43,1.19
20210416,30.0444,22.49,36.46,4.77,0.0
20210417,30.0444,23.72,33.81,4.55,0.01
20210418,30.0444,29.0,27.51,3.56,0.0
20210419,30.0444,28.2,34.78,4.18,0.0
20210420,30.0444,23.61,53.67,5.28,0.0
20210421,30.0444,19.73,50.83,6.21,0.0
20210422,30.0444,19.3,54.73,6.12,0.0
20210423,30.0444,19.42,53.49,5.5,0.0
20210424,30.0444,20.89,53.23,3.75,0.0
20210425,30.0444,24.67,35.23,4.91,0.0
20210426,30.0444,20.09,62.44,5.24,0.3
20210427,30.0444,19.96,54.22,3.36,0.17
20210428,30.0444,22.15,46.45,5.29,0.02
20210429,30.0444,25.48,42.4,5.85,0.0
20210430,30.0444,26.94,34.03,5.35,0.0
20210501,30.0444,27.28,26.2,4.62,0.0
20210502,30.0444,27.26,31.42,4.42,0.0
20210503,30.0444,28.27,30.91,4.36,0.0
20210504,30.0444,29.86,27.62,3.36,0.0
20210505,30.0444,29.4,32.63,3.02,0.0
20210506,30.0444,28.33,28.56,3.51,0.0
20210507,30.0444,28.74,30.19,3.98,0.0
20210508,30.0444,30.25,25.05,3.09,0.0
20210509,30.0444,30.51,27.03,3.44,0.0
20210510,30.0444,26.04,49.75,5.0,0.0
20210511,30.0444,24.59,49.51,3.81,0.0
20210512,30.0444,23.73,44.83,3.15,0.0
20210513,30.0444,24.5,37.75,3.57,0.0
20210514,30.0444,25.12,36.68,4.57,0.0
20210515,30.0444,25.87,36.57,4.29,0.0
20210516,30.0444,28.7,28.52,4.09,0.0
20210517,30.0444,25.06,46.58,5.15,0.0
20210518,30.0444,25.36,44.95,4.75,0.0
20210519,30.0444,26.38,42.44,4.84,0.0
20210520,30.0444,26.97,40.23,4.63,0.0
20210521,30.0444,26.07,37.67,4.76,0.0
20210522,30.0444,23.32,48.61,5.71,0.0
20210523,30.0444,23.93,47.77,5.56,0.0
20210524,30.0444,25.34,44.56,5.37,0.0
20210525,30.0444,25.98,42.59,4.68,0.0
20210526,30.0444,27.87,32.21,4.16,0.0
20210527,30.0444,28.46,34.19,3.68,0.0
20210528,30.0444,26.98,37.51,4.32,0.0
20210529,30.0444,25.96,42.96,4.1,0.0
20210530,30.0444,28.9,28.56,3.66,0.0
20210531,30.0444,31.54,21.79,5.94,0.0
20210601,30.0444,27.63,36.62,5.09,0.0
20210602,30.0444,26.08,42.54,5.08,0.0
20210603,30.0444,24.95,42.66,5.57,0.0
20210604,30.0444,24.23,47.15,5.49,0.0
20210605,30.0444,24.73,47.85,5.08,0.0
20210606,30.0444,24.8,48.06,4.59,0.0
20210607,30.0444,25.11,45.13,4.39,0.0
20210608,30.0444,26.64,40.13,4.81,0.0
20210609,30.0444,30.53,26.63,3.7,0.0
20210610,30.0444,29.43,38.29,4.48,0.0
20210611,30.0444,28.95,37.97,4.67,0.0
20210612,30.0444,29.73,36.07,5.96,0.0
20210613,30.0444,28.45,42.07,6.1,0.0
20210614,30.0444,26.31,45.22,4.58,0.0
20210615,30.0444,26.57,43.85,3.75,0.0
20210616,30.0444,26.06,47.27,4.91,0.0
20210617,30.0444,25.82,47.03,5.14,0.0
20210618,30.0444,26.61,45.26,5.15,0.0
20210619,30.0444,27.19,39.79,4.42,0.0
20210620,30.0444,28.77,34.22,4.19,0.0
20210621,30.0444,29.69,32.26,3.85,0.0
20210622,30.0444,29.45,39.44,4.06,0.0
20210623,30.0444,29.43,39.74,4.5,0.0
20210624,30.0444,30.18,41.12,4.79,0.0
20210625,30.0444,29.56,47.88,4.4,0.0
20210626,30.0444,30.07,46.57,4.23,0.0
20210627,30.0444,31.88,38.35,3.86,0.0
20210628,30.0444,32.05,40.44,4.78,0.0
20210629,30.0444,31.67,44.33,3.75,0.0
20210630,30.0444,31.94,38.02,3.26,0.0
20210701,30.0444,32.52,34.2,4.14,0.0
20210702,30.0444,32.96,30.56,3.56,0.0
20210703,30.0444,31.68,34.68,5.01,0.0
20210704,30.0444,29.23,48.03,5.52,0.0
20210705,30.0444,28.69,44.18,5.15,0.0
20210706,30.0444,29.36,41.31,3.8,0.0
20210707,30.0444,30.52,36.33,4.14,0.0
20210708,30.0444,30.72,42.45,3.52,0.0
20210709,30.0444,31.08,38.91,3.53,0.0
20210710,30.0444,30.58,49.4,4.58,0.0
20210711,30.0444,30.75,45.18,2.98,0.0
20210712,30.0444,31.05,41.63,3.21,0.0
20210713,30.0444,30.34,38.98,3.72,0.0
20210714,30.0444,29.56,40.67,3.61,0.0
20210715,30.0444,30.75,40.92,2.88,0.0
20210716,30.0444,31.66,42.22,3.75,0.0
20210717,30.0444,32.17,34.26,3.26,0.0
20210718,30.0444,31.98,39.24,3.65,0.0
20210719,30.0444,32.22,41.49,3.95,0.0
20210720,30.0444,33.1,33.36,4.89,0.0
20210721,30.0444,31.72,36.48,5.09,0.0
20210722,30.0444,30.52,45.2,4.39,0.0
20210723,30.0444,29.68,48.16,5.74,0.0
20210724,30.0444,28.74,47.33,4.45,0.0
20210725,30.0444,29.32,51.12,3.72,0.0
20210726,30.0444,30.29,44.68,3.28,0.0
20210727,30.0444,30.37,39.65,3.88,0.0
20210728,30.0444,30.22,43.05,4.16,0.0
20210729,30.0444,30.56,44.94,3.96,0.0
20210730,30.0444,30.95,42.31,3.56,0.0
20210731,30.0444,31.26,34.56,2.92,0.0
20210801,30.0444,32.1,30.63,3.34,0.0
20210802,30.0444,32.14,35.11,2.74,0.0
20210803,30.0444,32.82,30.07,3.32,0.0
20210804,30.0444,34.26,26.03,3.33,0.0
20210805,30.0444,34.99,23.8,3.47,0.0
20210806,30.0444,34.25,24.62,3.0,0.0
20210807,30.0444,32.8,35.59,4.46,0.0
20210808,30.0444,30.85,46.15,4.08,0.0
20210809,30.0444,30.99,49.16,3.84,0.0
20210810,30.0444,31.15,45.07,3.8,0.0
20210811,30.0444,31.38,43.74,4.3,0.0
20210812,30.0444,31.77,43.96,3.4,0.0
20210813,30.0444,31.8,39.34,3.57,0.0
20210814,30.0444,30.55,44.66,4.38,0.0
20210815,30.0444,31.0,47.1,4.87,0.0
20210816,30.0444,30.11,47.86,4.54,0.0
20210817,30.0444,28.9,48.79,4.1,0.0
20210818,30.0444,28.51,47.41,3.51,0.0
20210819,30.0444,29.42,49.37,4.22,0.0
20210820,30.0444,29.91,47.41,3.63,0.0
20210821,30.0444,30.71,48.47,4.37,0.0
20210822,30.0444,30.69,48.04,4.67,0.0
20210823,30.0444,29.87,49.89,3.49,0.0
20210824,30.0444,29.42,47.59,3.14,0.0
20210825,30.0444,29.39,47.57,3.13,0.0
20210826,30.0444,30.06,51.82,3.96,0.0
20210827,30.0444,30.5,47.94,4.31,0.0
20210828,30.0444,30.54,44.92,3.67,0.0
20210829,30.0444,31.4,41.2,3.94,0.0
20210830,30.0444,31.16,46.27,4.44,0.0
20210831,30.0444,29.92,47.0,4.78,0.0
20210901,30.0444,29.45,50.44,5.06,0.0
20210902,30.0444,29.18,51.02,5.07,0.0
20210903,30.0444,28.37,53.31,5.43,0.0
20210904,30.0444,29.14,52.08,3.82,0.0
20210905,30.0444,28.83,50.82,4.9,0.0
20210906,30.0444,28.14,52.06,4.22,0.0
20210907,30.0444,28.78,47.73,3.77,0.0
20210908,30.0444,31.86,37.0,2.49,0.0
20210909,30.0444,30.4,45.28,5.15,0.0
20210910,30.0444,26.96,56.65,4.86,0.0
20210911,30.0444,26.5,55.67,4.41,0.0
20210912,30.0444,27.7,47.92,3.14,0.0
20210913,30.0444,30.92,37.38,4.95,0.0
20210914,30.0444,29.57,48.91,3.75,0.0
20210915,30.0444,28.17,50.71,4.18,0.0
20210916,30.0444,26.44,52.0,4.52,0.0
20210917,30.0444,27.18,50.05,4.69,0.0
20210918,30.0444,28.2,53.06,3.83,0.0
20210919,30.0444,28.48,48.23,5.19,0.0
20210920,30.0444,29.1,47.68,5.61,0.0
20210921,30.0444,29.08,50.01,4.94,0.0
20210922,30.0444,28.24,51.96,4.96,0.0
20210923,30.0444,27.35,53.94,3.87,0.0
20210924,30.0444,25.22,52.97,4.57,0.0
20210925,30.0444,24.81,51.43,4.3,0.0
20210926,30.0444,26.09,55.82,3.71,0.0
20210927,30.0444,25.39,52.05,3.98,0.0
20210928,30.0444,25.28,56.9,3.56,0.0
20210929,30.0444,25.78,57.98,3.55,0.0
20210930,30.0444,26.25,58.47,4.1,0.0
20211001,30.0444,25.31,54.83,4.27,0.0
20211002,30.0444,24.77,57.14,4.04,0.0
20211003,30.0444,24.41,57.16,4.21,0.0
20211004,30.0444,24.14,56.59,4.42,0.0
20211005,30.0444,23.58,56.56,4.51,0.0
20211006,30.0444,23.53,55.76,3.75,0.0
20211007,30.0444,23.72,56.45,4.02,0.0
20211008,30.0444,24.22,56.61,4.56,0.05
20211009,30.0444,24.28,57.03,4.92,0.05
20211010,30.0444,24.23,57.14,5.23,0.35
20211011,30.0444,25.8,52.59,3.86,0.26
20211012,30.0444,26.46,53.98,3.92,0.13
20211013,30.0444,25.7,57.49,5.65,0.03
20211014,30.0444,25.27,58.48,5.03,0.0
20211015,30.0444,25.45,49.4,4.42,0.0
20211016,30.0444,26.59,32.7,3.49,0.0
20211017,30.0444,24.63,52.41,3.3,0.0
20211018,30.0444,22.68,57.65,3.7,0.0
20211019,30.0444,22.47,56.14,4.01,0.0
20211020,30.0444,22.29,56.52,4.46,0.0
20211021,30.0444,21.46,57.08,3.69,0.0
20211022,30.0444,21.6,63.34,4.35,0.0
20211023,30.0444,21.83,60.29,4.66,0.0
20211024,30.0444,20.6,60.42,3.86,0.0
20211025,30.0444,21.25,60.43,3.43,0.0
20211026,30.0444,22.02,62.55,4.08,0.0
20211027,30.0444,24.58,54.35,5.45,0.0
20211028,30.0444,25.77,36.94,4.15,0.0
20211029,30.0444,23.83,58.52,2.98,0.0
20211030,30.0444,23.61,58.54,1.58,0.24
20211031,30.0444,25.35,45.61,3.21,0.32
20211101,30.0444,24.03,40.13,4.02,0.0
20211102,30.0444,22.13,59.69,2.49,0.0
20211103,30.0444,23.24,47.14,3.17,0.0
20211104,30.0444,22.15,68.74,5.47,0.0
20211105,30.0444,22.87,65.83,5.54,0.0
20211106,30.0444,22.87,63.63,4.0,0.0
20211107,30.0444,22.62,63.73,3.95,0.32
20211108,30.0444,22.77,56.49,3.6,0.42
20211109,30.0444,22.73,44.34,3.31,0.05
20211110,30.0444,21.53,62.18,3.04,0.2
20211111,30.0444,20.16,67.74,3.81,0.1
20211112,30.0444,20.41,56.98,3.76,0.0
20211113,30.0444,21.52,54.09,2.75,0.0
20211114,30.0444,21.77,61.76,2.11,0.0
20211115,30.0444,20.9,68.86,2.51,0.01
20211116,30.0444,19.9,76.86,2.37,0.01
20211117,30.0444,20.25,70.97,2.77,0.26
20211118,30.0444,19.33,72.01,3.6,0.12
20211119,30.0444,18.62,69.01,4.46,0.3
20211120,30.0444,16.1,76.6,4.65,6.96
20211121,30.0444,15.0,82.51,4.61,6.8
20211122,30.0444,16.9,77.9,2.99,2.33
20211123,30.0444,17.8,73.15,1.92,0.41
20211124,30.0444,17.39,72.54,2.69,1.84
20211125,30.0444,18.27,64.93,2.17,0.0
20211126,30.0444,18.26,58.7,2.54,0.01
20211127,30.0444,20.91,51.0,2.36,0.02
20211128,30.0444,21.54,39.9,2.44,0.0
20211129,30.0444,23.4,34.06,2.78,0.0
20211130,30.0444,20.21,48.86,4.74,0.0
20211201,30.0444,17.42,68.7,4.55,0.08
20211202,30.0444,15.39,67.7,2.84,0.0
20211203,30.0444,16.0,63.12,3.07,0.0
20211204,30.0444,16.05,56.66,3.2,0.0
20211205,30.0444,14.68,59.23,5.23,0.03
20211206,30.0444,16.17,67.63,1.19,0.0
20211207,30.0444,14.66,63.8,4.99,0.0
20211208,30.0444,12.8,53.66,7.57,0.01
20211209,30.0444,13.92,70.29,2.86,0.0
20211210,30.0444,16.13,54.35,2.82,0.0
20211211,30.0444,15.89,60.51,2.65,0.02
20211212,30.0444,15.73,79.65,1.61,0.04
20211213,30.0444,16.57,81.44,2.18,0.24
20211214,30.0444,14.4,71.13,3.57,0.01
20211215,30.0444,11.93,59.53,3.79,0.0
20211216,30.0444,12.02,70.58,3.44,0.02
20211217,30.0444,12.69,71.8,3.19,0.19
20211218,30.0444,11.06,61.63,5.18,0.0
20211219,30.0444,11.67,61.39,6.52,0.74
20211220,30.0444,9.78,73.23,6.75,2.43
20211221,30.0444,10.2,70.16,4.63,0.31
20211222,30.0444,11.12,79.08,3.05,0.32
20211223,30.0444,11.41,85.76,2.05,0.9
20211224,30.0444,11.58,73.73,4.05,0.19
20211225,30.0444,10.98,67.01,3.09,0.01
20211226,30.0444,11.04,74.44,4.1,0.01
20211227,30.0444,12.67,76.44,3.95,0.19
20211228,30.0444,13.33,75.51,3.33,0.27
20211229,30.0444,13.03,64.12,2.55,0.27
20211230,30.0444,13.41,61.12,6.04,0.41
20211231,30.0444,12.94,78.66,6.05,3.79
20220101,30.0444,12.2,76.69,2.36,0.51
20220102,30.0444,12.18,80.83,2.85,0.33
20220103,30.0444,12.91,79.94,2.92,0.4
20220104,30.0444,12.02,75.24,2.71,0.15
20220105,30.0444,12.67,62.56,1.45,0.0
20220106,30.0444,13.52,64.18,1.76,0.04
20220107,30.0444,12.99,62.75,1.76,2.3
20220108,30.0444,13.44,50.9,2.15,0.0
20220109,30.0444,11.02,57.85,6.21,0.0
20220110,30.0444,10.59,57.88,6.09,0.04
20220111,30.0444,11.45,45.08,6.22,0.0
20220112,30.0444,11.89,41.09,4.79,0.0
20220113,30.0444,12.09,66.25,4.41,0.44
20220114,30.0444,11.09,73.44,4.32,0.44
20220115,30.0444,9.82,68.17,4.66,0.03
20220116,30.0444,9.84,73.04,4.6,5.37
20220117,30.0444,9.88,71.53,4.3,5.84
20220118,30.0444,8.14,62.45,2.59,0.0
20220119,30.0444,8.49,64.86,5.4,7.16
20220120,30.0444,7.62,65.74,2.95,0.0
20220121,30.0444,8.15,62.79,2.8,0.0
20220122,30.0444,8.61,63.21,2.68,0.0
20220123,30.0444,9.29,74.17,4.72,0.7
20220124,30.0444,8.75,71.19,2.41,1.37
20220125,30.0444,7.71,62.53,3.78,0.0
20220126,30.0444,6.67,79.41,5.71,3.64
20220127,30.0444,7.09,80.65,4.62,2.25
20220128,30.0444,8.99,72.4,3.17,1.51
20220129,30.0444,9.3,74.16,2.83,0.06
20220130,30.0444,10.43,63.16,3.55,0.0
20220131,30.0444,10.01,75.24,5.2,0.8
20220201,30.0444,11.78,68.51,2.98,0.24
20220202,30.0444,11.76,51.76,3.94,0.0
20220203,30.0444,10.74,54.78,6.58,0.01
20220204,30.0444,9.8,74.44,6.54,0.93
20220205,30.0444,9.81,75.82,3.77,0.17
20220206,30.0444,11.57,68.41,2.41,0.01
20220207,30.0444,12.42,55.88,2.23,0.0
20220208,30.0444,13.55,47.68,2.65,0.0
20220209,30.0444,10.44,64.58,5.12,0.12
20220210,30.0444,9.88,71.66,4.72,0.0
20220211,30.0444,11.17,72.86,2.99,0.0
20220212,30.0444,12.27,72.38,4.48,0.0
20220213,30.0444,12.69,74.37,3.51,0.0
20220214,30.0444,11.99,73.5,3.84,0.0
20220215,30.0444,11.97,74.04,4.34,0.24
20220216,30.0444,11.97,69.79,3.77,0.0
20220217,30.0444,11.39,80.27,3.32,0.17
20220218,30.0444,12.63,78.6,3.59,2.82
20220219,30.0444,11.38,77.01,5.14,4.22
20220220,30.0444,12.61,68.86,1.89,0.0
20220221,30.0444,15.11,57.52,1.8,0.0
20220222,30.0444,16.82,44.71,2.06,0.0
20220223,30.0444,16.41,47.24,3.48,0.01
20220224,30.0444,11.5,71.97,5.31,1.83
20220225,30.0444,12.18,71.29,5.91,0.02
20220226,30.0444,12.24,68.08,3.09,0.0
20220227,30.0444,12.8,64.99,2.9,0.0
20220228,30.0444,13.88,63.77,3.57,0.0
20220301,30.0444,15.81,55.84,3.96,0.0
20220302,30.0444,18.38,53.62,4.66,0.0
20220303,30.0444,13.13,65.3,5.2,0.0
20220304,30.0444,12.87,63.97,2.39,0.0
20220305,30.0444,16.14,50.83,3.08,0.0
20220306,30.0444,19.74,42.51,6.63,0.0
20220307,30.0444,16.44,65.88,3.66,0.17
20220308,30.0444,16.55,59.85,2.67,0.59
20220309,30.0444,15.57,69.76,4.32,0.04
20220310,30.0444,12.81,62.99,5.84,0.01
20220311,30.0444,11.08,60.22,5.74,0.01
20220312,30.0444,9.54,62.01,4.48,0.12
20220313,30.0444,9.1,61.62,4.45,0.86
20220314,30.0444,8.9,58.62,5.14,0.0
20220315,30.0444,9.59,59.08,5.63,0.03
20220316,30.0444,10.43,56.07,3.41,0.0
20220317,30.0444,11.39,53.97,3.23,0.01
20220318,30.0444,13.12,69.8,3.58,0.37
20220319,30.0444,12.83,63.99,4.71,0.01
20220320,30.0444,11.77,52.77,6.19,24.88
20220321,30.0444,11.6,63.4,5.16,10.68
20220322,30.0444,10.58,66.89,3.43,0.94
20220323,30.0444,10.56,62.88,4.32,0.17
20220324,30.0444,10.22,68.87,5.13,0.64
20220325,30.0444,11.58,68.24,5.01,0.74
20220326,30.0444,13.51,62.37,3.59,0.0
20220327,30.0444,14.05,62.8,3.69,0.05
20220328,30.0444,14.33,64.08,5.67,0.0
20220329,30.0444,16.95,61.32,4.09,0.0
20220330,30.0444,17.28,54.67,2.98,0.0
20220331,30.0444,19.09,35.11,4.14,0.0
20220401,30.0444,20.65,41.8,2.22,0.0
20220402,30.0444,23.87,34.61,2.89,0.0
20220403,30.0444,20.45,51.59,5.23,0.0
20220404,30.0444,21.5,38.51,6.6,0.0
20220405,30.0444,26.88,25.71,3.0,0.0
20220406,30.0444,25.74,31.06,4.51,0.0
20220407,30.0444,25.69,37.0,3.71,0.0
20220408,30.0444,21.72,43.92,4.91,0.0
20220409,30.0444,19.28,57.79,4.44,0.0
20220410,30.0444,20.98,52.74,4.47,0.0
20220411,30.0444,19.05,56.14,5.37,0.0
20220412,30.0444,16.58,55.19,5.2,0.0
20220413,30.0444,17.14,56.27,4.8,0.0
20220414,30.0444,17.75,53.39,5.91,0.0
20220415,30.0444,19.13,50.27,5.13,0.0
20220416,30.0444,22.5,42.09,4.33,0.0
20220417,30.0444,28.91,23.24,5.49,0.0
20220418,30.0444,22.41,47.48,3.83,0.0
20220419,30.0444,20.46,50.34,4.7,0.0
20220420,30.0444,18.33,56.69,4.09,0.0
20220421,30.0444,18.88,55.75,5.21,0.0
20220422,30.0444,18.79,58.87,4.95,0.0
20220423,30.0444,20.44,54.0,4.17,0.0
20220424,30.0444,22.63,42.66,3.82,0.0
20220425,30.0444,24.15,56.08,3.64,0.0
20220426,30.0444,23.89,44.84,4.86,0.0
20220427,30.0444,23.01,39.4,4.59,0.0
20220428,30.0444,22.72,35.52,4.17,0.0
20220429,30.0444,27.22,21.28,3.38,0.0
20220430,30.0444,24.01,34.89,6.13,0.0
20220501,30.0444,22.95,47.14,3.81,0.0
20220502,30.0444,23.95,28.57,3.62,0.0
20220503,30.0444,24.9,37.97,6.18,0.0
20220504,30.0444,21.48,55.28,5.47,0.0
20220505,30.0444,19.63,56.28,5.37,0.0
20220506,30.0444,20.44,48.19,4.42,0.0
20220507,30.0444,21.28,40.02,2.45,0.0
20220508,30.0444,25.51,22.61,4.07,0.0
20220509,30.0444,26.32,25.55,5.97,0.0
20220510,30.0444,23.99,42.18,2.64,0.0
20220511,30.0444,22.96,43.98,3.82,0.0
20220512,30.0444,23.45,44.02,5.03,0.0
20220513,30.0444,25.0,39.07,6.01,0.0
20220514,30.0444,25.26,44.43,6.17,0.0
20220515,30.0444,23.5,48.51,5.91,0.0
20220516,30.0444,21.37,52.86,4.04,0.0
20220517,30.0444,24.51,43.46,4.18,0.0
20220518,30.0444,25.69,37.11,4.1,0.0
20220519,30.0444,27.23,30.7,4.06,0.0
20220520,30.0444,28.9,29.26,5.18,0.0
20220521,30.0444,24.56,50.07,5.85,0.0
20220522,30.0444,22.53,43.18,5.38,0.0
20220523,30.0444,24.73,33.5,4.51,0.0
20220524,30.0444,26.22,42.49,3.56,0.0
20220525,30.0444,26.66,39.71,3.94,0.0
20220526,30.0444,26.71,42.69,5.71,0.0
20220527,30.0444,28.12,42.62,4.81,0.0
20220528,30.0444,28.9,37.31,4.13,0.0
20220529,30.0444,29.83,26.24,3.39,0.0
20220530,30.0444,31.34,21.52,3.92,0.0
20220531,30.0444,28.96,35.72,4.96,0.0
20220601,30.0444,26.29,46.73,4.24,0.0
20220602,30.0444,26.61,49.54,3.95,0.0
20220603,30.0444,28.04,42.72,3.34,0.0
20220604,30.0444,29.6,36.49,3.44,0.0
20220605,30.0444,30.6,36.38,3.7,0.0
20220606,30.0444,29.09,41.33,3.71,0.0
20220607,30.0444,28.98,38.68,3.8,0.0
20220608,30.0444,30.38,37.38,2.98,0.0
20220609,30.0444,33.22,23.77,3.72,0.0
20220610,30.0444,32.89,28.97,4.06,0.0
20220611,30.0444,34.32,28.23,4.7,0.0
20220612,30.0444,29.08,37.14,4.76,0.0
20220613,30.0444,27.61,46.0,3.78,0.0
20220614,30.0444,29.2,41.06,3.92,0.0
20220615,30.0444,28.76,47.4,4.81,0.0
20220616,30.0444,29.12,49.17,5.71,0.0
20220617,30.0444,29.35,48.46,5.71,0.0
20220618,30.0444,28.69,46.31,5.25,0.0
20220619,30.0444,27.92,44.2,4.65,0.0
20220620,30.0444,27.57,48.32,4.83,0.0
20220621,30.0444,26.88,46.45,5.12,0.0
20220622,30.0444,27.76,47.27,5.64,0.0
20220623,30.0444,29.79,44.8,3.7,0.0
20220624,30.0444,31.52,39.29,4.45,0.0
20220625,30.0444,29.32,44.48,5.63,0.0
20220626,30.0444,29.13,43.59,4.4,0.0
20220627,30.0444,28.98,44.92,5.1,0.0
20220628,30.0444,28.29,46.11,3.56,0.0
20220629,30.0444,29.17,43.28,3.41,0.0
20220630,30.0444,28.98,44.79,3.69,0.0
20220701,30.0444,29.11,45.68,3.35,0.0
20220702,30.0444,29.83,40.91,3.12,0.0
20220703,30.0444,30.48,41.44,3.23,0.0
20220704,30.0444,31.02,38.75,3.44,0.0
20220705,30.0444,30.53,36.12,4.14,0.0
20220706,30.0444,29.53,38.21,3.85,0.0
20220707,30.0444,29.07,42.52,3.24,0.0
20220708,30.0444,28.97,47.86,3.96,0.0
20220709,30.0444,29.83,45.62,5.01,0.0
20220710,30.0444,29.38,48.07,4.69,0.0
20220711,30.0444,28.89,49.45,4.27,0.0
20220712,30.0444,29.75,48.86,5.0,0.0
20220713,30.0444,28.23,49.63,5.72,0.0
20220714,30.0444,27.26,48.19,5.57,0.0
20220715,30.0444,27.69,45.98,4.1,0.0
20220716,30.0444,27.81,42.7,4.02,0.0
20220717,30.0444,29.36,46.72,4.22,0.0
20220718,30.0444,30.97,43.02,3.71,0.0
20220719,30.0444,32.0,39.34,3.7,0.0
20220720,30.0444,31.79,43.61,4.28,0.01
20220721,30.0444,30.12,43.82,5.21,0.0
20220722,30.0444,29.96,43.96,3.72,0.18
20220723,30.0444,29.99,40.24,4.3,0.24
20220724,30.0444,30.82,45.32,4.98,1.32
20220725,30.0444,30.78,42.23,3.09,0.08
20220726,30.0444,30.85,34.19,3.28,0.03
20220727,30.0444,30.14,36.25,3.3,0.03
20220728,30.0444,31.06,30.47,3.55,0.0
20220729,30.0444,30.97,33.21,3.63,0.01
20220730,30.0444,30.21,38.75,3.98,0.0
20220731,30.0444,30.72,44.92,4.33,0.0
20220801,30.0444,30.93,48.52,4.53,0.18
20220802,30.0444,30.01,49.87,4.37,0.06
20220803,30.0444,29.69,46.99,4.82,0.02
20220804,30.0444,30.06,48.71,3.96,0.0
20220805,30.0444,30.28,46.93,3.74,0.0
20220806,30.0444,30.0,46.4,3.7,0.0
20220807,30.0444,29.72,39.8,3.21,0.0
20220808,30.0444,30.91,37.3,3.44,0.0
20220809,30.0444,31.05,39.64,3.81,0.0
20220810,30.0444,30.37,45.6,3.63,0.0
20220811,30.0444,30.13,44.5,3.55,0.0
20220812,30.0444,29.63,46.52,4.09,0.0
20220813,30.0444,29.16,48.57,4.69,0.0
20220814,30.0444,29.84,50.09,4.35,0.03
20220815,30.0444,29.46,51.2,3.86,0.0
20220816,30.0444,29.64,50.42,4.57,0.27
20220817,30.0444,29.03,48.4,4.36,0.15
20220818,30.0444,29.52,49.43,3.99,0.03
20220819,30.0444,29.88,44.6,3.3,0.0
20220820,30.0444,31.17,44.67,4.03,0.0
20220821,30.0444,31.08,37.7,3.38,0.0
20220822,30.0444,31.55,45.01,3.28,0.0
20220823,30.0444,32.51,36.51,3.64,0.0
20220824,30.0444,33.35,33.71,3.62,0.0
20220825,30.0444,31.06,50.85,5.35,0.0
20220826,30.0444,29.86,44.18,3.5,0.0
20220827,30.0444,30.15,41.52,4.93,0.0
20220828,30.0444,30.15,51.25,5.65,0.0
20220829,30.0444,30.08,53.23,5.22,0.13
20220830,30.0444,30.04,53.62,4.14,0.58
20220831,30.0444,29.58,53.09,4.54,0.29
20220901,30.0444,29.44,50.09,5.09,0.0
20220902,30.0444,29.5,50.61,4.47,0.0
20220903,30.0444,29.45,52.43,4.66,0.0
20220904,30.0444,29.11,51.93,5.07,0.0
20220905,30.0444,28.73,53.73,4.27,0.0
20220906,30.0444,28.26,54.55,4.7,0.0
20220907,30.0444,28.55,54.96,4.08,0.0
20220908,30.0444,29.25,52.8,3.95,0.0
20220909,30.0444,29.14,51.63,5.02,0.0
20220910,30.0444,28.5,47.03,4.83,0.0
20220911,30.0444,28.36,46.4,3.69,0.0
20220912,30.0444,29.26,51.38,3.52,0.0
20220913,30.0444,28.49,51.96,3.67,0.0
20220914,30.0444,27.31,46.33,3.73,0.0
20220915,30.0444,26.38,47.85,3.76,0.0
20220916,30.0444,26.32,42.13,2.52,0.0
20220917,30.0444,27.05,50.5,2.94,0.0
20220918,30.0444,27.53,47.35,2.96,0.04
20220919,30.0444,27.68,52.0,3.45,0.58
20220920,30.0444,26.9,55.81,3.16,3.32
20220921,30.0444,25.51,53.02,3.63,0.0
20220922,30.0444,28.25,41.61,3.87,0.0
20220923,30.0444,28.77,50.84,4.81,0.0
20220924,30.0444,28.54,47.41,5.88,0.0
20220925,30.0444,29.02,49.94,5.4,0.0
20220926,30.0444,29.68,45.98,4.31,0.0
20220927,30.0444,29.25,47.89,4.15,0.0
20220928,30.0444,28.8,43.93,3.97,0.0
20220929,30.0444,29.79,36.38,5.32,0.0
20220930,30.0444,30.2,46.09,6.13,0.0
20221001,30.0444,29.75,52.3,5.65,0.0
20221002,30.0444,28.7,53.28,3.66,0.0
20221003,30.0444,27.13,59.89,4.37,0.0
20221004,30.0444,25.4,52.66,3.28,0.0
20221005,30.0444,25.75,57.37,3.62,0.0
20221006,30.0444,25.11,52.58,4.45,0.0
20221007,30.0444,23.51,48.78,3.62,0.0
20221008,30.0444,23.36,48.62,3.63,0.0
20221009,30.0444,23.37,54.64,3.91,0.0
20221010,30.0444,23.56,61.34,4.04,0.0
20221011,30.0444,24.07,62.0,4.54,0.0
20221012,30.0444,23.76,62.11,4.18,0.0
20221013,30.0444,23.56,60.74,4.2,0.0
20221014,30.0444,22.82,57.7,3.22,0.0
20221015,30.0444,25.02,43.9,3.14,0.0
20221016,30.0444,24.67,44.13,4.35,0.01
20221017,30.0444,23.82,57.1,4.34,0.01
20221018,30.0444,22.85,59.01,3.26,0.0
20221019,30.0444,22.92,61.43,3.06,0.01
20221020,30.0444,23.57,60.24,3.02,0.06
20221021,30.0444,23.12,63.06,4.12,0.08
20221022,30.0444,23.15,59.53,3.43,0.31
20221023,30.0444,22.45,57.56,3.65,0.86
20221024,30.0444,21.79,59.38,3.54,0.09
20221025,30.0444,21.45,70.12,3.81,3.42
20221026,30.0444,22.57,64.59,3.83,0.51
20221027,30.0444,22.68,66.39,3.44,0.27
20221028,30.0444,22.87,59.09,4.01,0.01
20221029,30.0444,22.23,59.91,3.15,0.02
20221030,30.0444,21.7,59.84,3.62,0.04
20221031,30.0444,21.14,58.9,2.43,0.01
20221101,30.0444,20.43,57.38,2.66,0.19
20221102,30.0444,19.96,63.62,3.69,0.0
20221103,30.0444,20.45,63.84,3.04,0.0
20221104,30.0444,20.28,61.48,3.31,0.0
20221105,30.0444,19.57,56.11,2.65,0.0
20221106,30.0444,19.46,53.93,2.46,0.0
20221107,30.0444,19.78,44.28,4.0,0.0
20221108,30.0444,19.56,67.86,3.88,0.2
20221109,30.0444,19.09,64.54,3.33,0.03
20221110,30.0444,18.45,59.51,2.36,0.0
20221111,30.0444,19.4,64.42,4.39,0.01
20221112,30.0444,19.96,64.15,3.85,0.03
20221113,30.0444,20.8,67.83,4.62,0.18
20221114,30.0444,20.26,63.88,4.32,0.12
20221115,30.0444,18.28,60.41,3.0,0.0
20221116,30.0444,17.94,57.58,2.75,0.03
20221117,30.0444,18.39,61.8,2.64,0.0
20221118,30.0444,19.0,52.12,2.1,0.0
20221119,30.0444,18.78,63.01,3.91,0.0
20221120,30.0444,19.54,63.36,4.2,0.0
20221121,30.0444,19.54,49.32,3.31,0.0
20221122,30.0444,18.89,69.43,3.43,0.02
20221123,30.0444,17.97,67.97,2.72,0.01
20221124,30.0444,17.14,52.46,3.39,0.0
20221125,30.0444,17.42,51.73,5.21,0.0
20221126,30.0444,16.44,66.29,3.21,0.0
20221127,30.0444,15.46,67.12,1.97,0.0
20221128,30.0444,16.2,60.1,3.24,0.0
20221129,30.0444,16.33,51.79,2.6,0.0
20221130,30.0444,18.02,47.96,1.45,0.0
20221201,30.0444,17.22,40.35,2.21,0.0
20221202,30.0444,18.07,50.91,2.7,0.0
20221203,30.0444,18.75,69.89,4.49,0.03
20221204,30.0444,17.63,67.93,4.71,0.0
20221205,30.0444,16.81,67.16,4.45,0.03
20221206,30.0444,16.65,66.63,3.4,0.08
20221207,30.0444,15.91,65.48,1.65,0.0
20221208,30.0444,17.27,46.09,1.77,0.0
20221209,30.0444,18.51,35.92,2.13,0.0
20221210,30.0444,16.39,46.85,1.88,0.0
20221211,30.0444,16.72,45.4,2.77,0.0
20221212,30.0444,17.25,45.47,4.03,0.0
20221213,30.0444,17.12,72.38,2.55,0.0
20221214,30.0444,17.64,52.68,3.42,0.0
20221215,30.0444,17.73,50.6,1.9,0.0
20221216,30.0444,17.44,66.62,4.22,0.0
20221217,30.0444,18.06,72.89,4.42,0.24
20221218,30.0444,17.86,66.38,4.58,0.26
20221219,30.0444,17.02,71.77,4.14,0.26
20221220,30.0444,16.22,74.33,3.73,0.18
20221221,30.0444,15.39,70.41,3.84,0.27
20221222,30.0444,15.38,73.87,2.22,7.8
20221223,30.0444,14.65,80.23,3.44,7.8
20221224,30.0444,14.09,74.5,4.09,0.98
20221225,30.0444,14.47,75.3,3.51,5.91
20221226,30.0444,14.39,74.46,4.66,0.44
20221227,30.0444,13.45,69.21,3.59,0.0
20221228,30.0444,12.59,62.75,2.42,0.0
20221229,30.0444,13.11,63.69,2.49,0.0
20221230,30.0444,14.69,74.2,2.76,0.63
20221231,30.0444,13.78,73.86,4.15,0.01
20230101,30.0444,14.71,76.77,4.37,0.06
20230102,30.0444,14.61,77.2,2.93,0.18
20230103,30.0444,13.95,79.83,3.37,0.38
20230104,30.0444,14.35,78.11,3.71,0.39
20230105,30.0444,13.09,74.68,2.8,0.05
20230106,30.0444,13.45,64.4,3.12,0.0
20230107,30.0444,14.29,61.11,1.86,0.02
20230108,30.0444,13.47,69.9,3.0,0.7
20230109,30.0444,12.56,78.54,2.53,1.15
20230110,30.0444,14.28,63.7,1.23,0.01
20230111,30.0444,13.18,60.98,2.79,0.0
20230112,30.0444,11.78,62.6,3.96,0.34
20230113,30.0444,12.42,61.55,4.17,0.01
20230114,30.0444,13.17,64.06,4.28,0.31
20230115,30.0444,12.74,65.94,2.91,0.01
20230116,30.0444,11.2,63.41,3.75,0.36
20230117,30.0444,12.21,62.16,1.91,0.0
20230118,30.0444,12.78,60.77,3.56,0.0
20230119,30.0444,13.9,61.36,3.2,0.01
20230120,30.0444,13.48,50.74,3.37,0.0
20230121,30.0444,13.06,78.34,2.35,2.45
20230122,30.0444,13.02,78.84,3.52,9.47
20230123,30.0444,13.76,82.76,3.97,20.53
20230124,30.0444,14.2,81.6,4.62,34.09
20230125,30.0444,12.82,80.0,4.15,5.16
20230126,30.0444,12.71,74.67,3.52,3.02
20230127,30.0444,15.33,45.25,5.4,0.0
20230128,30.0444,14.76,51.99,3.84,0.0
20230129,30.0444,13.92,73.12,3.76,0.12
20230130,30.0444,12.87,71.84,3.14,0.03
20230131,30.0444,10.62,68.12,4.93,1.74
20230201,30.0444,10.3,71.94,6.37,3.23
20230202,30.0444,10.73,68.86,3.19,0.01
20230203,30.0444,11.64,71.04,2.32,0.01
20230204,30.0444,11.26,70.4,3.61,0.09
20230205,30.0444,11.25,59.9,5.32,0.0
20230206,30.0444,9.73,64.75,6.68,0.46
20230207,30.0444,8.32,71.99,4.63,0.16
20230208,30.0444,8.57,79.21,3.33,2.04
20230209,30.0444,9.23,64.07,1.99,0.0
20230210,30.0444,10.19,70.97,3.02,0.0
20230211,30.0444,10.28,79.15,4.33,3.33
20230212,30.0444,10.43,71.46,3.8,0.26
20230213,30.0444,9.82,73.27,3.36,0.26
20230214,30.0444,9.66,75.54,3.19,0.56
20230215,30.0444,10.08,73.88,3.11,0.06
20230216,30.0444,11.44,72.23,3.05,0.06
20230217,30.0444,11.59,74.25,3.93,0.02
20230218,30.0444,12.09,72.69,4.81,0.0
20230219,30.0444,12.32,73.87,4.69,0.01
20230220,30.0444,12.7,72.38,4.56,0.0
20230221,30.0444,13.42,68.31,3.06,0.0
20230222,30.0444,13.12,74.85,2.78,0.0
20230223,30.0444,13.85,67.66,2.5,0.0
20230224,30.0444,14.45,66.5,2.82,0.0
20230225,30.0444,15.9,62.09,1.58,0.0
20230226,30.0444,15.7,61.44,2.55,0.0
20230227,30.0444,15.95,70.99,4.37,0.0
20230228,30.0444,19.18,50.33,1.92,0.0
20230301,30.0444,21.64,31.14,1.94,0.0
20230302,30.0444,21.26,31.6,5.09,0.0
20230303,30.0444,18.09,61.16,3.05,0.0
20230304,30.0444,19.88,49.6,2.9,0.0
20230305,30.0444,21.14,39.81,6.24,0.0
20230306,30.0444,15.84,66.11,3.88,0.0
20230307,30.0444,15.02,65.4,3.47,0.0
20230308,30.0444,14.64,63.16,3.07,0.0
20230309,30.0444,17.32,45.38,3.57,0.0
20230310,30.0444,18.93,37.93,3.57,0.0
20230311,30.0444,18.65,58.23,2.33,0.0
20230312,30.0444,19.21,43.63,4.5,0.0
20230313,30.0444,18.46,54.68,5.28,0.11
20230314,30.0444,14.65,74.77,3.89,3.79
20230315,30.0444,14.51,59.68,3.37,0.06
20230316,30.0444,16.62,37.16,4.43,0.0
20230317,30.0444,16.7,47.19,4.3,0.01
20230318,30.0444,14.87,64.91,4.51,0.1
20230319,30.0444,14.09,67.76,5.05,0.18
20230320,30.0444,14.73,68.97,5.09,0.42
20230321,30.0444,16.28,63.17,2.54,0.03
20230322,30.0444,18.3,50.08,2.65,0.0
20230323,30.0444,21.07,39.97,2.12,0.03
20230324,30.0444,21.52,39.88,4.36,0.17
20230325,30.0444,18.3,71.95,6.08,0.96
20230326,30.0444,16.47,64.66,3.57,0.04
20230327,30.0444,18.32,56.19,3.47,0.0
20230328,30.0444,19.7,53.33,3.29,0.01
20230329,30.0444,16.68,60.73,5.33,0.02
20230330,30.0444,14.09,52.44,6.19,0.01
20230331,30.0444,14.26,56.7,4.25,0.05
20230401,30.0444,15.82,53.7,2.37,0.0
20230402,30.0444,18.6,39.24,2.9,0.0
20230403,30.0444,20.6,33.75,3.32,0.0
20230404,30.0444,21.31,27.98,5.57,0.0
20230405,30.0444,18.75,46.24,3.11,0.0
20230406,30.0444,18.67,50.35,2.87,0.0
20230407,30.0444,23.15,34.44,5.52,0.0
20230408,30.0444,23.91,49.16,2.4,0.0
20230409,30.0444,23.69,48.55,4.14,0.0
20230410,30.0444,22.05,56.05,5.73,0.0
20230411,30.0444,17.73,57.22,4.5,1.22
20230412,30.0444,14.59,66.16,5.76,1.88
20230413,30.0444,17.05,54.68,4.79,0.0
20230414,30.0444,20.0,49.79,2.26,0.0
20230415,30.0444,21.73,45.6,4.32,0.0
20230416,30.0444,21.2,44.73,2.98,0.0
20230417,30.0444,24.36,33.4,2.96,0.0
20230418,30.0444,27.04,25.27,3.42,0.0
20230419,30.0444,24.86,45.91,4.35,0.0
20230420,30.0444,20.4,52.89,4.79,0.0
20230421,30.0444,20.1,52.66,3.65,0.0
20230422,30.0444,21.81,47.22,4.74,0.0
20230423,30.0444,22.01,42.89,4.57,0.0
20230424,30.0444,22.62,43.38,4.87,0.0
20230425,30.0444,23.02,40.57,3.64,0.0
20230426,30.0444,24.3,34.14,3.53,0.0
20230427,30.0444,24.53,35.84,5.24,0.0
20230428,30.0444,20.37,54.03,5.03,0.0
20230429,30.0444,18.24,50.81,5.81,0.0
20230430,30.0444,18.54,48.41,3.8,0.0
20230501,30.0444,20.37,39.18,3.62,0.0
20230502,30.0444,22.05,44.55,4.76,0.24
20230503,30.0444,23.05,40.41,5.68,0.03
20230504,30.0444,26.12,37.22,4.62,0.15
20230505,30.0444,24.65,32.18,6.78,0.0
20230506,30.0444,22.82,50.01,5.32,0.0
20230507,30.0444,21.74,54.31,4.19,0.0
20230508,30.0444,21.61,52.69,3.66,0.0
20230509,30.0444,22.37,51.79,3.27,0.0
20230510,30.0444,24.09,45.54,3.59,0.0
20230511,30.0444,27.8,36.49,5.36,0.0
20230512,30.0444,24.63,49.53,6.13,0.05
20230513,30.0444,22.92,51.38,4.17,0.08
20230514,30.0444,23.38,47.59,4.41,0.07
20230515,30.0444,24.45,46.92,5.52,0.03
20230516,30.0444,26.92,43.39,2.98,0.01
20230517,30.0444,28.2,34.66,4.79,0.0
20230518,30.0444,23.11,50.69,5.09,0.0
20230519,30.0444,22.27,50.09,4.34,0.0
20230520,30.0444,23.8,47.55,3.41,0.0
20230521,30.0444,28.74,27.02,4.29,0.0
20230522,30.0444,25.93,37.06,6.24,0.0
20230523,30.0444,26.75,37.67,3.39,0.0
20230524,30.0444,26.76,39.16,4.03,0.0
20230525,30.0444,26.72,38.35,3.38,0.0
20230526,30.0444,27.04,38.5,4.47,0.0
20230527,30.0444,29.15,31.17,7.74,0.15
20230528,30.0444,26.87,42.78,6.37,0.0
20230529,30.0444,25.99,45.66,3.95,0.0
20230530,30.0444,27.66,41.72,3.97,0.0
20230531,30.0444,29.56,32.28,4.08,0.0
20230601,30.0444,31.35,31.39,6.89,0.38
20230602,30.0444,33.9,24.14,6.83,0.0
20230603,30.0444,28.56,42.68,4.27,0.0
20230604,30.0444,26.92,43.33,5.46,0.0
20230605,30.0444,26.21,39.49,5.15,0.0
20230606,30.0444,26.87,38.25,4.64,0.0
20230607,30.0444,29.98,36.42,4.06,0.01
20230608,30.0444,31.46,33.83,3.47,0.01
20230609,30.0444,31.49,31.55,6.5,0.0
20230610,30.0444,28.98,46.62,5.03,0.16
20230611,30.0444,28.96,33.66,3.72,0.0
20230612,30.0444,29.62,34.41,4.07,0.45
20230613,30.0444,31.59,37.18,4.14,0.03
20230614,30.0444,27.84,46.86,5.29,0.07
20230615,30.0444,28.31,44.38,4.3,0.0
20230616,30.0444,31.38,29.01,2.15,0.0
20230617,30.0444,30.02,39.41,4.75,0.0
20230618,30.0444,28.57,38.58,4.58,0.0
20230619,30.0444,26.74,46.03,4.62,0.0
20230620,30.0444,27.36,50.74,4.65,0.0
20230621,30.0444,28.37,49.04,5.0,0.0
20230622,30.0444,28.18,49.95,4.88,0.0
20230623,30.0444,29.92,43.71,4.3,0.0
20230624,30.0444,30.53,38.24,3.84,0.0
20230625,30.0444,29.34,34.72,4.83,0.0
20230626,30.0444,28.56,28.96,3.93,0.0
20230627,30.0444,29.48,41.05,4.41,0.0
20230628,30.0444,29.64,44.18,4.23,0.0
20230629,30.0444,29.47,43.33,4.75,0.0
20230630,30.0444,29.38,46.46,4.94,0.0
20230701,30.0444,29.33,45.83,6.06,0.0
20230702,30.0444,29.66,39.02,4.55,0.0
20230703,30.0444,31.39,32.22,4.03,0.0
20230704,30.0444,31.83,32.94,4.1,0.0
20230705,30.0444,29.06,47.52,4.4,0.0
20230706,30.0444,29.48,47.65,3.76,0.0
20230707,30.0444,30.43,44.12,4.76,0.0
20230708,30.0444,30.48,51.12,5.55,0.0
20230709,30.0444,29.39,52.37,6.37,0.0
20230710,30.0444,30.04,48.76,5.11,0.0
20230711,30.0444,30.42,46.7,5.4,0.0
20230712,30.0444,30.26,43.32,5.06,0.0
20230713,30.0444,30.57,37.2,4.18,0.0
20230714,30.0444,31.84,35.41,3.99,0.0
20230715,30.0444,31.9,34.0,3.33,0.0
20230716,30.0444,33.25,34.7,2.58,0.0
20230717,30.0444,33.51,34.94,3.37,0.0
20230718,30.0444,32.07,41.66,4.61,0.0
20230719,30.0444,31.27,42.99,3.63,0.0
20230720,30.0444,32.47,33.04,3.67,0.0
20230721,30.0444,31.99,30.82,4.0,0.0
20230722,30.0444,32.77,34.49,3.83,0.0
20230723,30.0444,33.87,39.68,4.3,0.0
20230724,30.0444,33.83,42.58,4.63,0.0
20230725,30.0444,32.68,42.64,4.01,0.0
20230726,30.0444,33.61,40.78,3.95,0.0
20230727,30.0444,34.96,29.77,3.78,0.0
20230728,30.0444,33.82,36.87,3.82,0.0
20230729,30.0444,30.65,41.69,5.25,0.0
20230730,30.0444,29.75,45.39,4.92,0.0
20230731,30.0444,30.41,46.62,3.56,0.0
20230801,30.0444,30.94,40.14,3.47,0.0
20230802,30.0444,31.95,34.52,3.65,0.0
20230803,30.0444,31.2,36.08,3.43,0.0
20230804,30.0444,31.43,35.23,4.04,0.0
20230805,30.0444,32.48,25.24,3.49,0.0
20230806,30.0444,35.05,22.56,3.25,0.0
20230807,30.0444,33.39,36.96,4.4,0.0
20230808,30.0444,30.71,46.26,4.45,0.0
20230809,30.0444,29.58,46.99,3.39,0.0
20230810,30.0444,30.09,48.32,4.46,0.0
20230811,30.0444,29.91,52.11,5.31,0.0
20230812,30.0444,29.92,50.7,5.83,0.0
20230813,30.0444,30.15,52.21,5.53,0.0
20230814,30.0444,30.05,51.1,5.17,0.0
20230815,30.0444,29.8,51.58,5.37,0.0
20230816,30.0444,29.71,53.53,5.59,0.0
20230817,30.0444,30.47,50.04,4.64,0.0
20230818,30.0444,30.68,46.52,3.26,0.0
20230819,30.0444,30.27,45.07,4.24,0.0
20230820,30.0444,29.8,47.86,4.3,0.0
20230821,30.0444,29.99,50.36,4.3,0.0
20230822,30.0444,30.2,48.4,4.06,0.0
20230823,30.0444,30.28,44.13,4.0,0.0
20230824,30.0444,30.28,51.55,4.48,0.0
20230825,30.0444,31.07,49.31,4.76,0.0
20230826,30.0444,31.7,47.37,5.06,0.0
20230827,30.0444,32.22,40.04,4.08,0.0
20230828,30.0444,30.87,42.27,3.96,0.0
20230829,30.0444,29.66,47.11,3.99,0.0
20230830,30.0444,30.83,44.94,3.43,0.0
20230831,30.0444,31.96,43.09,4.49,0.0
20230901,30.0444,30.02,49.77,5.12,0.0
20230902,30.0444,29.43,52.36,5.13,0.0
20230903,30.0444,28.91,52.06,4.56,0.0
20230904,30.0444,28.34,50.08,2.67,0.0
20230905,30.0444,30.44,38.63,2.64,0.0
20230906,30.0444,31.84,29.64,2.52,0.0
20230907,30.0444,34.25,23.51,2.68,0.0
20230908,30.0444,32.67,30.01,3.93,0.0
20230909,30.0444,31.68,36.77,3.37,0.0
20230910,30.0444,31.85,36.52,3.21,0.0
20230911,30.0444,31.78,34.46,5.21,0.0
20230912,30.0444,29.85,46.9,5.59,0.0
20230913,30.0444,28.97,50.24,5.23,0.0
20230914,30.0444,27.86,51.66,4.05,0.0
20230915,30.0444,28.17,48.7,4.13,0.0
20230916,30.0444,27.62,45.59,3.52,0.0
20230917,30.0444,29.01,48.5,3.75,0.0
20230918,30.0444,28.39,54.32,4.34,0.0
20230919,30.0444,27.76,54.54,3.68,0.0
20230920,30.0444,27.81,52.75,3.95,0.0
20230921,30.0444,28.66,54.12,3.97,0.0
20230922,30.0444,29.22,50.46,3.18,0.0
20230923,30.0444,28.54,50.38,3.57,0.0
20230924,30.0444,29.43,47.06,3.31,0.0
20230925,30.0444,29.03,44.39,2.81,0.0
20230926,30.0444,28.71,46.62,3.62,0.0
20230927,30.0444,29.32,37.64,3.97,0.0
20230928,30.0444,29.91,41.52,4.94,0.01
20230929,30.0444,29.91,48.63,4.57,0.02
20230930,30.0444,29.27,51.0,4.57,0.0
20231001,30.0444,26.59,53.25,4.11,0.0
20231002,30.0444,24.37,57.18,3.06,0.01
20231003,30.0444,25.42,52.05,3.38,0.0
20231004,30.0444,25.64,53.31,2.77,0.15
20231005,30.0444,27.29,54.79,4.42,0.0
20231006,30.0444,26.61,55.15,4.63,0.0
20231007,30.0444,25.66,53.66,3.9,0.0
20231008,30.0444,26.13,51.3,3.62,0.0
20231009,30.0444,26.46,56.57,4.49,0.0
20231010,30.0444,24.93,57.12,4.31,0.0
20231011,30.0444,24.74,56.2,4.09,0.0
20231012,30.0444,24.91,59.06,3.7,0.0
20231013,30.0444,25.34,61.98,4.02,0.03
20231014,30.0444,24.24,56.56,2.78,0.01
20231015,30.0444,24.0,52.05,3.27,0.0
20231016,30.0444,23.44,59.03,3.7,0.0
20231017,30.0444,23.66,58.61,3.07,0.0
20231018,30.0444,23.65,58.52,3.82,0.0
20231019,30.0444,24.12,54.84,3.24,0.0
20231020,30.0444,24.61,43.11,2.6,0.0
20231021,30.0444,23.89,55.0,3.66,0.0
20231022,30.0444,24.26,65.48,3.87,0.0
20231023,30.0444,24.86,64.28,4.1,0.0
20231024,30.0444,24.91,64.27,4.87,0.0
20231025,30.0444,25.61,60.02,4.47,0.0
20231026,30.0444,26.93,49.26,3.35,0.0
20231027,30.0444,25.8,56.58,2.62,0.0
20231028,30.0444,25.63,64.5,2.27,8.9
20231029,30.0444,25.28,71.83,3.2,11.9
20231030,30.0444,25.02,71.69,2.68,20.43
20231031,30.0444,24.02,74.02,3.11,11.63
20231101,30.0444,23.71,72.76,3.09,2.21
20231102,30.0444,22.83,69.82,3.24,2.1
20231103,30.0444,22.86,63.09,3.17,0.0
20231104,30.0444,23.23,52.77,2.99,0.0
20231105,30.0444,22.74,60.15,3.15,0.0
20231106,30.0444,22.6,59.33,2.67,0.0
20231107,30.0444,21.92,66.32,3.54,0.0
20231108,30.0444,21.69,75.13,3.51,0.0
20231109,30.0444,21.63,74.49,3.84,0.0
20231110,30.0444,21.35,73.46,4.25,0.0
20231111,30.0444,21.5,76.6,3.04,0.1
20231112,30.0444,23.0,70.73,2.1,0.33
20231113,30.0444,23.15,71.26,2.78,0.07
20231114,30.0444,20.88,71.42,4.83,0.05
20231115,30.0444,20.63,66.72,3.61,0.04
20231116,30.0444,20.03,72.08,2.1,0.02
20231117,30.0444,21.04,74.93,2.09,0.05
20231118,30.0444,20.35,67.48,3.24,0.0
20231119,30.0444,18.29,61.22,6.86,0.32
20231120,30.0444,16.95,62.39,3.97,0.04
20231121,30.0444,17.55,64.86,2.04,0.0
20231122,30.0444,16.53,70.08,3.03,0.17
20231123,30.0444,17.61,51.22,2.48,0.0
20231124,30.0444,17.48,49.44,2.9,0.0
20231125,30.0444,18.18,41.09,5.92,0.0
20231126,30.0444,16.29,53.65,6.05,0.0
20231127,30.0444,15.67,60.26,4.48,0.0
20231128,30.0444,15.09,59.84,2.66,0.0
20231129,30.0444,15.83,64.96,3.25,0.0
20231130,30.0444,16.93,75.14,3.06,0.01
20231201,30.0444,18.25,77.25,4.33,0.02
20231202,30.0444,17.62,78.32,5.5,0.0
20231203,30.0444,18.77,70.99,3.58,0.0
20231204,30.0444,18.48,63.84,2.29,0.0
20231205,30.0444,17.75,75.0,1.98,0.0
20231206,30.0444,16.18,68.44,2.92,0.0
20231207,30.0444,15.54,56.74,1.99,0.0
20231208,30.0444,14.77,60.54,2.95,0.0
20231209,30.0444,14.58,61.76,3.65,0.0
20231210,30.0444,15.84,54.68,2.57,0.0
20231211,30.0444,15.92,46.06,2.97,0.0
20231212,30.0444,14.16,66.78,3.12,0.74
20231213,30.0444,15.65,84.6,3.39,14.47
20231214,30.0444,17.1,74.31,1.11,1.6
20231215,30.0444,17.97,63.28,1.56,0.0
20231216,30.0444,17.22,59.23,3.2,0.0
20231217,30.0444,16.89,76.97,3.96,0.0
20231218,30.0444,17.93,77.0,4.84,0.0
20231219,30.0444,16.04,77.94,4.59,0.0
20231220,30.0444,14.51,83.22,2.49,0.0
20231221,30.0444,13.73,77.23,5.43,0.0
20231222,30.0444,13.45,63.26,5.98,0.0
20231223,30.0444,14.79,71.8,5.71,0.02
20231224,30.0444,16.3,70.47,3.34,0.17
20231225,30.0444,16.17,77.86,2.4,0.12
20231226,30.0444,15.73,81.04,4.14,0.02
20231227,30.0444,15.97,79.66,4.42,1.04
20231228,30.0444,16.3,83.54,4.72,5.97
20231229,30.0444,16.42,81.05,4.47,0.79
20231230,30.0444,16.1,78.26,3.42,0.5
20231231,30.0444,15.29,81.21,3.14,0.61
20240101,30.0444,14.91,77.14,2.45,0.01
20240102,30.0444,15.59,76.89,3.38,0.0
20240103,30.0444,14.39,76.49,2.52,0.0
20240104,30.0444,14.18,74.78,2.44,0.0
20240105,30.0444,13.86,67.17,1.96,0.0
20240106,30.0444,15.4,72.87,2.55,0.01
20240107,30.0444,14.6,62.53,4.07,0.0
20240108,30.0444,13.45,47.37,3.05,0.0
20240109,30.0444,10.95,49.07,3.4,0.0
20240110,30.0444,11.74,58.25,4.12,0.01
20240111,30.0444,13.03,73.91,3.45,0.29
20240112,30.0444,12.28,61.59,3.68,0.02
20240113,30.0444,12.1,57.33,5.34,0.02
20240114,30.0444,12.28,74.04,2.71,0.25
20240115,30.0444,11.71,69.75,2.26,0.01
20240116,30.0444,11.99,52.93,2.4,0.0
20240117,30.0444,13.8,44.82,2.09,0.0
20240118,30.0444,14.62,45.04,1.18,0.0
20240119,30.0444,15.49,47.82,1.58,0.0
20240120,30.0444,16.45,49.71,1.9,0.0
20240121,30.0444,16.35,38.44,4.18,0.0
20240122,30.0444,14.28,59.9,4.54,0.05
20240123,30.0444,14.53,68.44,4.23,0.08
20240124,30.0444,12.49,66.65,3.45,0.2
20240125,30.0444,11.91,77.73,3.27,0.52
20240126,30.0444,13.11,72.21,5.07,0.76
20240127,30.0444,13.18,68.3,4.09,0.4
20240128,30.0444,12.19,69.61,2.26,0.46
20240129,30.0444,11.17,74.54,4.01,0.71
20240130,30.0444,9.4,66.9,4.94,0.03
20240131,30.0444,8.49,71.86,3.92,42.54
20240201,30.0444,8.91,78.52,4.05,1.96
20240202,30.0444,10.76,84.27,3.57,31.46
20240203,30.0444,9.73,67.28,3.17,0.0
20240204,30.0444,10.23,69.73,2.58,0.25
20240205,30.0444,11.23,80.63,2.89,0.02
20240206,30.0444,12.53,76.55,2.6,0.02
20240207,30.0444,13.46,75.36,1.96,0.06
20240208,30.0444,13.08,70.5,2.83,0.01
20240209,30.0444,13.34,70.58,2.41,0.0
20240210,30.0444,13.56,72.78,2.29,0.0
20240211,30.0444,13.97,70.31,3.35,0.03
20240212,30.0444,14.13,54.01,4.21,0.0
20240213,30.0444,14.8,55.71,5.11,0.01
20240214,30.0444,12.68,73.46,3.44,0.04
20240215,30.0444,12.21,72.67,4.17,1.06
20240216,30.0444,12.35,72.53,5.07,0.27
20240217,30.0444,12.33,71.89,4.1,0.08
20240218,30.0444,13.42,74.31,2.66,0.03
20240219,30.0444,12.78,73.29,3.73,0.03
20240220,30.0444,12.98,69.89,2.27,0.0
20240221,30.0444,13.63,69.41,3.49,0.01
20240222,30.0444,13.38,71.3,3.96,0.02
20240223,30.0444,13.22,80.54,3.8,0.1
20240224,30.0444,15.37,70.59,3.46,0.16
20240225,30.0444,14.86,67.46,2.89,0.04
20240226,30.0444,15.96,57.43,3.6,0.0
20240227,30.0444,14.49,73.68,3.87,0.0
20240228,30.0444,15.25,69.24,3.87,0.0
20240229,30.0444,17.37,57.5,3.57,0.0
20240301,30.0444,20.73,37.51,3.18,0.0
20240302,30.0444,16.1,59.3,4.38,0.0
20240303,30.0444,14.82,72.25,3.45,0.0
20240304,30.0444,14.9,66.86,2.48,0.0
20240305,30.0444,17.41,55.36,2.36,0.0
20240306,30.0444,15.62,67.01,3.83,0.0
20240307,30.0444,15.14,69.86,2.91,0.0
20240308,30.0444,15.03,65.83,3.13,0.0
20240309,30.0444,14.94,64.87,3.0,0.0
20240310,30.0444,14.99,65.04,4.42,0.0
20240311,30.0444,14.9,64.05,4.26,0.0
20240312,30.0444,17.2,55.74,2.81,0.0
20240313,30.0444,16.93,59.42,2.79,0.0
20240314,30.0444,15.97,63.41,3.19,0.0
20240315,30.0444,15.47,62.59,2.93,0.0
20240316,30.0444,15.85,64.22,3.45,0.0
20240317,30.0444,17.25,64.86,5.0,0.0
20240318,30.0444,14.67,71.21,4.59,1.25
20240319,30.0444,14.74,64.99,4.88,0.07
20240320,30.0444,16.98,52.28,3.62,0.0
20240321,30.0444,17.32,49.49,4.88,0.05
20240322,30.0444,14.22,59.42,3.92,0.0
20240323,30.0444,14.78,56.8,2.83,0.0
20240324,30.0444,12.81,73.8,3.69,4.02
20240325,30.0444,14.32,55.41,2.68,0.0
20240326,30.0444,18.49,37.84,2.86,0.0
20240327,30.0444,22.76,30.19,2.52,0.0
20240328,30.0444,21.3,36.91,3.32,0.02
20240329,30.0444,20.15,65.5,4.01,0.53
20240330,30.0444,20.48,61.87,4.07,0.38
20240331,30.0444,23.09,57.21,5.24,0.05
20240401,30.0444,23.84,52.08,5.2,0.0
20240402,30.0444,22.82,51.7,4.78,0.0
20240403,30.0444,22.2,50.72,3.4,0.0
20240404,30.0444,22.63,41.53,3.47,0.0
20240405,30.0444,20.62,53.39,3.82,0.0
20240406,30.0444,18.76,58.48,4.37,0.0
20240407,30.0444,18.49,59.7,4.66,0.06
20240408,30.0444,18.24,63.25,3.64,0.3
20240409,30.0444,17.99,61.08,4.44,0.08
20240410,30.0444,18.76,58.76,2.9,0.0
20240411,30.0444,20.5,52.45,2.61,0.0
20240412,30.0444,20.64,53.35,3.27,0.01
20240413,30.0444,21.1,58.91,4.13,0.19
20240414,30.0444,21.31,60.4,4.62,0.36
20240415,30.0444,21.88,55.26,4.89,0.22
20240416,30.0444,22.26,51.87,3.84,0.0
20240417,30.0444,26.22,34.2,4.82,0.0
20240418,30.0444,23.59,47.46,3.61,0.0
20240419,30.0444,21.82,53.67,3.07,0.0
20240420,30.0444,23.13,50.22,4.39,0.0
20240421,30.0444,21.49,48.44,3.52,0.0
20240422,30.0444,23.21,40.35,5.06,0.0
20240423,30.0444,27.56,25.94,5.26,0.0
20240424,30.0444,30.84,21.1,3.13,0.0
20240425,30.0444,26.74,32.47,3.87,0.0
20240426,30.0444,23.36,49.07,5.96,0.0
20240427,30.0444,22.46,49.89,4.96,0.0
20240428,30.0444,22.62,50.68,4.75,0.0
20240429,30.0444,21.91,52.73,4.65,0.0
20240430,30.0444,21.97,55.24,4.88,0.0
20240501,30.0444,23.74,53.67,4.7,0.0
20240502,30.0444,23.3,50.3,4.05,0.0
20240503,30.0444,24.42,42.02,4.58,0.0
20240504,30.0444,23.28,53.56,4.32,0.0
20240505,30.0444,21.57,52.35,4.99,0.0
20240506,30.0444,20.95,54.32,4.53,0.0
20240507,30.0444,21.14,45.83,3.22,0.0
20240508,30.0444,22.35,38.58,3.86,0.0
20240509,30.0444,26.75,31.88,2.21,0.0
20240510,30.0444,28.19,18.26,4.87,0.0
20240511,30.0444,24.41,44.12,4.35,0.0
20240512,30.0444,22.91,54.18,4.89,0.0
20240513,30.0444,21.43,53.18,4.97,0.0
20240514,30.0444,22.06,47.15,4.75,0.0
20240515,30.0444,22.86,45.02,4.83,0.0
20240516,30.0444,24.86,39.08,4.94,0.0
20240517,30.0444,27.85,27.57,5.03,0.0
20240518,30.0444,31.17,21.76,4.03,0.0
20240519,30.0444,30.74,22.91,4.07,0.0
20240520,30.0444,32.68,22.22,4.66,0.0
20240521,30.0444,30.81,27.64,3.74,0.0
20240522,30.0444,31.13,26.56,3.99,0.0
20240523,30.0444,31.1,26.68,4.39,0.0
20240524,30.0444,25.73,43.1,5.05,0.0
20240525,30.0444,25.38,44.29,4.83,1.16
20240526,30.0444,28.81,28.45,2.35,0.0
20240527,30.0444,28.22,35.06,5.81,0.0
20240528,30.0444,25.66,45.18,4.24,0.0
20240529,30.0444,24.96,45.83,3.9,0.0
20240530,30.0444,25.16,41.78,3.91,0.0
20240531,30.0444,27.75,34.88,4.79,0.0
20240601,30.0444,30.5,23.79,4.25,0.0
20240602,30.0444,29.89,26.67,5.45,0.0
20240603,30.0444,28.92,35.92,4.75,0.0
20240604,30.0444,30.07,37.23,4.35,0.0
20240605,30.0444,31.25,35.84,4.15,0.0
20240606,30.0444,32.85,34.77,4.76,0.0
20240607,30.0444,33.93,33.73,3.25,0.0
20240608,30.0444,31.16,41.33,5.06,0.0
20240609,30.0444,28.86,44.24,4.87,0.0
20240610,30.0444,29.84,45.31,3.67,0.0
20240611,30.0444,30.23,36.17,3.92,0.0
20240612,30.0444,30.81,33.5,4.61,0.0
20240613,30.0444,32.61,34.58,5.6,0.0
20240614,30.0444,34.73,29.38,4.67,0.0
20240615,30.0444,34.82,35.0,4.78,0.0
20240616,30.0444,31.85,37.92,4.68,0.0
20240617,30.0444,29.77,41.82,4.07,0.0
20240618,30.0444,29.98,45.17,4.53,0.0
20240619,30.0444,30.07,42.26,4.25,0.0
20240620,30.0444,30.53,38.9,3.65,0.02
20240621,30.0444,31.65,36.69,3.89,0.01
20240622,30.0444,31.75,33.64,4.44,0.0
20240623,30.0444,32.16,35.76,4.17,0.0
20240624,30.0444,32.31,31.67,3.59,0.0
20240625,30.0444,31.91,32.54,4.24,0.0
20240626,30.0444,30.47,44.43,4.4,0.0
20240627,30.0444,31.53,43.59,4.07,0.0
20240628,30.0444,31.09,43.38,4.52,0.0
20240629,30.0444,29.95,49.22,4.85,0.0
20240630,30.0444,30.03,45.89,4.23,0.0
20240701,30.0444,30.86,45.76,4.77,0.0
20240702,30.0444,29.94,43.01,3.44,0.0
20240703,30.0444,31.16,26.52,2.12,0.0
20240704,30.0444,33.35,28.08,3.31,0.0
20240705,30.0444,31.48,40.78,5.11,0.0
20240706,30.0444,29.89,46.85,5.02,0.0
20240707,30.0444,30.53,47.32,4.87,0.0
20240708,30.0444,31.26,47.1,3.94,0.0
20240709,30.0444,32.45,43.48,3.62,0.0
20240710,30.0444,33.3,37.48,3.07,0.0
20240711,30.0444,34.1,39.05,3.51,0.0
20240712,30.0444,34.97,33.19,3.96,0.0
20240713,30.0444,32.63,35.44,4.5,0.0
20240714,30.0444,31.04,40.54,4.75,0.0
20240715,30.0444,31.13,46.36,4.3,0.0
20240716,30.0444,30.85,42.0,3.45,0.0
20240717,30.0444,31.3,42.67,3.43,0.0
20240718,30.0444,31.03,40.49,3.41,0.0
20240719,30.0444,31.56,41.64,3.5,0.0
20240720,30.0444,33.0,36.25,3.55,0.0
20240721,30.0444,33.57,39.23,3.54,0.0
20240722,30.0444,33.16,40.48,3.65,0.0
20240723,30.0444,32.41,37.22,4.19,0.0
20240724,30.0444,31.59,43.97,3.97,0.0
20240725,30.0444,33.82,34.1,3.79,0.0
20240726,30.0444,31.39,45.84,5.18,0.0
20240727,30.0444,30.53,45.99,4.15,0.0
20240728,30.0444,31.76,43.57,3.4,0.0
20240729,30.0444,31.54,40.82,3.91,0.0
20240730,30.0444,31.08,43.91,3.7,0.0
20240731,30.0444,31.83,41.94,3.06,0.0
20240801,30.0444,31.41,44.47,3.92,0.0
20240802,30.0444,31.21,42.7,3.61,0.0
20240803,30.0444,31.29,41.6,3.77,0.0
20240804,30.0444,31.0,39.69,3.7,0.01
20240805,30.0444,30.45,36.23,3.07,0.0
20240806,30.0444,30.76,40.1,3.4,0.0
20240807,30.0444,31.26,45.28,3.8,1.77
20240808,30.0444,31.44,39.49,3.4,0.0
20240809,30.0444,31.53,39.17,3.42,0.0
20240810,30.0444,31.08,39.28,4.11,0.0
20240811,30.0444,30.76,46.93,4.7,0.0
20240812,30.0444,30.54,44.74,3.6,0.0
20240813,30.0444,30.82,42.49,3.55,0.0
20240814,30.0444,30.6,44.91,4.39,0.0
20240815,30.0444,30.82,46.59,4.29,0.0
20240816,30.0444,30.44,52.24,4.73,0.0
20240817,30.0444,31.58,49.38,4.58,0.0
20240818,30.0444,30.8,50.09,3.3,0.0
20240819,30.0444,31.01,41.5,2.84,0.0
20240820,30.0444,30.97,38.91,3.64,0.0
20240821,30.0444,31.05,38.27,4.21,0.0
20240822,30.0444,31.27,49.73,4.23,0.0
20240823,30.0444,31.26,47.46,3.78,0.0
20240824,30.0444,30.71,49.65,4.0,0.0
20240825,30.0444,31.3,46.57,3.38,0.0
20240826,30.0444,32.17,39.37,3.35,0.0
20240827,30.0444,31.64,42.09,3.83,0.0
20240828,30.0444,31.11,41.54,4.14,0.0
20240829,30.0444,30.65,44.86,4.34,0.0
20240830,30.0444,29.95,42.62,4.24,0.0
20240831,30.0444,30.07,41.8,3.89,0.0
20240901,30.0444,29.99,49.09,3.67,0.0
20240902,30.0444,31.18,46.1,3.78,0.0
20240903,30.0444,30.85,45.61,4.17,0.0
20240904,30.0444,29.32,50.63,4.18,0.0
20240905,30.0444,29.2,51.25,4.06,0.0
20240906,30.0444,29.56,51.3,3.85,0.0
20240907,30.0444,30.15,47.98,3.24,0.0
20240908,30.0444,30.4,48.05,3.68,0.0
20240909,30.0444,29.51,49.16,3.25,0.0
20240910,30.0444,30.22,41.5,2.62,0.0
20240911,30.0444,32.35,33.96,2.41,0.0
20240912,30.0444,33.0,37.62,4.16,0.0
20240913,30.0444,29.93,50.23,5.19,0.0
20240914,30.0444,28.28,53.77,4.77,0.0
20240915,30.0444,28.87,59.28,4.65,0.0
20240916,30.0444,28.58,51.22,4.13,0.0
20240917,30.0444,28.48,45.58,3.51,0.0
20240918,30.0444,27.62,44.22,3.96,0.0
20240919,30.0444,29.88,36.9,3.28,0.0
20240920,30.0444,32.23,34.89,5.32,0.0
20240921,30.0444,27.92,51.62,4.11,0.0
20240922,30.0444,26.98,51.59,4.08,0.0
20240923,30.0444,26.34,50.04,3.99,0.0
20240924,30.0444,26.06,48.85,4.24,0.0
20240925,30.0444,26.24,57.05,5.1,0.0
20240926,30.0444,26.46,55.28,4.39,0.0
20240927,30.0444,26.6,53.29,3.51,0.0
20240928,30.0444,26.8,51.1,3.47,0.0
20240929,30.0444,26.24,54.17,4.01,0.0
20240930,30.0444,26.16,59.95,3.68,0.0
20241001,30.0444,25.69,54.94,4.0,0.0
20241002,30.0444,24.6,51.65,3.28,0.0
20241003,30.0444,24.52,51.68,3.56,0.0
20241004,30.0444,24.09,53.87,3.72,0.0
20241005,30.0444,24.23,57.19,3.78,0.0
20241006,30.0444,23.93,58.43,3.63,0.0
20241007,30.0444,25.11,56.95,3.76,0.0
20241008,30.0444,26.6,49.62,3.13,0.0
20241009,30.0444,27.18,47.79,3.78,0.0
20241010,30.0444,25.77,59.28,3.7,0.0
20241011,30.0444,25.69,55.08,2.92,0.0
20241012,30.0444,26.6,47.76,3.36,0.0
20241013,30.0444,26.61,56.27,3.41,0.0
20241014,30.0444,26.27,59.86,3.46,0.0
20241015,30.0444,25.07,54.94,3.3,0.0
20241016,30.0444,24.45,56.92,3.25,0.0
20241017,30.0444,24.62,60.28,3.44,0.0
20241018,30.0444,24.35,56.42,3.83,0.0
20241019,30.0444,23.27,52.76,3.47,0.0
20241020,30.0444,22.98,54.63,5.9,0.0
20241021,30.0444,23.25,51.85,6.37,0.0
20241022,30.0444,22.1,49.48,6.64,0.0
20241023,30.0444,21.43,45.49,7.27,0.0
20241024,30.0444,21.07,40.46,6.72,0.0
20241025,30.0444,20.75,41.57,5.63,0.0
20241026,30.0444,21.46,54.27,5.02,0.0
20241027,30.0444,22.44,54.11,5.38,0.0
20241028,30.0444,22.17,58.56,4.96,0.0
20241029,30.0444,21.07,60.55,4.33,0.0
20241030,30.0444,19.82,59.08,2.99,0.0
20241031,30.0444,19.37,60.82,3.09,0.0
20241101,30.0444,20.19,60.12,2.8,0.0
20241102,30.0444,20.17,59.23,2.96,0.01
20241103,30.0444,20.78,49.61,2.66,0.0
20241104,30.0444,21.06,53.45,3.35,0.0
20241105,30.0444,19.57,60.03,2.94,0.0
20241106,30.0444,20.62,65.0,4.01,0.0
20241107,30.0444,22.18,66.45,5.53,0.04
20241108,30.0444,21.47,66.9,4.56,0.12
20241109,30.0444,20.48,60.19,3.2,0.14
20241110,30.0444,18.57,61.37,4.24,0.01
20241111,30.0444,17.95,57.32,2.8,0.0
20241112,30.0444,18.95,70.7,3.86,0.0
20241113,30.0444,19.93,68.54,5.17,0.0
20241114,30.0444,19.34,70.16,4.51,0.0
20241115,30.0444,20.12,64.55,4.83,0.0
20241116,30.0444,19.07,59.67,2.63,0.0
20241117,30.0444,18.48,45.84,3.53,0.0
20241118,30.0444,17.99,66.59,3.51,0.23
20241119,30.0444,18.15,66.09,3.3,0.19
20241120,30.0444,18.67,55.85,2.66,0.03
20241121,30.0444,18.74,54.2,1.78,0.0
20241122,30.0444,20.13,40.81,2.27,0.0
20241123,30.0444,19.04,62.7,3.2,0.09
20241124,30.0444,16.81,62.6,5.58,0.49
20241125,30.0444,15.55,49.18,4.95,0.05
20241126,30.0444,14.44,53.11,3.91,0.15
20241127,30.0444,15.07,54.27,2.18,0.08
20241128,30.0444,15.64,64.64,2.59,0.0
20241129,30.0444,15.75,69.33,2.9,0.0
20241130,30.0444,15.65,71.2,4.09,0.1
20241201,30.0444,15.42,72.3,4.6,0.13
20241202,30.0444,15.41,71.78,3.88,0.02
20241203,30.0444,15.35,67.04,2.62,0.0
20241204,30.0444,14.98,62.58,3.27,0.0
20241205,30.0444,15.8,67.52,2.33,0.0
20241206,30.0444,16.51,67.5,2.38,0.0
20241207,30.0444,17.25,52.38,1.73,0.0
20241208,30.0444,16.27,40.13,2.37,0.0
20241209,30.0444,16.27,36.48,2.25,0.0
20241210,30.0444,15.47,67.36,3.8,0.0
20241211,30.0444,15.45,79.62,3.43,0.0
20241212,30.0444,16.23,81.78,4.36,0.03
20241213,30.0444,15.19,70.0,4.76,0.01
20241214,30.0444,15.0,60.43,4.64,0.0
20241215,30.0444,13.66,58.16,3.96,0.0
20241216,30.0444,13.63,65.62,3.35,0.0
20241217,30.0444,14.35,74.78,3.56,0.04
20241218,30.0444,14.47,74.97,3.74,0.03
20241219,30.0444,14.81,71.77,4.0,0.15
20241220,30.0444,14.26,75.71,4.13,0.1
20241221,30.0444,14.38,68.39,2.77,0.0
20241222,30.0444,14.5,48.5,1.88,0.0
20241223,30.0444,13.61,63.22,4.2,0.0
20241224,30.0444,12.13,61.8,4.05,0.0
20241225,30.0444,12.78,42.07,6.13,0.0
20241226,30.0444,9.92,45.48,4.12,0.0
20241227,30.0444,10.05,53.02,5.7,0.0
20241228,30.0444,11.4,66.89,4.97,0.0
20241229,30.0444,12.28,66.57,4.35,0.01
20241230,30.0444,12.29,68.77,3.75,0.13
20241231,30.0444,12.22,72.24,3.99,0.13
20250101,30.0444,12.9,71.96,3.36,0.01
20250102,30.0444,12.6,71.2,4.26,0.03
20250103,30.0444,13.11,64.17,4.2,0.02
20250104,30.0444,14.43,39.19,2.98,0.0
20250105,30.0444,14.36,48.95,4.44,0.01
20250106,30.0444,15.63,76.64,4.64,0.1
20250107,30.0444,14.82,70.21,3.37,0.06
20250108,30.0444,14.27,52.82,2.68,0.0
20250109,30.0444,14.94,48.58,2.49,0.0
20250110,30.0444,13.7,63.7,3.32,0.03
20250111,30.0444,13.96,73.38,3.36,0.01
20250112,30.0444,15.06,59.55,1.5,0.0
20250113,30.0444,15.69,49.32,1.82,0.0
20250114,30.0444,15.88,39.45,1.58,0.0
20250115,30.0444,14.95,44.26,2.56,0.0
20250116,30.0444,15.77,70.53,5.07,0.0
20250117,30.0444,15.77,75.5,5.15,0.0
20250118,30.0444,15.02,66.05,5.0,0.0
20250119,30.0444,13.52,70.04,3.41,0.0
20250120,30.0444,14.37,63.08,2.86,0.0
20250121,30.0444,16.06,46.19,3.14,0.03
20250122,30.0444,15.89,62.23,2.88,0.02
20250123,30.0444,14.48,70.79,3.17,0.0
20250124,30.0444,14.38,68.57,2.37,0.0
20250125,30.0444,14.69,59.33,2.65,0.0
20250126,30.0444,15.01,56.22,2.61,0.0
20250127,30.0444,14.43,67.99,3.12,0.03
20250128,30.0444,14.89,68.95,4.38,0.08
20250129,30.0444,14.47,64.91,4.16,0.0
20250130,30.0444,14.99,67.2,3.22,0.03
20250131,30.0444,14.1,67.78,3.67,0.0
20250201,30.0444,13.49,71.87,3.67,0.0
20250202,30.0444,13.94,64.57,3.92,0.0
20250203,30.0444,15.59,52.55,2.92,0.0
20250204,30.0444,14.26,71.21,3.07,0.0
20250205,30.0444,14.29,68.74,5.3,0.1
20250206,30.0444,13.15,48.54,6.73,0.02
20250207,30.0444,12.76,56.44,3.81,0.09
20250208,30.0444,11.55,56.57,2.9,0.06
20250209,30.0444,11.13,62.0,3.25,0.13
20250210,30.0444,11.98,64.66,3.62,0.02
20250211,30.0444,11.83,62.04,4.14,0.0
20250212,30.0444,11.61,62.55,4.46,0.0
20250213,30.0444,11.25,60.56,4.36,0.0
20250214,30.0444,11.91,58.33,4.34,0.0
20250215,30.0444,12.87,61.34,3.54,0.01
20250216,30.0444,13.6,60.4,2.55,0.0
20250217,30.0444,14.76,41.47,3.37,0.0
20250218,30.0444,14.49,38.66,3.33,0.0
20250219,30.0444,15.02,65.39,3.36,0.0
20250220,30.0444,12.9,72.92,4.07,0.37
20250221,30.0444,11.96,54.55,3.82,0.01
20250222,30.0444,11.33,53.19,4.76,0.01
20250223,30.0444,10.28,55.33,5.14,0.0
20250224,30.0444,9.27,63.63,4.11,0.17
20250225,30.0444,9.57,56.97,4.29,0.0
20250226,30.0444,11.61,57.2,4.28,0.0
20250227,30.0444,12.64,59.8,4.47,0.0
20250228,30.0444,13.12,61.12,3.29,0.0
20250301,30.0444,13.84,61.75,3.07,0.0
20250302,30.0444,14.54,63.08,3.91,1.0
20250303,30.0444,14.46,62.11,3.02,0.75
20250304,30.0444,14.23,68.74,3.5,2.09
20250305,30.0444,13.99,72.25,3.14,13.86
20250306,30.0444,14.34,76.0,2.56,14.4
20250307,30.0444,15.05,68.47,2.97,0.01
20250308,30.0444,15.7,62.24,2.44,0.01
20250309,30.0444,16.67,53.23,2.64,0.0
20250310,30.0444,17.53,49.4,3.63,0.0
20250311,30.0444,17.31,52.1,3.84,0.0
20250312,30.0444,18.33,58.35,3.49,0.0
20250313,30.0444,21.78,42.86,2.26,0.0
20250314,30.0444,23.69,34.39,2.92,0.0
20250315,30.0444,21.09,47.05,4.69,0.0
20250316,30.0444,22.97,53.2,4.13,0.0
20250317,30.0444,24.55,36.45,2.74,0.0
20250318,30.0444,20.86,56.47,4.1,0.04
20250319,30.0444,17.33,62.82,5.07,0.02
20250320,30.0444,14.24,49.24,7.13,0.01
20250321,30.0444,13.78,51.82,4.75,0.09
20250322,30.0444,13.93,55.43,3.82,0.01
20250323,30.0444,14.96,53.87,4.48,0.0
20250324,30.0444,16.88,54.09,6.08,0.0
20250325,30.0444,20.22,51.7,5.94,0.0
20250326,30.0444,22.57,45.17,4.57,0.0
20250327,30.0444,26.39,28.02,3.47,0.0
20250328,30.0444,23.12,37.43,5.25,0.0
20250329,30.0444,18.14,56.28,3.48,0.0
20250330,30.0444,20.09,41.63,2.36,0.0
20250331,30.0444,22.59,24.93,4.58,0.0
20250401,30.0444,21.63,32.35,4.23,0.0
20250402,30.0444,19.68,37.86,3.74,0.0
20250403,30.0444,19.72,49.02,3.65,0.0
20250404,30.0444,18.37,54.44,3.18,0.0
20250405,30.0444,20.59,46.05,2.65,0.0
20250406,30.0444,22.38,35.02,4.89,0.0
20250407,30.0444,22.21,45.3,2.26,0.01
20250408,30.0444,26.23,24.5,6.2,0.0
20250409,30.0444,20.84,59.24,5.58,0.18
20250410,30.0444,16.9,52.95,5.6,0.38
20250411,30.0444,15.29,57.22,4.58,0.02
20250412,30.0444,16.99,53.56,3.03,0.0
20250413,30.0444,16.38,56.15,4.55,0.41
20250414,30.0444,18.13,48.56,4.44,0.01
20250415,30.0444,18.43,49.48,3.12,0.0
20250416,30.0444,18.6,42.36,5.7,0.0
20250417,30.0444,20.89,47.93,5.87,0.0
20250418,30.0444,22.18,48.09,5.58,0.0
20250419,30.0444,22.72,42.21,4.22,0.0
20250420,30.0444,23.45,40.5,4.43,0.0
20250421,30.0444,27.21,30.58,2.6,0.0
20250422,30.0444,30.76,15.88,3.81,0.0
20250423,30.0444,26.84,33.77,4.87,0.0
20250424,30.0444,20.41,57.81,3.52,0.0
20250425,30.0444,21.47,50.03,3.56,0.0
20250426,30.0444,21.87,47.24,3.68,0.0
20250427,30.0444,22.29,46.27,4.23,0.0
20250428,30.0444,21.63,47.06,4.31,0.0
20250429,30.0444,23.14,44.62,4.09,0.0
20250430,30.0444,23.2,41.49,6.97,0.0
20250501,30.0444,20.88,47.08,3.72,0.0
20250502,30.0444,21.0,44.81,4.15,0.0
20250503,30.0444,20.28,56.12,3.89,0.01
20250504,30.0444,20.1,55.37,3.67,0.01
20250505,30.0444,21.98,42.67,2.71,0.0
20250506,30.0444,25.5,22.62,2.84,0.0
20250507,30.0444,26.63,26.64,4.84,0.0
20250508,30.0444,26.38,31.32,5.34,0.0
20250509,30.0444,28.16,33.7,5.23,0.0
20250510,30.0444,28.88,23.52,4.33,0.0
20250511,30.0444,31.67,19.43,4.44,0.0
20250512,30.0444,25.62,42.48,4.6,0.0
20250513,30.0444,28.29,32.49,6.43,0.0
20250514,30.0444,24.23,49.13,4.54,0.0
20250515,30.0444,23.65,44.09,2.84,0.0
20250516,30.0444,29.17,28.24,4.28,0.0
20250517,30.0444,32.46,22.36,5.44,0.0
20250518,30.0444,26.93,46.2,6.66,0.0
20250519,30.0444,24.35,46.8,6.54,0.0
20250520,30.0444,22.93,44.64,5.84,0.0
20250521,30.0444,23.47,44.3,5.26,0.66
20250522,30.0444,24.22,47.4,4.31,6.19
20250523,30.0444,26.18,37.99,4.12,0.0
20250524,30.0444,28.7,26.71,4.14,0.0
20250525,30.0444,30.33,23.88,3.95,0.0
20250526,30.0444,29.23,31.05,6.08,0.0
20250527,30.0444,24.1,50.08,5.75,1.18
20250528,30.0444,23.84,44.3,4.28,0.0
20250529,30.0444,25.42,33.57,3.33,0.0
20250530,30.0444,26.44,35.54,2.5,0.0
20250531,30.0444,26.08,38.42,4.82,0.0
20250601,30.0444,25.73,45.71,4.58,0.0
20250602,30.0444,24.85,46.42,4.73,0.0
20250603,30.0444,25.08,47.25,4.6,0.0
20250604,30.0444,26.62,43.36,4.96,0.0
20250605,30.0444,27.24,41.47,4.96,0.0
20250606,30.0444,28.19,37.59,4.48,0.0
20250607,30.0444,28.35,35.57,4.69,0.0
20250608,30.0444,27.89,43.02,4.52,0.0
20250609,30.0444,28.56,45.77,3.61,0.0
20250610,30.0444,29.4,37.56,4.38,0.0
20250611,30.0444,29.06,39.19,3.67,0.0
20250612,30.0444,29.42,42.0,4.04,0.0
20250613,30.0444,29.56,43.45,4.96,0.0
20250614,30.0444,28.65,43.58,5.43,0.0
20250615,30.0444,27.19,47.99,5.26,0.0
20250616,30.0444,26.46,49.97,5.29,0.0
20250617,30.0444,27.88,47.16,4.35,0.0
20250618,30.0444,28.57,42.1,4.71,0.0
20250619,30.0444,28.28,38.27,3.93,0.0
20250620,30.0444,28.67,41.88,4.39,0.0
20250621,30.0444,28.91,42.89,4.52,0.0
20250622,30.0444,28.27,46.61,5.8,0.0
20250623,30.0444,27.55,43.76,5.14,0.0
20250624,30.0444,28.37,46.58,4.05,0.0
20250625,30.0444,28.64,39.96,4.48,0.42
20250626,30.0444,28.09,38.94,3.49,0.78
20250627,30.0444,29.1,36.67,3.24,0.74
20250628,30.0444,29.55,42.22,3.15,1.99
20250629,30.0444,29.53,48.23,4.31,0.82
20250630,30.0444,29.92,45.16,4.09,0.0
20250701,30.0444,31.27,43.68,4.45,0.09
20250702,30.0444,30.01,47.14,4.07,0.61
20250703,30.0444,30.81,44.22,3.09,0.66
20250704,30.0444,30.51,44.73,4.42,0.48
20250705,30.0444,29.81,36.06,4.61,0.0
20250706,30.0444,29.76,36.07,4.9,0.0
20250707,30.0444,30.07,36.06,4.3,0.0
20250708,30.0444,29.75,37.86,3.86,0.0
20250709,30.0444,29.31,41.28,3.44,0.0
20250710,30.0444,30.62,39.63,3.27,0.0
20250711,30.0444,30.24,43.52,3.31,0.0
20250712,30.0444,30.06,47.07,4.0,0.0
20250713,30.0444,29.38,43.86,4.91,0.0
20250714,30.0444,28.64,48.85,4.1,0.0
20250715,30.0444,29.19,42.42,2.97,0.0
20250716,30.0444,31.36,31.11,2.9,0.0
20250717,30.0444,32.55,29.41,3.05,0.0
20250718,30.0444,32.4,34.96,4.13,0.0
20250719,30.0444,30.66,38.19,4.22,0.0
20250720,30.0444,30.01,43.94,4.04,0.0
20250721,30.0444,30.74,46.65,3.97,0.0
20250722,30.0444,32.28,37.36,2.09,0.0
20250723,30.0444,33.45,37.55,3.32,0.0
20250724,30.0444,33.08,28.06,3.07,0.0
20250725,30.0444,33.12,31.62,3.76,0.0
20250726,30.0444,33.2,42.15,3.16,0.0
20250727,30.0444,33.87,33.31,3.9,0.0
20250728,30.0444,32.88,34.17,3.97,0.0
20250729,30.0444,31.41,47.79,4.56,0.0
20250730,30.0444,30.0,45.85,3.96,0.0
20250731,30.0444,29.49,50.55,4.63,0.0
20250801,30.0444,29.31,51.7,4.87,0.0
20250802,30.0444,29.7,52.34,3.68,0.0
20250803,30.0444,30.26,42.32,3.53,0.0
20250804,30.0444,30.02,45.44,3.42,0.0
20250805,30.0444,29.66,45.22,3.67,0.0
20250806,30.0444,29.63,46.04,4.73,0.0
20250807,30.0444,28.73,50.54,4.97,0.0
20250808,30.0444,29.91,49.28,3.87,0.0
20250809,30.0444,31.41,41.87,3.02,0.0
20250810,30.0444,33.12,38.34,2.63,0.0
20250811,30.0444,33.57,37.4,2.67,0.0
20250812,30.0444,34.12,40.56,5.07,0.0
20250813,30.0444,34.41,40.7,4.96,0.0
20250814,30.0444,33.69,37.01,5.26,0.0
20250815,30.0444,32.52,44.55,6.0,0.0
20250816,30.0444,30.23,50.36,5.34,0.0
20250817,30.0444,29.48,48.16,5.16,0.0
20250818,30.0444,30.7,42.68,4.69,0.0
20250819,30.0444,33.45,29.57,3.48,0.0
20250820,30.0444,30.87,47.31,5.24,0.0
20250821,30.0444,30.53,47.48,4.04,0.0
20250822,30.0444,30.73,45.22,3.81,0.0
20250823,30.0444,31.08,42.98,3.9,0.0
20250824,30.0444,30.59,47.26,4.82,0.0
20250825,30.0444,29.3,51.49,4.38,0.0
20250826,30.0444,28.56,47.46,4.18,0.0
20250827,30.0444,27.93,47.11,4.23,0.0
20250828,30.0444,28.32,45.3,3.45,0.0
20250829,30.0444,29.35,41.62,3.32,0.0
20250830,30.0444,29.33,43.31,3.42,0.0
20250831,30.0444,29.35,41.62,4.27,0.0
20250901,30.0444,30.67,31.81,4.02,0.0
20250902,30.0444,29.23,53.27,4.78,0.0
20250903,30.0444,28.18,51.38,3.88,0.38
20250904,30.0444,29.12,48.43,3.53,0.0
20250905,30.0444,29.72,49.54,3.52,1.66
20250906,30.0444,29.13,53.42,3.47,1.61
20250907,30.0444,28.28,53.72,3.55,1.06
20250908,30.0444,27.9,54.61,4.2,0.0
20250909,30.0444,26.99,52.84,3.81,0.0
20250910,30.0444,27.12,53.82,3.83,0.0
20250911,30.0444,27.67,51.94,3.95,0.0
20250912,30.0444,27.83,51.01,3.51,0.0
20250913,30.0444,28.1,48.27,2.87,0.0
20250914,30.0444,28.7,51.77,4.5,0.0
20250915,30.0444,27.55,57.17,4.34,0.0
20250916,30.0444,26.62,58.82,3.82,0.0
20250917,30.0444,27.41,52.83,3.14,0.0
20250918,30.0444,27.73,55.42,3.99,0.01
20250919,30.0444,27.17,54.71,4.49,0.0
20250920,30.0444,27.01,52.54,4.72,0.01
20250921,30.0444,26.3,46.52,4.63,0.0
20250922,30.0444,25.85,51.31,3.41,0.0
20250923,30.0444,26.52,54.08,3.39,0.0
20250924,30.0444,25.62,54.53,4.56,0.0
20250925,30.0444,24.92,53.03,3.69,0.0
20250926,30.0444,26.14,55.2,3.29,0.0
20250927,30.0444,26.27,54.32,3.37,0.0
20250928,30.0444,26.43,55.05,3.77,0.0
20250929,30.0444,26.39,51.69,3.99,0.0
20250930,30.0444,26.97,49.68,4.19,0.0
20251001,30.0444,25.5,51.98,4.34,0.0
20251002,30.0444,27.66,37.92,2.4,0.0
20251003,30.0444,26.72,41.05,3.74,0.0
20251004,30.0444,25.96,49.4,2.68,0.0
20251005,30.0444,24.93,54.23,4.96,0.0
20251006,30.0444,23.42,53.16,3.54,0.0
20251007,30.0444,24.39,45.5,3.12,0.0
20251008,30.0444,25.23,49.4,3.85,0.01
20251009,30.0444,23.28,49.99,3.82,0.0
20251010,30.0444,22.99,55.2,4.49,0.0
20251011,30.0444,22.78,57.49,4.58,0.0
20251012,30.0444,22.74,56.6,4.89,0.0
20251013,30.0444,22.65,54.15,3.46,0.0
20251014,30.0444,22.95,58.69,4.07,0.0
20251015,30.0444,22.83,56.74,4.17,0.0
20251016,30.0444,22.77,57.05,3.45,0.0
20251017,30.0444,22.53,56.36,4.58,0.0
20251018,30.0444,22.05,57.52,4.57,0.0
20251019,30.0444,22.67,58.84,4.44,0.0
20251020,30.0444,24.03,56.57,4.79,0.0
20251021,30.0444,24.68,56.61,6.14,0.0
20251022,30.0444,25.34,54.39,4.76,0.0
20251023,30.0444,25.16,55.24,3.22,0.0
20251024,30.0444,24.98,54.01,2.42,0.0
20251025,30.0444,25.24,46.48,2.98,0.0
20251026,30.0444,24.14,62.13,3.06,0.0
20251027,30.0444,23.9,62.22,2.9,0.0
20251028,30.0444,23.16,61.37,3.19,0.0
20251029,30.0444,22.51,65.8,4.23,0.0
20251030,30.0444,22.68,69.14,4.81,0.0
20251031,30.0444,23.67,63.53,5.69,0.0
20251101,30.0444,23.73,62.44,5.16,0.0
20251102,30.0444,24.31,59.47,3.61,0.15
20251103,30.0444,24.96,50.31,6.32,0.01
20251104,30.0444,25.61,44.48,3.36,0.0
20251105,30.0444,24.66,63.83,2.87,0.0
20251106,30.0444,22.3,60.85,3.16,0.0
20251107,30.0444,21.93,50.04,2.2,0.0
20251108,30.0444,22.03,62.6,3.74,0.0
20251109,30.0444,23.27,64.04,5.19,0.0
20251110,30.0444,23.59,67.59,3.11,0.0
20251111,30.0444,21.23,61.01,3.82,0.0
20251112,30.0444,19.56,64.97,2.91,0.01
20251113,30.0444,19.45,65.85,3.37,0.31
20251114,30.0444,18.36,67.52,4.82,0.49
20251115,30.0444,18.3,66.71,4.08,0.0
20251116,30.0444,19.04,67.69,2.6,0.12
20251117,30.0444,18.92,59.26,2.76,0.0
20251118,30.0444,18.45,65.8,3.05,0.0
20251119,30.0444,20.62,61.95,2.47,0.0
20251120,30.0444,22.02,37.7,2.32,0.0
20251121,30.0444,24.09,27.75,1.44,0.0
20251122,30.0444,24.78,28.42,2.05,0.0
20251123,30.0444,24.8,26.91,2.26,0.0
20251124,30.0444,20.66,72.05,4.4,0.0
20251125,30.0444,18.42,57.81,3.58,0.0
20251126,30.0444,17.2,61.01,3.25,0.0
20251127,30.0444,17.86,56.66,2.4,0.0
20251128,30.0444,18.1,41.7,1.81,0.0
20251129,30.0444,18.36,41.7,2.33,0.0
20251130,30.0444,15.63,47.48,3.6,0.55
20251201,30.0444,16.6,70.74,2.84,2.02
20251202,30.0444,16.95,69.88,3.55,0.21
20251203,30.0444,17.85,65.68,3.52,0.0
20251204,30.0444,18.83,60.32,2.84,0.0
20251205,30.0444,18.58,44.62,4.39,0.0
20251206,30.0444,15.56,44.96,4.09,0.0
20251207,30.0444,13.28,48.34,4.81,0.0
20251208,30.0444,13.69,63.68,5.54,0.08
20251209,30.0444,13.93,73.12,4.32,0.36
20251210,30.0444,15.58,70.02,4.15,0.43
20251211,30.0444,15.28,67.38,3.68,0.12
20251212,30.0444,15.76,63.57,3.06,0.03
20251213,30.0444,15.87,68.37,2.61,0.02
20251214,30.0444,17.01,68.51,2.67,0.1
20251215,30.0444,15.42,76.02,4.38,0.33
20251216,30.0444,15.78,64.79,4.26,0.07
20251217,30.0444,14.68,65.37,4.6,0.0
20251218,30.0444,13.44,57.35,3.16,0.0
20251219,30.0444,13.87,64.31,3.17,0.0
20251220,30.0444,15.53,55.96,2.44,0.0
20251221,30.0444,14.96,40.5,4.53,0.0
20251222,30.0444,13.19,41.34,4.64,0.0
20251223,30.0444,12.37,53.29,3.08,0.0
20251224,30.0444,14.42,61.17,2.08,0.0
20251225,30.0444,14.99,71.77,3.53,0.0
20251226,30.0444,14.38,73.35,3.53,0.0
20251227,30.0444,13.67,73.26,3.71,0.11
20251228,30.0444,12.96,74.78,4.0,0.72
20251229,30.0444,13.75,73.13,4.13,0.06
20251230,30.0444,14.61,66.58,2.35,0.0
20251231,30.0444,13.63,46.42,5.48,0.0
20210101,31.2001,16.61,71.51,3.37,0.0
20210102,31.2001,17.1,76.06,3.67,0.0
20210103,31.2001,17.25,81.02,3.59,0.0
20210104,31.2001,17.25,80.47,2.58,0.0
20210105,31.2001,17.84,83.66,2.46,0.0
20210106,31.2001,17.36,85.1,2.78,0.0
20210107,31.2001,17.9,83.07,2.93,0.0
20210108,31.2001,17.56,80.69,2.4,0.0
20210109,31.2001,17.27,82.51,2.9,0.0
20210110,31.2001,18.05,75.31,2.84,0.0
20210111,31.2001,18.17,71.94,3.9,0.12
20210112,31.2001,17.63,61.98,4.11,0.07
20210113,31.2001,16.75,59.87,7.04,0.06
20210114,31.2001,15.33,69.71,7.45,3.71
20210115,31.2001,14.15,65.74,4.51,0.14
20210116,31.2001,14.4,66.56,6.65,0.23
20210117,31.2001,14.19,69.59,8.29,2.71
20210118,31.2001,13.89,61.9,6.52,0.14
20210119,31.2001,12.8,75.72,6.24,5.91
20210120,31.2001,13.0,61.97,6.97,0.74
20210121,31.2001,12.66,66.25,3.73,0.0
20210122,31.2001,13.4,70.25,4.14,0.0
20210123,31.2001,13.9,69.19,3.54,0.0
20210124,31.2001,14.4,66.9,2.52,0.0
20210125,31.2001,14.7,61.01,1.67,0.0
20210126,31.2001,14.48,63.29,3.1,0.0
20210127,31.2001,15.26,57.94,6.26,0.11
20210128,31.2001,13.35,62.86,5.97,0.64
20210129,31.2001,13.42,63.58,6.42,0.68
20210130,31.2001,13.87,65.18,7.19,0.0
20210131,31.2001,15.8,59.07,4.95,0.0
20210201,31.2001,17.17,48.49,3.25,0.0
20210202,31.2001,17.02,59.18,2.76,0.09
20210203,31.2001,16.75,56.93,3.14,0.11
20210204,31.2001,17.11,79.28,6.1,1.85
20210205,31.2001,16.36,77.38,5.31,0.0
20210206,31.2001,16.39,76.89,2.77,0.0
20210207,31.2001,16.37,71.77,1.56,0.0
20210208,31.2001,15.92,56.98,3.84,0.0
20210209,31.2001,16.82,59.09,3.75,0.0
20210210,31.2001,16.04,69.36,3.22,0.0
20210211,31.2001,15.87,69.29,2.85,0.0
20210212,31.2001,15.39,75.4,3.11,0.0
20210213,31.2001,15.31,67.91,2.68,0.0
20210214,31.2001,14.63,66.58,2.25,0.0
20210215,31.2001,15.6,63.25,3.11,0.12
20210216,31.2001,11.7,74.45,8.06,17.67
20210217,31.2001,10.66,61.82,10.82,7.11
20210218,31.2001,12.55,64.37,5.59,0.82
20210219,31.2001,12.82,77.74,4.31,11.81
20210220,31.2001,13.4,66.38,3.97,0.07
20210221,31.2001,14.36,63.89,2.37,0.53
20210222,31.2001,12.94,71.54,3.06,0.93
20210223,31.2001,13.92,78.14,6.14,3.75
20210224,31.2001,15.06,73.35,5.71,0.01
20210225,31.2001,15.53,78.27,4.49,0.01
20210226,31.2001,14.85,72.65,2.59,0.0
20210227,31.2001,15.12,76.83,4.34,0.0
20210228,31.2001,14.95,77.62,4.4,0.0
20210301,31.2001,15.54,67.16,5.09,0.0
20210302,31.2001,14.39,65.22,5.76,0.08
20210303,31.2001,13.66,64.56,6.52,2.98
20210304,31.2001,14.86,68.8,5.29,0.44
20210305,31.2001,14.62,71.68,3.21,0.01
20210306,31.2001,14.17,72.13,3.06,0.27
20210307,31.2001,14.82,72.17,3.56,0.15
20210308,31.2001,15.73,70.74,2.6,1.14
20210309,31.2001,17.3,60.36,4.56,1.62
20210310,31.2001,19.04,52.86,6.13,2.13
20210311,31.2001,17.33,78.57,6.2,3.84
20210312,31.2001,15.3,60.06,7.45,0.01
20210313,31.2001,14.41,67.35,3.63,0.0
20210314,31.2001,15.81,71.0,3.26,0.0
20210315,31.2001,16.07,76.81,3.28,0.0
20210316,31.2001,15.79,71.12,4.08,0.01
20210317,31.2001,15.19,68.39,5.27,1.16
20210318,31.2001,15.4,68.86,3.96,3.12
20210319,31.2001,15.98,64.39,2.68,111.64
20210320,31.2001,18.63,62.67,4.08,0.01
20210321,31.2001,19.41,74.06,3.82,24.24
20210322,31.2001,21.34,62.9,4.11,0.0
20210323,31.2001,18.52,67.43,7.3,0.0
20210324,31.2001,14.37,69.08,7.88,1.25
20210325,31.2001,13.59,73.43,4.94,2.35
20210326,31.2001,12.74,66.77,5.53,0.57
20210327,31.2001,13.46,60.67,5.24,2.8
20210328,31.2001,14.74,64.92,4.49,7.28
20210329,31.2001,14.61,66.96,4.71,2.39
20210330,31.2001,15.32,71.22,4.92,6.68
20210331,31.2001,13.92,70.71,4.68,15.91
20210401,31.2001,13.9,70.51,6.13,0.74
20210402,31.2001,14.59,72.17,5.45,0.0
20210403,31.2001,15.3,65.88,2.88,0.0
20210404,31.2001,17.77,58.4,3.29,0.0
20210405,31.2001,18.91,55.45,3.72,0.0
20210406,31.2001,20.99,58.8,2.92,0.0
20210407,31.2001,18.25,73.04,4.4,0.0
20210408,31.2001,16.65,75.23,4.22,0.0
20210409,31.2001,15.52,72.13,6.29,0.0
20210410,31.2001,14.1,51.59,9.16,0.0
20210411,31.2001,14.25,61.09,6.16,0.0
20210412,31.2001,14.65,65.08,4.45,0.0
20210413,31.2001,15.28,69.26,3.05,0.0
20210414,31.2001,16.69,66.22,3.38,0.0
20210415,31.2001,19.21,61.17,3.71,0.0
20210416,31.2001,22.4,51.13,4.18,0.01
20210417,31.2001,23.71,45.88,4.59,0.0
20210418,31.2001,26.26,43.46,3.79,0.0
20210419,31.2001,22.95,57.02,4.92,0.25
20210420,31.2001,19.11,69.01,5.96,0.11
20210421,31.2001,17.41,70.1,5.03,0.0
20210422,31.2001,17.52,68.18,4.93,0.0
20210423,31.2001,18.19,65.95,4.17,0.0
20210424,31.2001,20.12,61.43,2.93,0.0
20210425,31.2001,21.27,58.8,6.23,0.0
20210426,31.2001,18.69,72.73,6.49,0.0
20210427,31.2001,18.45,64.69,3.46,0.0
20210428,31.2001,21.0,60.81,3.64,0.0
20210429,31.2001,23.42,57.85,4.61,0.0
20210430,31.2001,24.4,55.28,3.97,0.0
20210501,31.2001,24.85,47.53,3.04,0.0
20210502,31.2001,24.87,47.56,3.1,0.0
20210503,31.2001,26.17,50.03,2.78,0.0
20210504,31.2001,27.61,44.0,3.58,0.0
20210505,31.2001,25.94,60.06,3.61,0.0
20210506,31.2001,25.44,54.93,2.29,0.0
20210507,31.2001,25.81,53.73,2.98,0.0
20210508,31.2001,29.8,36.76,3.84,0.0
20210509,31.2001,25.02,58.04,4.72,0.0
20210510,31.2001,22.73,68.71,5.13,0.0
20210511,31.2001,21.79,63.16,4.41,0.0
20210512,31.2001,21.31,61.41,3.34,0.0
20210513,31.2001,22.29,54.67,2.43,0.0
20210514,31.2001,23.17,52.16,3.37,0.0
20210515,31.2001,24.28,52.57,3.46,0.0
20210516,31.2001,24.21,53.83,4.68,0.0
20210517,31.2001,22.29,63.16,4.92,0.0
20210518,31.2001,23.28,61.22,3.38,0.0
20210519,31.2001,24.63,58.54,3.38,0.0
20210520,31.2001,24.43,58.12,3.46,0.0
20210521,31.2001,23.26,63.19,4.85,0.0
20210522,31.2001,21.3,60.65,6.42,0.0
20210523,31.2001,21.93,63.35,5.9,0.0
20210524,31.2001,23.81,62.36,4.11,0.0
20210525,31.2001,24.9,58.66,3.84,0.0
20210526,31.2001,25.2,60.18,3.57,0.0
20210527,31.2001,25.72,61.22,4.11,0.0
20210528,31.2001,23.94,64.59,5.54,0.0
20210529,31.2001,23.94,63.06,3.98,0.0
20210530,31.2001,27.91,39.92,3.4,0.0
20210531,31.2001,25.96,52.92,5.76,0.0
20210601,31.2001,24.34,59.8,4.24,0.0
20210602,31.2001,23.45,60.42,4.32,0.0
20210603,31.2001,22.61,57.4,4.95,0.0
20210604,31.2001,22.43,61.46,5.91,0.0
20210605,31.2001,23.18,62.41,5.72,0.0
20210606,31.2001,22.58,60.42,5.27,0.0
20210607,31.2001,23.01,59.74,4.65,0.0
20210608,31.2001,25.31,54.03,3.47,0.0
20210609,31.2001,26.94,50.59,5.19,0.0
20210610,31.2001,24.78,66.85,4.41,0.0
20210611,31.2001,25.56,58.56,3.56,0.0
20210612,31.2001,26.13,56.77,4.85,0.0
20210613,31.2001,25.17,60.18,4.91,0.0
20210614,31.2001,24.2,65.25,4.47,0.0
20210615,31.2001,24.07,64.56,3.92,0.0
20210616,31.2001,23.84,63.26,5.03,0.0
20210617,31.2001,23.96,58.76,4.26,0.0
20210618,31.2001,24.63,57.88,3.85,0.0
20210619,31.2001,25.83,52.56,3.13,0.0
20210620,31.2001,26.27,51.15,3.01,0.0
20210621,31.2001,26.93,58.44,3.57,0.0
20210622,31.2001,27.12,57.01,3.01,0.0
20210623,31.2001,27.49,58.7,3.61,0.0
20210624,31.2001,27.82,64.35,4.71,0.0
20210625,31.2001,27.33,70.11,5.22,0.0
20210626,31.2001,28.68,63.93,4.09,0.0
20210627,31.2001,28.94,66.35,4.96,0.0
20210628,31.2001,29.11,63.8,5.16,0.0
20210629,31.2001,28.35,65.19,4.91,0.0
20210630,31.2001,28.99,61.81,3.9,0.0
20210701,31.2001,29.55,57.63,4.39,0.0
20210702,31.2001,30.52,52.64,4.34,0.0
20210703,31.2001,28.13,65.64,6.21,0.0
20210704,31.2001,27.5,62.77,5.92,0.0
20210705,31.2001,27.5,57.62,5.38,0.0
20210706,31.2001,27.94,59.92,3.63,0.0
20210707,31.2001,28.05,62.67,4.03,0.0
20210708,31.2001,28.46,64.11,3.85,0.0
20210709,31.2001,28.32,67.85,4.45,0.0
20210710,31.2001,28.02,67.28,5.24,0.0
20210711,31.2001,28.35,64.5,4.25,0.0
20210712,31.2001,28.01,60.1,4.07,0.0
20210713,31.2001,27.49,59.34,4.15,0.0
20210714,31.2001,27.81,59.8,4.07,0.0
20210715,31.2001,28.83,63.93,4.44,0.0
20210716,31.2001,29.02,57.6,4.37,0.0
20210717,31.2001,28.77,58.81,3.33,0.0
20210718,31.2001,28.39,61.97,3.26,0.0
20210719,31.2001,30.09,54.23,3.89,0.0
20210720,31.2001,31.46,48.46,4.11,0.0
20210721,31.2001,29.49,55.93,4.29,0.0
20210722,31.2001,28.77,63.1,5.41,0.0
20210723,31.2001,28.54,58.96,7.44,0.0
20210724,31.2001,27.7,58.83,5.86,0.0
20210725,31.2001,27.42,62.4,4.89,0.0
20210726,31.2001,27.61,62.78,3.71,0.0
20210727,31.2001,27.94,61.53,4.05,0.0
20210728,31.2001,28.75,61.83,4.65,0.0
20210729,31.2001,29.14,61.09,4.7,0.0
20210730,31.2001,29.06,65.44,4.44,0.0
20210731,31.2001,29.19,65.19,3.43,0.0
20210801,31.2001,30.15,64.03,3.61,0.0
20210802,31.2001,30.0,65.83,3.69,0.0
20210803,31.2001,31.09,58.95,2.73,0.0
20210804,31.2001,31.79,54.73,2.5,0.0
20210805,31.2001,31.44,56.47,3.06,0.0
20210806,31.2001,31.19,60.79,3.22,0.0
20210807,31.2001,29.44,68.47,6.11,0.0
20210808,31.2001,29.07,60.83,5.58,0.0
20210809,31.2001,29.08,63.67,4.92,0.0
20210810,31.2001,29.28,63.44,4.58,0.0
20210811,31.2001,29.98,61.35,4.61,0.0
20210812,31.2001,29.96,64.37,4.31,0.0
20210813,31.2001,29.47,63.95,4.34,0.0
20210814,31.2001,29.28,63.36,4.75,0.0
20210815,31.2001,28.79,61.73,5.26,0.0
20210816,31.2001,28.11,62.92,4.95,0.0
20210817,31.2001,27.46,59.39,4.28,0.0
20210818,31.2001,27.99,62.61,4.45,0.0
20210819,31.2001,28.18,67.92,5.09,0.0
20210820,31.2001,28.64,65.95,4.32,0.0
20210821,31.2001,29.08,65.85,5.23,0.0
20210822,31.2001,28.78,60.56,5.44,0.0
20210823,31.2001,28.45,63.64,4.63,0.0
20210824,31.2001,27.89,64.93,3.99,0.0
20210825,31.2001,28.07,62.08,3.88,0.0
20210826,31.2001,28.32,66.99,4.88,0.0
20210827,31.2001,28.68,61.32,4.07,0.0
20210828,31.2001,29.14,66.29,4.1,0.0
20210829,31.2001,30.27,58.87,3.49,0.0
20210830,31.2001,29.5,66.17,4.55,0.0
20210831,31.2001,28.95,65.98,3.78,0.0
20210901,31.2001,27.95,63.95,4.55,0.0
20210902,31.2001,28.11,60.77,5.62,0.0
20210903,31.2001,27.38,63.69,6.33,0.0
20210904,31.2001,27.88,65.02,5.13,0.0
20210905,31.2001,27.41,60.15,5.14,0.0
20210906,31.2001,27.29,60.94,4.79,0.0
20210907,31.2001,28.31,55.0,3.14,0.0
20210908,31.2001,30.75,52.13,4.09,0.0
20210909,31.2001,27.98,67.52,5.62,0.0
20210910,31.2001,26.1,66.12,4.6,0.0
20210911,31.2001,26.48,60.98,4.77,0.0
20210912,31.2001,28.23,49.7,2.62,0.0
20210913,31.2001,28.69,56.24,4.86,0.0
20210914,31.2001,27.74,61.31,3.94,0.0
20210915,31.2001,27.05,58.28,4.38,0.0
20210916,31.2001,26.16,57.99,5.83,0.0
20210917,31.2001,27.6,59.04,5.85,0.0
20210918,31.2001,27.41,59.73,4.86,0.0
20210919,31.2001,28.35,60.42,3.54,0.0
20210920,31.2001,28.92,65.39,4.33,0.0
20210921,31.2001,28.64,66.18,4.08,0.0
20210922,31.2001,27.62,66.97,5.09,0.0
20210923,31.2001,27.13,65.66,5.27,0.0
20210924,31.2001,25.18,54.42,6.11,0.0
20210925,31.2001,24.75,55.99,4.28,0.0
20210926,31.2001,25.25,57.71,3.87,0.0
20210927,31.2001,25.1,61.42,4.54,0.0
20210928,31.2001,25.36,65.14,4.44,0.0
20210929,31.2001,26.15,70.07,5.18,0.0
20210930,31.2001,25.44,67.74,4.73,0.0
20211001,31.2001,24.83,61.44,5.11,0.0
20211002,31.2001,24.98,61.69,5.38,0.0
20211003,31.2001,24.65,60.03,4.92,0.0
20211004,31.2001,24.11,59.79,4.63,0.0
20211005,31.2001,23.53,61.66,5.22,0.0
20211006,31.2001,23.7,59.11,4.23,0.0
20211007,31.2001,23.87,58.9,3.32,0.0
20211008,31.2001,23.32,64.09,4.07,0.0
20211009,31.2001,23.6,66.15,4.35,0.0
20211010,31.2001,25.11,66.54,4.16,0.02
20211011,31.2001,25.72,69.14,3.82,0.03
20211012,31.2001,25.71,66.1,5.03,0.12
20211013,31.2001,25.65,65.34,3.88,0.01
20211014,31.2001,26.18,60.15,3.4,0.0
20211015,31.2001,26.28,53.01,3.46,0.0
20211016,31.2001,24.94,51.15,4.07,0.0
20211017,31.2001,24.37,57.95,3.8,0.0
20211018,31.2001,22.87,60.66,3.83,0.0
20211019,31.2001,22.9,61.45,4.2,0.0
20211020,31.2001,22.48,61.29,5.14,0.0
20211021,31.2001,22.89,58.6,4.05,0.0
20211022,31.2001,22.53,65.1,4.8,0.0
20211023,31.2001,21.69,62.29,3.91,0.0
20211024,31.2001,21.89,67.71,3.87,0.0
20211025,31.2001,22.79,66.01,4.11,0.0
20211026,31.2001,23.22,66.15,4.03,0.0
20211027,31.2001,24.44,61.72,3.78,0.0
20211028,31.2001,25.49,58.02,3.89,0.05
20211029,31.2001,23.95,72.4,3.85,0.35
20211030,31.2001,23.89,66.57,2.49,0.8
20211031,31.2001,25.04,62.23,3.68,0.26
20211101,31.2001,23.42,55.64,6.16,0.01
20211102,31.2001,23.19,58.25,3.15,0.0
20211103,31.2001,23.41,55.16,3.71,0.0
20211104,31.2001,22.55,70.33,4.06,0.0
20211105,31.2001,22.44,70.41,4.78,0.0
20211106,31.2001,22.85,70.31,4.02,0.0
20211107,31.2001,22.98,68.9,3.74,0.0
20211108,31.2001,23.56,72.55,3.31,0.0
20211109,31.2001,23.28,71.19,3.27,0.0
20211110,31.2001,22.54,75.78,3.29,0.0
20211111,31.2001,21.83,65.01,4.1,0.0
20211112,31.2001,21.16,61.89,4.23,0.0
20211113,31.2001,22.01,65.76,4.48,0.0
20211114,31.2001,22.42,70.25,3.05,0.0
20211115,31.2001,21.65,75.27,3.32,0.01
20211116,31.2001,21.34,78.22,3.64,0.14
20211117,31.2001,20.57,74.53,3.37,0.47
20211118,31.2001,20.78,72.22,4.64,0.3
20211119,31.2001,19.85,69.19,5.22,1.0
20211120,31.2001,17.91,74.62,5.18,37.62
20211121,31.2001,18.54,76.89,4.34,17.34
20211122,31.2001,19.48,76.61,3.44,4.79
20211123,31.2001,19.44,72.48,1.54,0.07
20211124,31.2001,19.18,72.31,2.03,0.17
20211125,31.2001,19.02,73.62,2.67,0.02
20211126,31.2001,19.57,69.43,3.04,0.23
20211127,31.2001,20.26,61.28,3.99,0.07
20211128,31.2001,21.06,53.47,3.36,0.0
20211129,31.2001,22.71,46.05,2.25,0.0
20211130,31.2001,20.26,67.54,5.99,0.08
20211201,31.2001,18.88,63.17,6.48,0.35
20211202,31.2001,18.03,60.09,2.91,0.01
20211203,31.2001,18.18,56.63,1.99,0.0
20211204,31.2001,17.18,62.71,2.96,0.0
20211205,31.2001,16.74,70.67,6.3,0.17
20211206,31.2001,18.47,62.69,2.17,0.05
20211207,31.2001,16.74,62.28,6.48,0.0
20211208,31.2001,14.91,67.01,9.65,0.23
20211209,31.2001,16.99,72.09,3.34,0.0
20211210,31.2001,16.85,76.0,3.11,0.0
20211211,31.2001,17.79,75.1,2.16,0.01
20211212,31.2001,17.64,71.33,2.33,0.27
20211213,31.2001,17.56,70.24,3.29,0.35
20211214,31.2001,16.4,74.16,4.98,1.25
20211215,31.2001,15.16,71.21,5.79,1.65
20211216,31.2001,15.41,73.56,4.22,2.91
20211217,31.2001,15.53,67.61,4.67,1.67
20211218,31.2001,13.66,70.27,7.3,2.33
20211219,31.2001,12.8,75.32,8.06,12.14
20211220,31.2001,12.49,75.29,8.2,4.62
20211221,31.2001,14.57,78.44,5.76,3.62
20211222,31.2001,14.64,78.68,3.41,2.4
20211223,31.2001,13.96,76.14,2.43,2.43
20211224,31.2001,14.06,73.41,4.63,1.22
20211225,31.2001,14.12,74.48,2.12,0.61
20211226,31.2001,13.66,75.02,2.31,0.04
20211227,31.2001,14.26,76.38,3.7,0.03
20211228,31.2001,15.35,67.4,3.28,0.12
20211229,31.2001,13.52,64.55,4.65,0.08
20211230,31.2001,14.47,75.85,6.8,1.28
20211231,31.2001,13.34,84.08,4.84,10.3
20220101,31.2001,12.99,77.98,2.21,0.08
20220102,31.2001,14.08,88.24,2.87,3.1
20220103,31.2001,14.87,84.38,3.74,0.04
20220104,31.2001,14.23,81.51,4.24,0.25
20220105,31.2001,13.89,75.31,2.68,0.02
20220106,31.2001,14.09,76.98,1.85,0.0
20220107,31.2001,14.7,80.17,1.31,0.0
20220108,31.2001,14.45,70.11,3.03,0.0
20220109,31.2001,12.19,68.41,7.83,0.0
20220110,31.2001,11.82,68.7,7.26,0.0
20220111,31.2001,12.37,55.13,6.98,0.0
20220112,31.2001,12.55,60.58,5.63,0.0
20220113,31.2001,13.3,78.11,5.88,8.54
20220114,31.2001,13.33,67.0,6.3,1.23
20220115,31.2001,13.4,65.82,5.68,0.62
20220116,31.2001,13.23,69.52,5.89,2.5
20220117,31.2001,11.74,62.94,3.49,1.32
20220118,31.2001,10.95,63.31,4.72,0.8
20220119,31.2001,12.24,62.67,7.54,11.77
20220120,31.2001,10.75,65.04,3.47,0.24
20220121,31.2001,11.52,60.5,1.25,0.09
20220122,31.2001,11.98,66.39,4.59,0.04
20220123,31.2001,11.56,74.34,6.25,3.71
20220124,31.2001,10.98,67.39,3.64,3.49
20220125,31.2001,10.05,71.93,5.8,1.07
20220126,31.2001,10.08,74.57,8.08,22.27
20220127,31.2001,11.46,69.47,6.47,3.92
20220128,31.2001,11.98,77.82,4.31,3.7
20220129,31.2001,12.21,75.1,2.88,1.41
20220130,31.2001,11.84,71.2,5.78,0.28
20220131,31.2001,12.04,79.85,5.65,1.85
20220201,31.2001,13.3,69.56,3.88,0.08
20220202,31.2001,11.88,59.22,4.7,0.0
20220203,31.2001,10.94,68.77,7.19,0.73
20220204,31.2001,12.13,78.21,7.38,4.02
20220205,31.2001,12.29,72.51,4.76,0.86
20220206,31.2001,13.54,74.27,3.86,0.83
20220207,31.2001,13.7,75.39,2.65,0.02
20220208,31.2001,13.12,62.16,5.08,0.1
20220209,31.2001,13.01,66.63,8.67,0.49
20220210,31.2001,12.86,63.1,6.75,0.04
20220211,31.2001,13.3,69.24,3.55,0.0
20220212,31.2001,12.94,77.6,3.78,0.0
20220213,31.2001,13.07,79.45,4.0,0.0
20220214,31.2001,13.33,79.21,3.66,0.01
20220215,31.2001,12.76,79.6,4.57,0.21
20220216,31.2001,13.68,73.93,3.52,0.02
20220217,31.2001,12.76,79.64,1.77,0.0
20220218,31.2001,12.67,80.52,3.08,0.39
20220219,31.2001,13.35,73.86,6.66,2.65
20220220,31.2001,14.29,69.99,1.76,0.0
20220221,31.2001,14.99,70.06,3.27,0.07
20220222,31.2001,16.36,60.89,3.93,0.0
20220223,31.2001,15.22,65.29,4.49,0.0
20220224,31.2001,12.27,79.03,5.8,3.39
20220225,31.2001,14.08,70.82,7.7,0.84
20220226,31.2001,14.18,63.49,3.79,0.0
20220227,31.2001,13.91,63.5,2.25,0.0
20220228,31.2001,14.2,71.06,2.77,0.0
20220301,31.2001,15.95,70.95,2.4,0.0
20220302,31.2001,17.36,72.87,5.36,0.01
20220303,31.2001,13.99,67.09,7.67,0.01
20220304,31.2001,14.54,62.69,2.59,0.01
20220305,31.2001,15.6,62.73,3.68,0.0
20220306,31.2001,16.21,70.89,6.89,0.0
20220307,31.2001,15.56,76.45,3.08,0.02
20220308,31.2001,16.47,70.23,3.19,6.55
20220309,31.2001,14.78,80.42,4.52,6.99
20220310,31.2001,13.13,70.98,8.26,0.52
20220311,31.2001,12.11,61.8,7.82,0.22
20220312,31.2001,10.96,61.79,4.42,0.15
20220313,31.2001,9.74,66.38,4.6,4.86
20220314,31.2001,10.73,60.09,5.87,0.24
20220315,31.2001,11.78,59.24,5.62,0.19
20220316,31.2001,12.49,59.14,2.99,0.01
20220317,31.2001,12.68,63.7,2.67,2.39
20220318,31.2001,13.98,72.96,4.12,10.76
20220319,31.2001,12.9,66.51,5.77,0.27
20220320,31.2001,12.17,59.23,5.72,1.18
20220321,31.2001,11.49,65.08,5.06,14.88
20220322,31.2001,11.1,67.39,4.03,3.42
20220323,31.2001,11.63,72.34,6.19,3.82
20220324,31.2001,12.21,72.46,6.88,4.15
20220325,31.2001,13.68,66.1,6.2,0.29
20220326,31.2001,14.39,72.29,4.21,0.0
20220327,31.2001,14.24,74.42,4.2,0.0
20220328,31.2001,15.12,71.37,4.31,0.0
20220329,31.2001,16.11,72.58,4.17,0.0
20220330,31.2001,17.03,64.51,2.24,0.0
20220331,31.2001,18.29,57.8,3.61,0.0
20220401,31.2001,18.78,62.78,2.69,0.0
20220402,31.2001,19.61,60.64,3.95,0.0
20220403,31.2001,19.58,64.81,4.54,0.0
20220404,31.2001,20.15,60.7,5.12,0.0
20220405,31.2001,23.43,48.21,4.88,0.0
20220406,31.2001,20.91,61.68,5.08,0.0
20220407,31.2001,23.46,55.43,4.85,0.0
20220408,31.2001,18.14,74.86,6.38,0.0
20220409,31.2001,17.26,72.68,3.02,0.0
20220410,31.2001,17.83,70.9,3.16,0.0
20220411,31.2001,17.14,71.15,5.56,0.0
20220412,31.2001,15.7,62.95,5.83,0.0
20220413,31.2001,15.86,67.23,4.62,0.0
20220414,31.2001,16.89,64.68,4.8,0.0
20220415,31.2001,17.71,63.83,4.95,0.0
20220416,31.2001,20.94,57.97,4.94,0.0
20220417,31.2001,24.93,46.55,6.33,0.0
20220418,31.2001,19.36,69.53,4.57,0.0
20220419,31.2001,18.09,68.4,4.74,0.0
20220420,31.2001,16.72,71.14,3.81,0.0
20220421,31.2001,17.77,65.18,3.65,0.0
20220422,31.2001,18.42,69.15,4.42,0.0
20220423,31.2001,18.94,66.95,3.71,0.0
20220424,31.2001,20.43,62.79,4.26,0.0
20220425,31.2001,20.29,70.88,4.45,0.0
20220426,31.2001,20.19,65.7,3.64,0.0
20220427,31.2001,20.7,60.77,3.29,0.0
20220428,31.2001,20.45,60.0,3.21,0.0
20220429,31.2001,23.61,46.73,4.11,0.0
20220430,31.2001,21.17,68.0,6.73,0.0
20220501,31.2001,21.28,66.96,4.31,0.0
20220502,31.2001,22.15,57.58,4.8,0.0
20220503,31.2001,21.54,63.09,7.81,0.0
20220504,31.2001,19.73,68.45,6.34,0.0
20220505,31.2001,18.82,66.82,6.73,0.0
20220506,31.2001,19.74,65.47,5.22,0.0
20220507,31.2001,20.48,59.51,2.36,0.0
20220508,31.2001,24.41,44.01,3.56,0.0
20220509,31.2001,22.8,53.09,5.01,0.0
20220510,31.2001,22.07,64.2,3.17,0.0
20220511,31.2001,21.24,64.82,3.62,0.0
20220512,31.2001,20.06,65.4,3.87,0.0
20220513,31.2001,22.44,59.38,4.33,0.0
20220514,31.2001,20.89,69.12,5.4,0.0
20220515,31.2001,20.57,69.65,5.2,0.0
20220516,31.2001,21.11,67.23,3.68,0.0
20220517,31.2001,22.34,63.86,3.75,0.0
20220518,31.2001,23.94,57.8,2.77,0.0
20220519,31.2001,26.31,41.14,3.2,0.0
20220520,31.2001,24.0,58.67,5.36,0.0
20220521,31.2001,21.41,64.77,6.28,0.0
20220522,31.2001,21.66,60.89,7.4,0.0
20220523,31.2001,22.63,68.18,5.68,0.0
20220524,31.2001,23.09,63.62,4.42,0.0
20220525,31.2001,23.89,63.5,3.21,0.0
20220526,31.2001,24.88,66.11,4.63,0.0
20220527,31.2001,25.5,66.28,4.78,0.0
20220528,31.2001,26.81,58.86,3.45,0.0
20220529,31.2001,27.81,49.04,2.34,0.0
20220530,31.2001,28.2,46.24,4.32,0.0
20220531,31.2001,25.28,63.99,4.92,0.0
20220601,31.2001,24.51,68.4,4.67,0.0
20220602,31.2001,24.56,70.7,5.11,0.0
20220603,31.2001,25.73,64.14,3.89,0.0
20220604,31.2001,26.62,59.67,3.16,0.0
20220605,31.2001,27.08,60.89,3.73,0.0
20220606,31.2001,26.71,62.85,3.99,0.0
20220607,31.2001,26.35,66.27,4.59,0.0
20220608,31.2001,28.58,52.2,3.08,0.0
20220609,31.2001,29.53,41.72,3.56,0.0
20220610,31.2001,29.14,43.28,3.13,0.0
20220611,31.2001,29.4,51.15,6.22,0.0
20220612,31.2001,25.43,66.89,4.88,0.0
20220613,31.2001,25.39,62.34,4.0,0.0
20220614,31.2001,26.57,61.58,4.47,0.0
20220615,31.2001,26.0,67.25,4.66,0.0
20220616,31.2001,26.4,69.77,5.29,0.0
20220617,31.2001,26.53,67.15,5.45,0.0
20220618,31.2001,25.96,60.96,5.37,0.0
20220619,31.2001,25.91,58.8,5.04,0.0
20220620,31.2001,25.36,63.51,4.4,0.0
20220621,31.2001,25.39,62.81,5.33,0.0
20220622,31.2001,26.56,64.62,6.2,0.0
20220623,31.2001,27.93,64.46,4.45,0.0
20220624,31.2001,29.05,60.13,4.51,0.0
20220625,31.2001,27.2,63.33,6.15,0.0
20220626,31.2001,27.57,57.46,4.85,0.0
20220627,31.2001,26.85,61.44,5.68,0.0
20220628,31.2001,26.31,63.81,4.46,0.0
20220629,31.2001,26.8,64.92,4.45,0.0
20220630,31.2001,26.48,65.85,4.61,0.0
20220701,31.2001,26.79,63.07,3.98,0.0
20220702,31.2001,27.37,68.14,4.43,0.0
20220703,31.2001,28.02,65.95,4.37,0.0
20220704,31.2001,28.08,64.01,4.09,0.0
20220705,31.2001,27.65,60.98,4.46,0.0
20220706,31.2001,27.26,58.66,4.69,0.0
20220707,31.2001,26.93,59.2,4.43,0.0
20220708,31.2001,27.18,65.03,5.66,0.0
20220709,31.2001,27.84,61.12,4.81,0.0
20220710,31.2001,27.17,66.65,5.08,0.0
20220711,31.2001,27.07,62.28,5.22,0.0
20220712,31.2001,27.28,63.96,5.72,0.0
20220713,31.2001,26.52,57.05,7.24,0.0
20220714,31.2001,26.23,57.08,6.81,0.0
20220715,31.2001,26.51,56.26,4.56,0.0
20220716,31.2001,26.64,62.73,5.04,0.0
20220717,31.2001,27.66,63.32,4.73,0.0
20220718,31.2001,28.97,62.9,4.14,0.0
20220719,31.2001,29.68,62.66,4.91,0.0
20220720,31.2001,28.99,60.75,5.76,0.0
20220721,31.2001,28.03,58.95,5.51,0.0
20220722,31.2001,28.27,58.51,4.62,0.0
20220723,31.2001,27.87,65.11,5.18,0.0
20220724,31.2001,28.97,59.97,5.29,0.0
20220725,31.2001,28.84,58.95,3.85,0.08
20220726,31.2001,28.64,63.83,4.04,0.16
20220727,31.2001,28.85,58.44,3.19,0.15
20220728,31.2001,29.64,52.9,3.59,0.01
20220729,31.2001,29.18,53.85,3.63,0.0
20220730,31.2001,28.02,63.21,4.46,0.0
20220731,31.2001,28.48,66.79,5.33,0.0
20220801,31.2001,28.81,62.53,5.18,0.0
20220802,31.2001,28.52,62.81,5.71,0.0
20220803,31.2001,27.83,61.12,5.42,0.0
20220804,31.2001,27.62,63.63,4.64,0.0
20220805,31.2001,27.91,66.17,4.66,0.0
20220806,31.2001,27.79,59.13,4.07,0.0
20220807,31.2001,28.55,58.63,3.56,0.0
20220808,31.2001,29.1,56.18,3.59,0.0
20220809,31.2001,28.91,62.03,4.12,0.0
20220810,31.2001,28.59,64.45,4.36,0.0
20220811,31.2001,28.64,60.5,3.86,0.0
20220812,31.2001,27.78,60.82,4.23,0.0
20220813,31.2001,28.08,59.06,5.26,0.0
20220814,31.2001,28.44,63.13,4.91,0.0
20220815,31.2001,27.96,65.08,4.1,0.0
20220816,31.2001,27.84,65.11,4.11,0.0
20220817,31.2001,27.5,63.57,4.55,0.0
20220818,31.2001,28.4,62.62,4.32,0.0
20220819,31.2001,28.7,66.99,4.35,0.0
20220820,31.2001,29.41,65.31,4.89,0.0
20220821,31.2001,29.68,64.36,4.76,0.0
20220822,31.2001,29.92,58.05,4.03,0.0
20220823,31.2001,30.66,51.08,3.23,0.0
20220824,31.2001,30.86,52.74,4.56,0.0
20220825,31.2001,28.86,61.99,4.55,0.0
20220826,31.2001,28.56,57.73,3.13,0.0
20220827,31.2001,29.15,51.59,4.32,0.0
20220828,31.2001,28.64,60.31,4.95,0.0
20220829,31.2001,27.91,65.6,4.65,0.0
20220830,31.2001,28.44,64.92,4.0,0.01
20220831,31.2001,27.7,67.5,4.2,0.01
20220901,31.2001,27.59,62.32,4.44,0.0
20220902,31.2001,27.7,63.8,3.93,0.0
20220903,31.2001,27.97,66.92,3.78,0.0
20220904,31.2001,27.93,66.72,4.56,0.0
20220905,31.2001,27.75,66.35,5.21,0.0
20220906,31.2001,28.08,62.41,6.13,0.0
20220907,31.2001,27.85,63.08,5.53,0.0
20220908,31.2001,28.01,65.18,4.6,0.0
20220909,31.2001,27.81,65.95,5.12,0.0
20220910,31.2001,27.37,57.36,4.69,0.0
20220911,31.2001,28.35,62.83,4.27,0.0
20220912,31.2001,28.2,67.26,4.41,0.0
20220913,31.2001,27.63,62.75,4.66,0.0
20220914,31.2001,27.13,53.41,4.75,0.0
20220915,31.2001,25.68,58.35,4.09,0.0
20220916,31.2001,26.45,53.84,3.04,0.0
20220917,31.2001,26.35,57.44,2.97,0.0
20220918,31.2001,25.89,59.14,2.75,0.0
20220919,31.2001,26.93,63.5,3.81,0.04
20220920,31.2001,25.99,63.82,3.91,0.01
20220921,31.2001,25.7,61.41,3.96,0.0
20220922,31.2001,27.04,57.95,4.36,0.0
20220923,31.2001,26.93,55.72,4.96,0.0
20220924,31.2001,26.72,56.66,5.8,0.0
20220925,31.2001,28.34,57.51,5.25,0.0
20220926,31.2001,28.76,61.81,4.43,0.0
20220927,31.2001,27.59,62.95,3.54,0.0
20220928,31.2001,28.07,56.85,2.96,0.0
20220929,31.2001,29.92,46.64,4.03,0.0
20220930,31.2001,30.38,54.88,4.41,0.0
20221001,31.2001,28.88,63.9,4.49,0.0
20221002,31.2001,28.78,69.96,4.57,0.0
20221003,31.2001,26.39,62.28,5.86,0.0
20221004,31.2001,25.36,61.06,4.5,0.0
20221005,31.2001,25.37,61.42,5.21,0.0
20221006,31.2001,24.61,55.6,5.31,0.0
20221007,31.2001,23.87,51.62,4.45,0.0
20221008,31.2001,24.14,53.5,4.39,0.0
20221009,31.2001,23.65,62.02,4.51,0.0
20221010,31.2001,23.57,64.16,4.18,0.0
20221011,31.2001,23.88,66.73,3.96,0.0
20221012,31.2001,23.84,68.64,4.2,0.0
20221013,31.2001,24.29,63.42,4.83,0.05
20221014,31.2001,23.32,64.81,3.49,0.02
20221015,31.2001,24.89,60.98,4.85,0.09
20221016,31.2001,24.42,66.53,6.62,0.72
20221017,31.2001,24.01,62.19,6.31,0.23
20221018,31.2001,23.29,66.55,4.51,0.26
20221019,31.2001,23.3,69.1,4.24,0.37
20221020,31.2001,23.33,68.06,3.1,0.14
20221021,31.2001,22.39,71.71,3.83,0.46
20221022,31.2001,23.13,63.3,4.56,0.24
20221023,31.2001,23.71,62.87,3.54,0.55
20221024,31.2001,22.74,59.75,3.31,0.02
20221025,31.2001,22.55,66.46,4.04,1.16
20221026,31.2001,23.23,69.35,4.5,0.91
20221027,31.2001,23.54,67.66,4.04,0.02
20221028,31.2001,23.28,61.7,4.13,0.0
20221029,31.2001,22.52,68.54,3.87,0.03
20221030,31.2001,21.73,67.9,3.72,0.01
20221031,31.2001,21.85,65.5,3.02,0.11
20221101,31.2001,21.09,66.83,3.11,0.79
20221102,31.2001,21.04,65.48,4.35,0.0
20221103,31.2001,21.6,68.46,3.23,0.0
20221104,31.2001,21.01,64.79,2.47,0.0
20221105,31.2001,20.58,62.03,1.87,0.0
20221106,31.2001,20.94,55.78,2.24,0.0
20221107,31.2001,20.53,58.92,5.99,0.83
20221108,31.2001,20.81,69.67,4.71,1.62
20221109,31.2001,20.02,68.28,3.88,0.29
20221110,31.2001,20.45,64.69,3.55,0.07
20221111,31.2001,20.96,62.92,4.45,0.18
20221112,31.2001,21.11,66.93,4.49,1.71
20221113,31.2001,21.54,68.75,4.69,0.17
20221114,31.2001,20.66,65.03,4.56,0.06
20221115,31.2001,20.19,59.43,3.44,0.13
20221116,31.2001,19.41,67.2,3.79,1.68
20221117,31.2001,20.0,66.17,3.34,0.66
20221118,31.2001,19.46,50.38,3.86,0.0
20221119,31.2001,19.89,46.56,2.67,0.0
20221120,31.2001,20.99,68.09,5.0,0.0
20221121,31.2001,20.21,75.26,2.6,0.0
20221122,31.2001,19.61,74.92,3.74,0.0
20221123,31.2001,19.63,62.69,1.86,0.0
20221124,31.2001,19.92,51.61,5.24,0.02
20221125,31.2001,20.13,62.3,7.28,0.05
20221126,31.2001,19.31,57.0,4.0,0.01
20221127,31.2001,18.6,55.39,2.41,0.0
20221128,31.2001,17.23,61.59,2.32,0.0
20221129,31.2001,18.0,66.05,3.3,0.0
20221130,31.2001,19.01,63.45,1.74,0.0
20221201,31.2001,17.7,70.67,2.69,0.0
20221202,31.2001,19.52,71.52,2.83,0.01
20221203,31.2001,20.29,66.22,4.64,0.03
20221204,31.2001,18.7,68.02,4.93,0.07
20221205,31.2001,18.8,66.42,4.86,0.31
20221206,31.2001,18.25,67.87,3.72,0.37
20221207,31.2001,17.88,62.8,1.49,0.01
20221208,31.2001,17.7,53.61,2.22,0.0
20221209,31.2001,19.04,43.62,2.13,0.0
20221210,31.2001,18.85,62.11,2.0,0.0
20221211,31.2001,18.11,62.28,2.7,0.0
20221212,31.2001,18.37,61.13,3.43,0.0
20221213,31.2001,19.07,70.83,3.37,0.0
20221214,31.2001,19.07,60.62,4.44,0.0
20221215,31.2001,18.54,69.82,2.59,0.0
20221216,31.2001,18.51,80.95,3.34,0.0
20221217,31.2001,18.96,81.89,4.37,0.16
20221218,31.2001,19.67,79.52,5.24,0.14
20221219,31.2001,18.4,78.21,5.0,0.09
20221220,31.2001,17.87,78.82,5.3,0.52
20221221,31.2001,17.14,66.45,4.96,0.17
20221222,31.2001,16.71,77.17,3.29,6.51
20221223,31.2001,16.38,79.34,3.94,2.84
20221224,31.2001,15.49,86.02,2.85,21.35
20221225,31.2001,16.24,77.37,4.6,5.74
20221226,31.2001,16.92,69.98,6.03,0.11
20221227,31.2001,16.65,63.85,3.48,0.0
20221228,31.2001,16.28,68.82,1.54,0.04
20221229,31.2001,16.31,72.61,2.4,0.51
20221230,31.2001,17.01,77.78,4.24,1.25
20221231,31.2001,16.15,74.22,4.54,0.08
20230101,31.2001,16.51,73.51,5.11,0.89
20230102,31.2001,16.8,79.7,4.96,1.71
20230103,31.2001,15.94,82.09,4.61,4.66
20230104,31.2001,16.51,74.71,4.75,1.89
20230105,31.2001,15.85,75.38,3.67,0.25
20230106,31.2001,17.38,67.43,3.79,0.02
20230107,31.2001,16.65,70.94,2.98,0.16
20230108,31.2001,15.8,80.13,4.24,3.07
20230109,31.2001,15.4,79.02,3.94,0.97
20230110,31.2001,15.06,76.18,1.92,0.05
20230111,31.2001,14.57,64.49,4.82,0.34
20230112,31.2001,14.62,73.47,5.52,3.12
20230113,31.2001,15.59,70.17,5.4,1.86
20230114,31.2001,15.17,72.45,5.39,0.7
20230115,31.2001,15.09,66.1,4.34,0.11
20230116,31.2001,13.74,69.73,3.96,0.87
20230117,31.2001,15.99,69.86,1.54,0.01
20230118,31.2001,14.31,72.25,3.16,0.0
20230119,31.2001,15.26,77.98,3.63,0.01
20230120,31.2001,14.77,73.57,3.11,0.02
20230121,31.2001,14.99,72.54,2.03,1.12
20230122,31.2001,15.18,80.05,3.75,0.44
20230123,31.2001,15.11,78.82,4.03,0.17
20230124,31.2001,15.52,81.22,4.51,1.96
20230125,31.2001,14.7,78.49,3.61,0.38
20230126,31.2001,14.65,72.14,3.92,0.54
20230127,31.2001,15.44,54.81,5.35,0.03
20230128,31.2001,16.45,69.7,3.28,0.0
20230129,31.2001,15.85,63.62,2.83,0.0
20230130,31.2001,15.05,66.73,4.67,0.18
20230131,31.2001,14.48,67.32,7.1,6.2
20230201,31.2001,13.15,67.4,8.49,4.85
20230202,31.2001,13.8,62.11,4.53,0.13
20230203,31.2001,14.22,71.4,3.62,1.12
20230204,31.2001,14.23,70.3,5.33,1.0
20230205,31.2001,14.34,60.73,7.92,1.48
20230206,31.2001,12.65,64.79,9.26,4.22
20230207,31.2001,12.2,65.52,6.61,1.29
20230208,31.2001,12.23,66.02,4.76,3.86
20230209,31.2001,11.99,60.32,3.16,0.0
20230210,31.2001,12.78,71.23,3.94,2.1
20230211,31.2001,12.38,75.5,5.16,19.2
20230212,31.2001,12.45,68.82,4.06,1.09
20230213,31.2001,12.64,69.94,3.45,2.68
20230214,31.2001,12.57,70.65,3.33,3.36
20230215,31.2001,13.18,68.84,4.43,1.73
20230216,31.2001,13.72,65.39,3.95,0.59
20230217,31.2001,14.11,67.55,3.35,0.02
20230218,31.2001,13.36,71.67,4.34,0.0
20230219,31.2001,12.98,74.13,4.11,0.0
20230220,31.2001,14.01,71.8,4.08,0.0
20230221,31.2001,15.66,69.07,2.99,0.0
20230222,31.2001,15.48,69.15,2.16,0.0
20230223,31.2001,15.66,68.5,3.11,0.0
20230224,31.2001,15.67,70.92,2.45,0.0
20230225,31.2001,16.8,72.27,2.41,0.0
20230226,31.2001,16.32,70.24,2.66,0.0
20230227,31.2001,16.8,74.59,4.32,0.0
20230228,31.2001,18.99,66.91,2.28,0.0
20230301,31.2001,19.82,54.92,2.14,0.0
20230302,31.2001,19.92,48.91,5.48,0.0
20230303,31.2001,18.63,72.92,4.6,0.0
20230304,31.2001,19.23,56.49,3.53,0.0
20230305,31.2001,17.86,60.74,6.05,0.0
20230306,31.2001,16.13,70.7,4.93,0.0
20230307,31.2001,15.48,68.3,2.98,0.0
20230308,31.2001,16.17,60.03,2.62,0.0
20230309,31.2001,17.99,51.6,5.18,0.0
20230310,31.2001,17.72,59.52,4.22,0.0
20230311,31.2001,18.93,62.81,2.47,0.0
20230312,31.2001,18.56,55.32,4.63,0.0
20230313,31.2001,17.87,71.12,5.74,1.5
20230314,31.2001,15.86,70.8,5.5,3.48
20230315,31.2001,16.24,57.39,4.12,0.12
20230316,31.2001,17.64,52.07,5.04,0.0
20230317,31.2001,16.89,67.7,4.79,0.09
20230318,31.2001,15.33,72.83,5.97,1.95
20230319,31.2001,15.39,69.76,6.99,1.59
20230320,31.2001,16.59,66.71,6.48,0.28
20230321,31.2001,16.98,69.58,3.08,0.01
20230322,31.2001,17.54,61.42,2.87,0.03
20230323,31.2001,19.14,59.83,2.41,0.81
20230324,31.2001,20.18,64.1,3.77,8.57
20230325,31.2001,18.21,73.59,7.33,0.45
20230326,31.2001,16.66,75.15,4.69,0.01
20230327,31.2001,17.6,75.39,3.32,0.14
20230328,31.2001,18.98,67.58,5.17,0.0
20230329,31.2001,16.04,60.38,7.22,0.0
20230330,31.2001,14.86,53.92,7.44,0.05
20230331,31.2001,14.96,59.08,4.87,0.01
20230401,31.2001,17.56,49.92,2.49,0.0
20230402,31.2001,18.71,49.03,3.96,0.0
20230403,31.2001,20.72,41.75,3.93,0.0
20230404,31.2001,18.5,51.38,5.1,0.0
20230405,31.2001,17.9,66.37,3.41,0.0
20230406,31.2001,19.39,52.78,1.34,0.0
20230407,31.2001,19.35,58.54,5.63,0.0
20230408,31.2001,19.84,71.3,4.77,0.0
20230409,31.2001,21.99,65.87,4.86,0.01
20230410,31.2001,19.44,72.29,7.21,0.0
20230411,31.2001,17.18,61.9,5.85,4.28
20230412,31.2001,15.72,71.32,7.46,11.71
20230413,31.2001,17.36,66.64,5.32,0.03
20230414,31.2001,19.62,58.37,2.78,0.0
20230415,31.2001,20.48,57.5,4.19,0.0
20230416,31.2001,20.12,54.39,3.15,0.0
20230417,31.2001,22.57,51.81,3.83,0.0
20230418,31.2001,24.15,53.77,5.05,0.0
20230419,31.2001,20.28,69.9,5.05,0.0
20230420,31.2001,18.98,69.36,5.31,0.0
20230421,31.2001,19.05,63.16,3.61,0.0
20230422,31.2001,20.15,60.4,4.2,0.0
20230423,31.2001,20.79,57.66,4.24,0.0
20230424,31.2001,21.14,62.21,4.14,0.0
20230425,31.2001,21.61,56.6,3.18,0.0
20230426,31.2001,22.2,49.92,3.05,0.0
20230427,31.2001,21.31,55.29,5.81,0.0
20230428,31.2001,19.09,59.8,6.34,0.0
20230429,31.2001,18.41,56.72,7.72,0.0
20230430,31.2001,18.61,55.56,4.7,0.0
20230501,31.2001,20.5,52.61,2.87,0.0
20230502,31.2001,21.0,53.88,4.21,0.0
20230503,31.2001,23.23,46.02,5.51,0.0
20230504,31.2001,25.18,43.82,5.87,0.01
20230505,31.2001,21.23,64.06,8.81,0.08
20230506,31.2001,20.48,69.87,5.86,0.26
20230507,31.2001,20.33,68.67,4.97,0.0
20230508,31.2001,19.78,69.22,4.19,0.0
20230509,31.2001,21.01,66.69,3.73,0.0
20230510,31.2001,22.29,59.76,4.24,0.0
20230511,31.2001,23.64,59.14,6.56,0.0
20230512,31.2001,21.36,68.28,6.66,0.05
20230513,31.2001,21.01,65.07,4.72,0.01
20230514,31.2001,20.89,66.51,4.05,0.03
20230515,31.2001,23.91,60.29,4.54,0.04
20230516,31.2001,25.2,56.19,3.16,0.05
20230517,31.2001,22.92,60.87,5.48,0.0
20230518,31.2001,21.33,65.19,5.81,0.0
20230519,31.2001,20.83,64.26,4.57,0.0
20230520,31.2001,22.0,61.34,4.18,0.0
20230521,31.2001,26.0,49.2,6.0,0.0
20230522,31.2001,22.09,68.57,7.19,0.0
20230523,31.2001,24.05,58.93,3.67,0.0
20230524,31.2001,23.16,65.28,4.15,0.0
20230525,31.2001,23.63,58.55,3.28,0.0
20230526,31.2001,26.64,47.11,5.5,0.0
20230527,31.2001,28.11,41.93,3.9,0.0
20230528,31.2001,23.81,67.95,5.94,0.0
20230529,31.2001,23.6,65.03,4.36,0.0
20230530,31.2001,25.02,53.41,3.44,0.0
20230531,31.2001,26.13,48.83,5.01,0.02
20230601,31.2001,28.36,46.32,4.6,1.49
20230602,31.2001,28.21,50.42,7.33,0.0
20230603,31.2001,24.14,66.19,4.16,0.0
20230604,31.2001,23.32,62.26,3.78,0.0
20230605,31.2001,23.25,59.56,4.51,0.0
20230606,31.2001,23.74,65.02,3.83,0.0
20230607,31.2001,26.36,58.72,3.9,0.01
20230608,31.2001,28.85,50.64,4.63,0.02
20230609,31.2001,26.76,63.74,5.69,0.0
20230610,31.2001,25.69,64.27,5.17,0.04
20230611,31.2001,25.84,61.84,4.99,0.14
20230612,31.2001,25.53,61.97,4.07,0.31
20230613,31.2001,26.07,61.47,4.07,0.14
20230614,31.2001,24.52,68.52,4.29,0.41
20230615,31.2001,26.11,60.14,3.19,0.05
20230616,31.2001,28.95,46.1,4.49,0.0
20230617,31.2001,26.22,63.03,5.23,0.0
20230618,31.2001,25.83,57.09,4.51,0.0
20230619,31.2001,24.76,62.03,4.9,0.0
20230620,31.2001,25.62,65.45,5.23,0.0
20230621,31.2001,25.66,67.96,5.38,0.0
20230622,31.2001,25.59,67.79,4.77,0.0
20230623,31.2001,27.51,63.86,4.46,0.0
20230624,31.2001,28.46,60.9,3.89,0.0
20230625,31.2001,26.96,53.96,4.65,0.0
20230626,31.2001,26.73,53.74,3.78,0.0
20230627,31.2001,27.06,66.6,5.23,0.0
20230628,31.2001,27.22,65.97,4.56,0.0
20230629,31.2001,27.31,65.44,4.97,0.0
20230630,31.2001,27.44,66.89,5.84,0.0
20230701,31.2001,27.47,60.66,6.07,0.0
20230702,31.2001,28.17,63.88,4.06,0.0
20230703,31.2001,30.39,52.03,2.89,0.0
20230704,31.2001,27.5,66.03,4.67,0.0
20230705,31.2001,26.58,67.97,4.37,0.0
20230706,31.2001,27.52,66.27,4.25,0.0
20230707,31.2001,28.32,69.58,5.6,0.0
20230708,31.2001,28.48,66.62,6.74,0.0
20230709,31.2001,27.85,65.26,8.17,0.0
20230710,31.2001,28.32,61.63,6.13,0.0
20230711,31.2001,28.77,56.93,4.74,0.0
20230712,31.2001,28.27,57.83,4.55,0.0
20230713,31.2001,28.26,54.94,4.13,0.0
20230714,31.2001,29.95,58.63,4.13,0.0
20230715,31.2001,30.0,60.84,4.18,0.0
20230716,31.2001,31.23,60.62,3.78,0.0
20230717,31.2001,30.06,64.33,4.48,0.0
20230718,31.2001,28.89,63.53,5.28,0.0
20230719,31.2001,28.64,61.94,4.26,0.0
20230720,31.2001,29.01,60.64,3.48,0.0
20230721,31.2001,30.16,58.57,4.1,0.0
20230722,31.2001,30.84,64.15,4.87,0.0
20230723,31.2001,32.05,59.41,4.42,0.0
20230724,31.2001,30.53,67.38,5.93,0.0
20230725,31.2001,30.56,62.68,5.44,0.0
20230726,31.2001,30.83,55.23,3.63,0.0
20230727,31.2001,31.16,48.87,3.05,0.0
20230728,31.2001,30.39,66.55,4.71,0.0
20230729,31.2001,28.82,52.61,6.23,0.0
20230730,31.2001,28.47,56.33,5.99,0.0
20230731,31.2001,28.76,59.76,4.63,0.0
20230801,31.2001,28.85,55.83,3.65,0.0
20230802,31.2001,28.93,58.19,3.37,0.0
20230803,31.2001,28.98,54.92,3.25,0.0
20230804,31.2001,30.35,48.21,3.54,0.0
20230805,31.2001,31.92,37.67,2.67,0.0
20230806,31.2001,32.18,45.35,4.02,0.0
20230807,31.2001,29.31,66.42,4.56,0.0
20230808,31.2001,28.51,62.44,4.2,0.0
20230809,31.2001,28.12,61.43,3.74,0.0
20230810,31.2001,28.37,61.86,4.7,0.0
20230811,31.2001,28.62,60.58,5.83,0.0
20230812,31.2001,28.08,63.54,5.8,0.0
20230813,31.2001,27.69,62.11,5.5,0.0
20230814,31.2001,27.73,65.13,5.0,0.0
20230815,31.2001,27.93,62.93,5.12,0.0
20230816,31.2001,28.23,61.67,5.23,0.0
20230817,31.2001,28.54,60.5,4.7,0.0
20230818,31.2001,29.0,57.33,3.64,0.0
20230819,31.2001,28.2,66.45,3.75,0.0
20230820,31.2001,28.06,67.08,3.83,0.0
20230821,31.2001,28.37,65.61,3.88,0.0
20230822,31.2001,28.58,62.0,3.4,0.0
20230823,31.2001,28.16,58.99,3.1,0.0
20230824,31.2001,28.83,66.45,3.76,0.0
20230825,31.2001,30.26,67.48,4.5,0.0
20230826,31.2001,30.94,61.25,3.95,0.0
20230827,31.2001,30.21,62.62,3.85,0.0
20230828,31.2001,29.07,63.31,4.8,0.0
20230829,31.2001,28.89,64.93,4.72,0.0
20230830,31.2001,30.09,59.91,3.25,0.0
20230831,31.2001,29.15,66.96,4.42,0.0
20230901,31.2001,27.95,62.31,4.65,0.0
20230902,31.2001,28.78,63.51,5.22,0.0
20230903,31.2001,28.29,59.26,5.14,0.0
20230904,31.2001,28.14,60.12,3.82,0.0
20230905,31.2001,29.83,54.31,3.07,0.0
20230906,31.2001,31.15,50.57,3.87,0.0
20230907,31.2001,33.83,39.52,3.69,0.0
20230908,31.2001,30.69,62.02,4.74,0.0
20230909,31.2001,30.43,54.95,4.14,0.0
20230910,31.2001,31.06,51.5,3.14,0.01
20230911,31.2001,31.12,47.03,4.16,0.06
20230912,31.2001,28.71,63.41,5.65,0.5
20230913,31.2001,27.88,59.68,5.53,0.0
20230914,31.2001,27.16,62.06,4.95,0.0
20230915,31.2001,27.83,61.02,4.38,0.0
20230916,31.2001,27.82,60.0,3.25,0.0
20230917,31.2001,28.16,65.67,5.31,0.0
20230918,31.2001,27.17,64.6,5.08,0.0
20230919,31.2001,27.21,63.53,4.44,0.0
20230920,31.2001,26.87,62.75,4.47,0.0
20230921,31.2001,27.14,63.68,4.77,0.0
20230922,31.2001,28.03,64.78,3.44,0.0
20230923,31.2001,27.82,64.59,3.52,0.0
20230924,31.2001,28.33,66.61,3.66,0.0
20230925,31.2001,28.15,68.29,3.32,0.0
20230926,31.2001,27.9,62.99,3.18,0.0
20230927,31.2001,28.72,57.84,2.78,0.0
20230928,31.2001,29.26,62.67,3.78,0.02
20230929,31.2001,29.06,62.47,3.75,0.02
20230930,31.2001,27.3,61.52,4.12,0.01
20231001,31.2001,26.27,60.37,4.92,0.0
20231002,31.2001,25.65,57.47,4.46,0.02
20231003,31.2001,25.58,59.9,4.43,0.05
20231004,31.2001,25.8,64.43,3.98,0.05
20231005,31.2001,26.72,64.26,5.08,0.02
20231006,31.2001,26.14,63.04,4.75,0.0
20231007,31.2001,25.05,62.88,3.59,0.36
20231008,31.2001,24.91,63.71,3.37,0.08
20231009,31.2001,24.91,66.38,4.23,0.0
20231010,31.2001,25.03,62.02,4.94,0.0
20231011,31.2001,25.08,60.65,4.98,0.0
20231012,31.2001,24.94,65.35,4.89,0.01
20231013,31.2001,25.59,63.63,4.14,0.02
20231014,31.2001,24.93,58.45,3.14,0.11
20231015,31.2001,24.19,61.61,4.57,0.01
20231016,31.2001,24.18,66.48,4.84,0.06
20231017,31.2001,24.05,64.23,3.69,0.05
20231018,31.2001,24.2,65.57,3.93,0.0
20231019,31.2001,24.79,61.53,3.27,0.0
20231020,31.2001,24.8,59.97,2.96,0.0
20231021,31.2001,23.54,67.88,3.37,0.0
20231022,31.2001,24.04,71.64,4.08,0.0
20231023,31.2001,24.25,71.95,4.12,0.0
20231024,31.2001,24.27,72.36,4.42,0.0
20231025,31.2001,25.65,68.82,4.13,0.0
20231026,31.2001,25.84,74.32,3.35,0.0
20231027,31.2001,25.51,61.68,2.42,0.0
20231028,31.2001,25.03,66.7,3.1,0.01
20231029,31.2001,25.08,73.0,4.65,0.01
20231030,31.2001,25.72,76.15,5.18,0.12
20231031,31.2001,25.16,76.06,4.32,0.26
20231101,31.2001,24.66,72.37,4.18,0.01
20231102,31.2001,23.79,66.99,2.78,0.0
20231103,31.2001,24.88,59.75,2.08,0.0
20231104,31.2001,24.54,63.44,2.6,0.0
20231105,31.2001,24.13,65.3,2.54,0.0
20231106,31.2001,23.71,68.24,3.21,0.0
20231107,31.2001,23.5,75.25,3.0,0.0
20231108,31.2001,22.91,73.06,3.54,0.01
20231109,31.2001,22.35,72.21,3.41,0.0
20231110,31.2001,22.62,70.7,3.71,0.0
20231111,31.2001,22.41,77.35,2.65,0.07
20231112,31.2001,23.97,74.28,2.88,0.09
20231113,31.2001,23.51,73.79,3.09,0.13
20231114,31.2001,22.88,66.02,6.74,0.16
20231115,31.2001,22.74,63.66,4.33,0.04
20231116,31.2001,22.67,71.51,3.47,0.05
20231117,31.2001,22.98,67.58,2.88,0.16
20231118,31.2001,22.6,63.52,4.98,0.22
20231119,31.2001,21.01,59.38,9.31,1.98
20231120,31.2001,19.97,55.99,5.75,0.29
20231121,31.2001,21.04,55.23,1.97,0.03
20231122,31.2001,20.09,63.66,3.73,0.07
20231123,31.2001,20.04,52.35,1.39,0.0
20231124,31.2001,20.29,53.0,2.95,0.0
20231125,31.2001,19.72,43.47,6.64,0.0
20231126,31.2001,19.21,52.67,9.1,0.33
20231127,31.2001,19.25,51.5,6.73,0.32
20231128,31.2001,18.74,45.74,1.45,0.02
20231129,31.2001,17.52,63.21,2.66,0.0
20231130,31.2001,19.16,70.44,2.62,0.01
20231201,31.2001,20.91,75.95,3.79,0.06
20231202,31.2001,18.58,78.4,3.85,0.0
20231203,31.2001,19.65,77.25,3.76,0.0
20231204,31.2001,20.37,79.26,2.71,0.0
20231205,31.2001,19.79,74.47,2.49,0.0
20231206,31.2001,18.86,68.43,4.63,0.0
20231207,31.2001,17.18,66.79,3.78,0.0
20231208,31.2001,16.98,61.51,4.09,0.01
20231209,31.2001,18.52,63.29,4.97,0.0
20231210,31.2001,17.51,56.04,2.86,0.0
20231211,31.2001,17.87,52.17,3.54,0.0
20231212,31.2001,17.28,72.65,4.14,9.52
20231213,31.2001,18.38,80.56,4.51,12.51
20231214,31.2001,18.72,74.3,2.61,4.7
20231215,31.2001,19.29,65.35,2.6,0.03
20231216,31.2001,18.67,63.04,3.05,0.31
20231217,31.2001,18.73,73.51,3.58,0.0
20231218,31.2001,18.85,74.85,4.82,0.0
20231219,31.2001,18.72,73.0,4.28,0.0
20231220,31.2001,16.63,74.11,2.26,0.0
20231221,31.2001,16.19,67.05,6.23,0.0
20231222,31.2001,16.16,71.23,7.45,0.17
20231223,31.2001,17.49,75.77,6.96,0.22
20231224,31.2001,18.01,79.45,4.18,0.31
20231225,31.2001,17.8,79.33,2.79,0.01
20231226,31.2001,17.88,77.03,3.01,0.02
20231227,31.2001,17.85,74.25,4.52,0.45
20231228,31.2001,17.61,79.01,4.6,1.9
20231229,31.2001,17.2,79.89,4.3,0.05
20231230,31.2001,17.76,76.76,3.26,1.45
20231231,31.2001,16.8,78.54,3.29,1.64
20240101,31.2001,16.82,74.9,2.29,0.02
20240102,31.2001,17.41,75.52,4.26,0.0
20240103,31.2001,16.47,73.72,3.24,0.0
20240104,31.2001,16.56,70.43,3.45,0.0
20240105,31.2001,16.33,75.44,3.56,0.0
20240106,31.2001,18.15,73.35,1.71,0.02
20240107,31.2001,16.51,61.66,4.1,0.03
20240108,31.2001,15.09,58.98,4.07,0.0
20240109,31.2001,13.85,56.72,5.66,0.0
20240110,31.2001,15.31,67.69,6.39,0.1
20240111,31.2001,15.85,67.88,5.2,0.75
20240112,31.2001,15.49,62.59,5.67,0.21
20240113,31.2001,14.38,67.38,6.63,3.21
20240114,31.2001,14.67,70.95,4.16,1.44
20240115,31.2001,14.26,66.45,4.49,0.06
20240116,31.2001,13.59,60.21,4.92,0.0
20240117,31.2001,14.99,58.29,3.91,0.0
20240118,31.2001,16.46,80.51,1.97,0.0
20240119,31.2001,15.79,70.43,3.23,0.0
20240120,31.2001,16.21,52.96,4.49,0.0
20240121,31.2001,17.52,44.16,4.98,0.0
20240122,31.2001,17.17,74.95,6.97,0.85
20240123,31.2001,16.34,67.07,5.38,1.62
20240124,31.2001,15.27,67.82,4.7,1.37
20240125,31.2001,15.74,66.47,4.64,1.47
20240126,31.2001,15.76,70.22,6.53,3.19
20240127,31.2001,15.32,64.08,5.22,0.91
20240128,31.2001,14.41,70.35,2.69,4.63
20240129,31.2001,13.46,68.13,5.66,4.4
20240130,31.2001,12.91,60.79,7.4,1.99
20240131,31.2001,10.54,73.13,5.26,1.95
20240201,31.2001,13.55,68.05,4.81,1.7
20240202,31.2001,14.7,68.06,4.6,2.46
20240203,31.2001,13.71,65.98,4.58,0.2
20240204,31.2001,13.91,72.58,3.28,0.58
20240205,31.2001,14.05,76.86,4.68,0.15
20240206,31.2001,15.46,77.37,3.87,0.02
20240207,31.2001,15.61,77.62,2.47,0.08
20240208,31.2001,14.42,72.89,2.83,0.03
20240209,31.2001,15.64,65.19,3.16,0.0
20240210,31.2001,16.18,73.04,2.68,0.04
20240211,31.2001,15.69,74.12,3.18,0.04
20240212,31.2001,16.38,61.41,3.83,0.03
20240213,31.2001,16.15,65.52,5.61,0.4
20240214,31.2001,14.9,72.23,4.56,1.04
20240215,31.2001,13.42,80.43,4.63,5.25
20240216,31.2001,15.17,69.44,6.54,0.88
20240217,31.2001,15.53,72.82,4.9,0.9
20240218,31.2001,15.3,73.1,4.1,0.22
20240219,31.2001,15.69,65.32,4.89,0.03
20240220,31.2001,15.22,65.91,3.27,0.0
20240221,31.2001,15.05,69.93,3.11,0.0
20240222,31.2001,15.16,72.29,3.8,0.0
20240223,31.2001,14.84,75.42,3.31,0.0
20240224,31.2001,16.16,77.15,3.81,0.0
20240225,31.2001,15.94,68.93,2.55,0.0
20240226,31.2001,16.16,65.1,5.34,0.0
20240227,31.2001,16.04,75.23,4.5,0.0
20240228,31.2001,16.86,71.02,4.13,0.0
20240229,31.2001,18.06,62.26,5.29,0.0
20240301,31.2001,19.69,56.67,3.68,0.0
20240302,31.2001,17.63,67.86,6.38,0.0
20240303,31.2001,16.39,73.72,4.62,0.0
20240304,31.2001,16.25,68.24,2.55,0.0
20240305,31.2001,17.2,68.36,4.13,0.0
20240306,31.2001,16.52,70.0,5.45,0.0
20240307,31.2001,16.14,71.56,4.16,0.0
20240308,31.2001,16.04,66.56,3.07,0.0
20240309,31.2001,15.86,67.19,2.77,0.0
20240310,31.2001,15.42,70.37,4.3,0.0
20240311,31.2001,16.7,66.71,3.92,0.0
20240312,31.2001,17.42,70.85,3.88,0.02
20240313,31.2001,17.46,71.66,3.46,0.01
20240314,31.2001,16.41,66.73,3.38,0.0
20240315,31.2001,16.29,66.98,3.03,0.0
20240316,31.2001,16.15,65.5,2.77,0.0
20240317,31.2001,16.74,70.11,5.1,0.02
20240318,31.2001,16.27,67.29,6.23,4.16
20240319,31.2001,16.95,65.81,6.27,0.49
20240320,31.2001,17.63,59.59,4.47,0.04
20240321,31.2001,16.73,63.97,5.98,0.21
20240322,31.2001,15.37,58.57,4.95,0.0
20240323,31.2001,15.92,58.24,2.49,0.06
20240324,31.2001,15.12,67.88,4.46,3.02
20240325,31.2001,16.21,59.31,4.08,0.0
20240326,31.2001,19.39,42.97,4.29,0.0
20240327,31.2001,22.51,34.26,2.77,0.0
20240328,31.2001,20.27,50.82,5.11,0.58
20240329,31.2001,18.98,79.34,4.15,0.2
20240330,31.2001,20.03,71.58,3.87,0.12
20240331,31.2001,22.44,65.01,4.52,0.05
20240401,31.2001,22.28,66.33,5.09,0.0
20240402,31.2001,20.75,67.77,4.91,0.0
20240403,31.2001,20.96,64.24,3.61,0.0
20240404,31.2001,21.36,64.25,3.31,0.0
20240405,31.2001,19.33,68.53,4.75,0.0
20240406,31.2001,19.2,65.42,5.97,0.0
20240407,31.2001,19.44,65.8,6.39,0.02
20240408,31.2001,18.54,72.99,5.47,2.12
20240409,31.2001,18.74,64.72,5.48,0.12
20240410,31.2001,18.99,66.13,4.22,0.0
20240411,31.2001,19.86,66.26,3.35,0.0
20240412,31.2001,19.74,70.38,4.03,0.1
20240413,31.2001,20.39,70.95,4.72,0.11
20240414,31.2001,20.29,75.53,5.5,0.18
20240415,31.2001,21.38,66.42,4.9,0.24
20240416,31.2001,22.98,57.24,3.88,0.03
20240417,31.2001,25.16,50.94,6.14,0.0
20240418,31.2001,21.69,66.97,5.02,0.0
20240419,31.2001,20.29,63.46,3.04,0.0
20240420,31.2001,20.3,63.18,5.34,0.0
20240421,31.2001,20.1,60.39,3.33,0.0
20240422,31.2001,23.45,49.8,4.65,0.0
20240423,31.2001,26.78,41.81,6.03,0.0
20240424,31.2001,27.3,40.6,5.48,0.0
20240425,31.2001,22.11,67.22,5.74,0.0
20240426,31.2001,20.61,65.36,5.94,0.0
20240427,31.2001,20.06,65.38,5.43,0.0
20240428,31.2001,20.28,65.23,4.94,0.0
20240429,31.2001,19.96,67.74,5.25,0.0
20240430,31.2001,21.0,69.6,6.08,0.0
20240501,31.2001,21.0,68.83,5.07,0.0
20240502,31.2001,21.63,65.15,4.01,0.0
20240503,31.2001,21.85,69.04,5.02,0.0
20240504,31.2001,20.67,71.89,5.62,0.0
20240505,31.2001,19.89,66.01,6.45,0.0
20240506,31.2001,20.62,60.19,5.57,0.0
20240507,31.2001,20.11,56.75,4.01,0.0
20240508,31.2001,21.55,50.02,3.62,0.0
20240509,31.2001,24.68,46.53,3.58,0.0
20240510,31.2001,22.7,54.9,5.07,0.0
20240511,31.2001,21.67,65.65,5.07,0.0
20240512,31.2001,20.92,68.52,5.31,0.0
20240513,31.2001,20.6,59.92,6.08,0.0
20240514,31.2001,21.1,60.91,5.07,0.0
20240515,31.2001,21.98,54.51,3.64,0.0
20240516,31.2001,24.43,45.09,3.28,0.0
20240517,31.2001,27.77,33.81,3.2,0.0
20240518,31.2001,28.92,32.39,2.96,0.0
20240519,31.2001,28.83,39.43,2.32,0.0
20240520,31.2001,28.21,40.93,4.94,0.0
20240521,31.2001,27.47,52.16,2.69,0.0
20240522,31.2001,28.86,42.41,2.4,0.0
20240523,31.2001,25.91,52.88,4.68,0.0
20240524,31.2001,23.97,59.74,5.4,0.0
20240525,31.2001,24.11,57.97,5.06,0.0
20240526,31.2001,28.34,39.31,2.61,0.0
20240527,31.2001,24.43,57.83,7.28,0.0
20240528,31.2001,23.23,60.94,4.28,0.0
20240529,31.2001,22.73,61.99,3.7,0.0
20240530,31.2001,23.39,52.25,3.44,0.0
20240531,31.2001,27.45,40.31,3.64,0.0
20240601,31.2001,29.58,30.68,3.88,0.0
20240602,31.2001,28.6,40.4,3.86,0.0
20240603,31.2001,26.89,56.28,4.63,0.0
20240604,31.2001,27.22,59.08,4.45,0.0
20240605,31.2001,28.59,58.52,4.36,0.0
20240606,31.2001,29.61,61.44,4.76,0.0
20240607,31.2001,29.73,62.84,4.48,0.0
20240608,31.2001,27.14,64.22,5.8,0.0
20240609,31.2001,26.75,65.78,6.09,0.0
20240610,31.2001,27.06,62.31,4.2,0.0
20240611,31.2001,27.4,55.76,3.45,0.0
20240612,31.2001,28.68,55.56,3.86,0.0
20240613,31.2001,30.98,57.21,4.37,0.0
20240614,31.2001,31.88,59.45,4.39,0.0
20240615,31.2001,30.01,60.62,5.28,0.0
20240616,31.2001,27.86,61.21,4.63,0.0
20240617,31.2001,27.13,62.01,4.86,0.0
20240618,31.2001,27.43,64.6,4.9,0.0
20240619,31.2001,27.76,60.51,4.52,0.0
20240620,31.2001,28.07,64.09,4.0,0.11
20240621,31.2001,28.93,62.71,4.45,0.06
20240622,31.2001,29.29,59.58,5.33,0.1
20240623,31.2001,29.42,61.19,4.36,0.02
20240624,31.2001,29.33,55.97,3.56,0.04
20240625,31.2001,28.18,60.98,4.03,0.0
20240626,31.2001,27.69,64.23,4.93,0.0
20240627,31.2001,28.72,63.2,4.63,0.0
20240628,31.2001,28.31,62.83,5.49,0.0
20240629,31.2001,27.73,63.04,5.45,0.0
20240630,31.2001,28.44,63.47,5.88,0.0
20240701,31.2001,28.82,58.91,5.59,0.0
20240702,31.2001,28.39,54.17,4.38,0.0
20240703,31.2001,29.46,49.17,2.99,0.0
20240704,31.2001,29.28,59.13,3.74,0.0
20240705,31.2001,28.03,60.36,4.29,0.0
20240706,31.2001,27.59,64.01,5.61,0.0
20240707,31.2001,28.6,59.37,6.17,0.0
20240708,31.2001,29.27,63.02,5.31,0.0
20240709,31.2001,30.01,64.75,4.49,0.0
20240710,31.2001,30.4,61.97,3.39,0.0
20240711,31.2001,30.9,57.05,3.51,0.0
20240712,31.2001,30.9,55.9,3.69,0.0
20240713,31.2001,30.0,56.65,4.57,0.0
20240714,31.2001,29.61,62.28,6.07,0.0
20240715,31.2001,29.57,61.76,5.39,0.0
20240716,31.2001,28.8,60.88,4.42,0.0
20240717,31.2001,28.75,62.8,3.86,0.0
20240718,31.2001,28.58,61.42,3.78,0.0
20240719,31.2001,29.64,60.13,3.94,0.0
20240720,31.2001,30.32,63.39,4.35,0.0
20240721,31.2001,30.46,67.0,4.68,0.0
20240722,31.2001,30.92,61.57,4.06,0.0
20240723,31.2001,29.97,66.12,5.14,0.0
20240724,31.2001,30.04,63.22,4.37,0.0
20240725,31.2001,30.64,59.94,4.02,0.0
20240726,31.2001,29.6,57.76,6.0,0.0
20240727,31.2001,29.18,59.05,5.62,0.0
20240728,31.2001,29.88,62.19,3.8,0.0
20240729,31.2001,29.36,58.13,4.52,0.0
20240730,31.2001,29.46,60.77,5.11,0.0
20240731,31.2001,29.71,60.02,4.54,0.0
20240801,31.2001,29.08,62.14,4.72,0.0
20240802,31.2001,29.05,56.95,4.07,0.0
20240803,31.2001,28.57,58.01,3.78,0.0
20240804,31.2001,28.69,57.61,3.64,0.0
20240805,31.2001,28.56,60.33,3.14,0.0
20240806,31.2001,29.35,64.75,3.94,0.0
20240807,31.2001,29.73,61.13,4.34,0.0
20240808,31.2001,29.56,58.71,4.06,0.0
20240809,31.2001,30.21,56.43,3.81,0.0
20240810,31.2001,29.63,60.37,4.51,0.0
20240811,31.2001,29.34,60.21,5.44,0.0
20240812,31.2001,29.01,56.83,4.1,0.0
20240813,31.2001,28.38,61.03,3.63,0.0
20240814,31.2001,29.59,62.41,4.68,0.0
20240815,31.2001,29.66,61.95,4.45,0.0
20240816,31.2001,29.55,67.66,6.12,0.0
20240817,31.2001,29.88,61.74,5.86,0.0
20240818,31.2001,29.15,61.82,4.23,0.0
20240819,31.2001,29.44,59.31,3.64,0.0
20240820,31.2001,30.0,52.58,3.08,0.0
20240821,31.2001,30.12,54.23,3.62,0.0
20240822,31.2001,29.21,66.62,4.15,0.0
20240823,31.2001,29.38,62.17,3.6,0.0
20240824,31.2001,29.58,62.27,4.98,0.0
20240825,31.2001,29.45,57.69,4.1,0.0
20240826,31.2001,29.7,54.8,3.06,0.0
20240827,31.2001,29.39,55.43,3.24,0.0
20240828,31.2001,29.45,56.9,3.74,0.0
20240829,31.2001,29.3,59.49,3.84,0.0
20240830,31.2001,29.66,56.52,4.0,0.0
20240831,31.2001,28.74,61.76,4.25,0.0
20240901,31.2001,29.03,60.71,4.0,0.0
20240902,31.2001,29.77,57.14,3.22,0.0
20240903,31.2001,29.04,59.71,3.51,0.0
20240904,31.2001,28.38,61.88,4.28,0.0
20240905,31.2001,28.84,58.94,4.79,0.0
20240906,31.2001,28.83,61.24,4.2,0.0
20240907,31.2001,29.24,63.34,4.31,0.0
20240908,31.2001,29.07,61.13,4.94,0.0
20240909,31.2001,28.25,62.1,3.61,0.0
20240910,31.2001,29.79,48.47,2.79,0.0
20240911,31.2001,31.22,49.49,5.13,0.0
20240912,31.2001,29.4,67.88,5.44,0.0
20240913,31.2001,27.56,63.13,4.3,0.0
20240914,31.2001,28.23,67.56,4.54,0.0
20240915,31.2001,27.94,68.21,5.2,0.0
20240916,31.2001,27.69,58.57,4.93,0.0
20240917,31.2001,27.55,56.33,3.52,0.0
20240918,31.2001,27.37,58.57,2.62,0.0
20240919,31.2001,29.34,50.08,2.43,0.0
20240920,31.2001,29.04,53.63,4.25,0.0
20240921,31.2001,27.23,59.33,4.28,0.0
20240922,31.2001,26.76,59.65,5.12,0.0
20240923,31.2001,26.23,54.72,4.54,0.0
20240924,31.2001,25.44,58.35,3.97,0.0
20240925,31.2001,25.35,60.49,4.64,0.0
20240926,31.2001,25.37,63.53,4.37,0.0
20240927,31.2001,26.02,62.27,4.04,0.0
20240928,31.2001,25.92,63.38,3.57,0.0
20240929,31.2001,25.56,69.77,4.47,0.0
20240930,31.2001,26.44,67.32,5.25,0.0
20241001,31.2001,25.69,59.86,5.02,0.0
20241002,31.2001,24.24,60.19,3.85,0.0
20241003,31.2001,24.45,58.74,3.4,0.0
20241004,31.2001,23.46,61.6,3.79,0.0
20241005,31.2001,23.3,63.76,3.41,0.0
20241006,31.2001,24.05,66.39,3.01,0.0
20241007,31.2001,25.79,62.42,2.51,0.0
20241008,31.2001,26.36,62.46,2.54,0.0
20241009,31.2001,26.29,66.88,3.5,0.0
20241010,31.2001,25.18,70.37,2.73,0.0
20241011,31.2001,25.74,67.23,2.34,0.0
20241012,31.2001,25.63,68.48,2.46,0.0
20241013,31.2001,25.89,70.19,2.78,0.0
20241014,31.2001,25.35,70.31,4.04,0.0
20241015,31.2001,24.89,59.75,3.83,0.0
20241016,31.2001,24.28,66.81,3.78,0.0
20241017,31.2001,25.12,64.35,4.9,0.0
20241018,31.2001,24.81,61.88,4.77,0.0
20241019,31.2001,24.14,55.13,3.93,0.0
20241020,31.2001,23.77,61.32,4.56,0.0
20241021,31.2001,24.29,59.4,6.0,0.0
20241022,31.2001,23.33,52.19,5.55,0.0
20241023,31.2001,23.18,50.72,6.8,0.0
20241024,31.2001,22.93,49.2,6.44,0.0
20241025,31.2001,22.4,57.07,5.72,0.0
20241026,31.2001,22.55,59.19,5.02,0.0
20241027,31.2001,23.05,59.45,5.06,0.0
20241028,31.2001,22.27,67.54,4.88,0.01
20241029,31.2001,21.45,63.98,4.26,0.03
20241030,31.2001,21.68,60.0,3.29,0.01
20241031,31.2001,21.54,62.28,3.65,0.01
20241101,31.2001,21.53,65.69,3.81,0.4
20241102,31.2001,21.1,64.25,3.09,0.28
20241103,31.2001,21.35,61.87,2.96,0.15
20241104,31.2001,21.56,64.77,4.47,0.04
20241105,31.2001,20.79,64.03,3.37,0.24
20241106,31.2001,21.64,64.35,3.68,0.02
20241107,31.2001,22.62,64.86,5.47,0.05
20241108,31.2001,21.43,67.57,5.02,0.11
20241109,31.2001,20.79,67.48,3.93,1.11
20241110,31.2001,20.38,63.87,5.21,0.55
20241111,31.2001,19.69,67.14,3.57,0.06
20241112,31.2001,19.95,68.15,3.41,0.0
20241113,31.2001,20.03,69.83,4.36,0.0
20241114,31.2001,21.15,74.65,4.2,0.0
20241115,31.2001,21.03,69.03,4.24,0.0
20241116,31.2001,21.04,58.23,3.26,0.0
20241117,31.2001,19.96,65.92,5.41,0.12
20241118,31.2001,19.72,68.76,4.81,1.01
20241119,31.2001,20.03,71.67,4.23,0.71
20241120,31.2001,19.82,74.13,3.35,0.2
20241121,31.2001,19.75,63.82,3.73,0.03
20241122,31.2001,20.77,63.75,2.53,0.0
20241123,31.2001,20.37,69.0,2.75,0.0
20241124,31.2001,18.47,62.48,8.05,0.4
20241125,31.2001,17.0,55.09,6.03,0.39
20241126,31.2001,16.91,52.48,4.59,0.15
20241127,31.2001,17.8,61.75,3.56,0.68
20241128,31.2001,18.58,65.42,3.81,0.12
20241129,31.2001,18.29,64.16,3.73,0.02
20241130,31.2001,17.99,66.4,3.16,0.0
20241201,31.2001,17.56,70.87,2.6,0.01
20241202,31.2001,17.72,68.04,1.85,0.0
20241203,31.2001,17.0,71.61,4.35,0.0
20241204,31.2001,17.57,72.72,4.04,0.0
20241205,31.2001,18.26,65.62,2.06,0.0
20241206,31.2001,17.75,71.72,2.33,0.0
20241207,31.2001,17.84,59.41,2.64,0.0
20241208,31.2001,16.62,52.94,3.72,0.0
20241209,31.2001,16.65,53.92,2.43,0.0
20241210,31.2001,16.31,79.62,2.83,0.0
20241211,31.2001,17.93,81.68,3.4,0.0
20241212,31.2001,17.55,79.42,3.62,0.01
20241213,31.2001,17.57,65.23,6.08,0.0
20241214,31.2001,17.68,57.0,4.76,0.0
20241215,31.2001,15.88,65.27,2.86,0.0
20241216,31.2001,16.33,74.32,2.45,0.0
20241217,31.2001,16.49,72.66,4.0,0.16
20241218,31.2001,16.26,70.93,3.61,0.02
20241219,31.2001,16.14,77.66,4.56,5.06
20241220,31.2001,17.25,74.96,5.18,0.41
20241221,31.2001,16.35,66.27,5.02,0.02
20241222,31.2001,16.3,67.68,3.38,0.0
20241223,31.2001,15.67,68.41,5.93,0.0
20241224,31.2001,14.56,58.6,6.09,0.0
20241225,31.2001,13.54,50.4,6.74,0.0
20241226,31.2001,12.66,63.39,5.79,0.0
20241227,31.2001,12.76,65.84,7.38,0.43
20241228,31.2001,13.88,75.31,4.91,1.19
20241229,31.2001,14.39,73.71,5.31,1.1
20241230,31.2001,14.7,67.71,5.28,0.38
20241231,31.2001,15.14,66.85,5.38,0.17
20250101,31.2001,15.59,66.45,3.46,0.02
20250102,31.2001,14.74,73.05,3.61,0.02
20250103,31.2001,14.65,76.23,4.15,0.03
20250104,31.2001,14.73,78.98,4.5,0.04
20250105,31.2001,15.0,76.64,5.39,0.21
20250106,31.2001,16.45,77.42,5.14,0.32
20250107,31.2001,16.46,76.19,3.24,0.11
20250108,31.2001,15.54,70.2,3.8,0.02
20250109,31.2001,16.13,71.52,3.68,0.03
20250110,31.2001,15.3,78.03,4.37,0.46
20250111,31.2001,16.14,77.14,4.1,0.0
20250112,31.2001,16.23,65.24,2.55,0.0
20250113,31.2001,16.37,61.24,2.09,0.0
20250114,31.2001,16.1,73.94,2.1,0.01
20250115,31.2001,15.92,72.05,2.02,0.0
20250116,31.2001,16.31,73.91,3.61,0.0
20250117,31.2001,16.48,78.49,4.69,0.0
20250118,31.2001,15.88,74.31,4.06,0.0
20250119,31.2001,15.43,76.06,1.91,0.0
20250120,31.2001,16.11,78.15,2.01,0.0
20250121,31.2001,15.7,71.49,3.06,0.32
20250122,31.2001,15.97,79.73,3.14,0.09
20250123,31.2001,15.52,77.94,4.21,0.02
20250124,31.2001,16.39,77.13,2.54,0.01
20250125,31.2001,15.32,74.32,2.26,0.02
20250126,31.2001,15.52,77.03,3.28,0.37
20250127,31.2001,16.05,74.13,2.65,0.05
20250128,31.2001,15.96,70.75,4.06,0.22
20250129,31.2001,15.52,64.95,4.64,0.01
20250130,31.2001,15.14,72.89,3.21,0.0
20250131,31.2001,15.41,71.33,3.74,0.0
20250201,31.2001,15.24,75.8,3.26,0.0
20250202,31.2001,15.3,74.31,3.06,0.0
20250203,31.2001,15.05,78.84,2.45,0.0
20250204,31.2001,15.39,76.29,2.36,0.0
20250205,31.2001,15.92,65.4,7.96,0.65
20250206,31.2001,14.19,52.83,9.28,0.23
20250207,31.2001,14.76,55.2,5.63,0.53
20250208,31.2001,14.27,53.7,3.62,0.26
20250209,31.2001,14.3,63.67,4.88,2.11
20250210,31.2001,14.53,61.03,5.21,0.24
20250211,31.2001,14.02,58.16,5.2,0.05
20250212,31.2001,13.88,58.44,6.0,0.02
20250213,31.2001,13.62,59.23,5.44,0.0
20250214,31.2001,13.92,60.58,3.35,0.0
20250215,31.2001,13.93,70.82,3.72,0.02
20250216,31.2001,15.44,64.95,2.97,0.01
20250217,31.2001,15.31,59.07,4.36,0.0
20250218,31.2001,16.0,65.39,3.37,0.0
20250219,31.2001,15.93,72.68,3.26,0.06
20250220,31.2001,14.08,71.86,5.98,0.59
20250221,31.2001,13.81,53.17,5.25,0.06
20250222,31.2001,13.21,54.0,5.83,0.05
20250223,31.2001,12.07,57.21,4.6,0.29
20250224,31.2001,12.05,61.86,4.68,0.49
20250225,31.2001,11.23,59.18,3.36,0.0
20250226,31.2001,13.11,57.54,2.82,0.0
20250227,31.2001,13.93,62.16,2.89,0.0
20250228,31.2001,14.42,65.83,3.31,0.0
20250301,31.2001,15.26,70.4,3.88,0.0
20250302,31.2001,15.81,70.38,3.39,0.01
20250303,31.2001,15.09,74.19,2.93,0.01
20250304,31.2001,15.09,73.5,4.17,0.13
20250305,31.2001,15.65,70.41,4.61,0.44
20250306,31.2001,16.83,74.5,3.88,1.74
20250307,31.2001,16.65,75.36,3.94,0.01
20250308,31.2001,16.69,70.28,3.62,0.0
20250309,31.2001,17.71,60.47,2.34,0.0
20250310,31.2001,17.83,57.55,3.26,0.0
20250311,31.2001,18.15,61.24,3.75,0.0
20250312,31.2001,18.53,66.55,4.08,0.0
20250313,31.2001,20.74,65.81,2.5,0.0
20250314,31.2001,22.38,57.76,2.93,0.0
20250315,31.2001,20.99,62.65,4.09,0.0
20250316,31.2001,22.7,57.44,3.58,0.0
20250317,31.2001,22.73,58.52,3.94,0.01
20250318,31.2001,19.07,68.11,5.05,0.0
20250319,31.2001,17.14,66.0,7.36,0.07
20250320,31.2001,14.87,52.12,9.71,0.02
20250321,31.2001,15.31,52.95,6.81,0.16
20250322,31.2001,15.77,51.7,4.52,0.01
20250323,31.2001,16.85,49.93,3.38,0.0
20250324,31.2001,17.77,58.11,5.06,0.0
20250325,31.2001,19.93,60.77,5.2,0.0
20250326,31.2001,21.96,57.06,4.87,0.0
20250327,31.2001,24.58,42.85,3.06,0.0
20250328,31.2001,19.63,59.92,6.35,0.0
20250329,31.2001,18.12,60.3,4.0,0.0
20250330,31.2001,19.63,45.37,4.19,0.0
20250331,31.2001,23.37,27.83,6.97,0.0
20250401,31.2001,20.94,53.76,4.58,0.0
20250402,31.2001,19.73,49.78,5.72,0.0
20250403,31.2001,18.84,63.19,3.89,0.0
20250404,31.2001,17.82,67.18,3.14,0.0
20250405,31.2001,19.56,57.1,3.09,0.0
20250406,31.2001,19.45,64.41,4.11,0.0
20250407,31.2001,20.71,54.67,3.12,0.0
20250408,31.2001,21.24,55.25,4.79,0.16
20250409,31.2001,18.53,71.25,5.74,0.49
20250410,31.2001,16.3,59.65,6.21,0.1
20250411,31.2001,16.29,61.22,5.87,0.17
20250412,31.2001,17.51,59.79,3.64,0.02
20250413,31.2001,17.08,64.37,5.43,1.04
20250414,31.2001,17.79,58.82,5.08,0.0
20250415,31.2001,18.63,58.95,3.7,0.0
20250416,31.2001,19.16,56.1,4.61,0.0
20250417,31.2001,20.28,59.55,5.13,0.0
20250418,31.2001,20.89,59.52,4.55,0.0
20250419,31.2001,21.18,61.75,3.43,0.0
20250420,31.2001,21.09,63.66,3.49,0.0
20250421,31.2001,25.02,45.21,2.92,0.0
20250422,31.2001,27.11,42.43,3.16,0.0
20250423,31.2001,21.62,66.87,6.66,0.0
20250424,31.2001,19.23,75.67,4.33,0.0
20250425,31.2001,19.63,70.29,4.4,0.0
20250426,31.2001,20.18,62.49,3.34,0.0
20250427,31.2001,20.21,62.1,3.55,0.0
20250428,31.2001,19.59,63.86,3.53,0.0
20250429,31.2001,21.29,56.54,3.84,0.0
20250430,31.2001,19.58,67.02,6.9,0.08
20250501,31.2001,19.58,62.27,4.65,0.03
20250502,31.2001,19.47,60.73,5.53,0.02
20250503,31.2001,19.46,66.28,4.99,0.25
20250504,31.2001,19.54,66.96,4.33,0.06
20250505,31.2001,21.36,53.7,3.34,0.0
20250506,31.2001,24.04,36.89,3.24,0.0
20250507,31.2001,24.81,40.2,3.85,0.0
20250508,31.2001,25.87,43.49,3.97,0.0
20250509,31.2001,27.42,44.96,3.97,0.0
20250510,31.2001,27.88,32.55,3.49,0.0
20250511,31.2001,27.56,40.19,5.75,0.0
20250512,31.2001,23.02,57.62,4.9,0.0
20250513,31.2001,24.54,53.43,6.0,0.0
20250514,31.2001,21.99,64.41,4.62,0.0
20250515,31.2001,22.26,55.95,3.13,0.0
20250516,31.2001,27.27,39.99,4.88,0.0
20250517,31.2001,25.12,52.57,6.05,0.0
20250518,31.2001,22.76,67.56,5.51,0.0
20250519,31.2001,21.76,64.26,5.41,0.0
20250520,31.2001,21.84,57.8,5.5,0.0
20250521,31.2001,21.97,65.27,5.32,0.05
20250522,31.2001,23.33,63.51,4.32,1.3
20250523,31.2001,25.14,53.0,3.82,0.0
20250524,31.2001,27.83,41.07,3.14,0.02
20250525,31.2001,30.11,31.15,2.84,0.0
20250526,31.2001,24.86,51.26,7.0,0.49
20250527,31.2001,22.34,61.3,6.91,4.72
20250528,31.2001,22.75,57.01,4.53,0.0
20250529,31.2001,22.98,63.93,4.34,0.14
20250530,31.2001,24.01,59.18,3.9,0.39
20250531,31.2001,23.9,57.39,4.34,0.13
20250601,31.2001,22.99,62.55,4.1,0.0
20250602,31.2001,22.7,63.79,4.5,0.0
20250603,31.2001,23.7,61.13,4.84,0.0
20250604,31.2001,25.21,64.68,4.77,0.0
20250605,31.2001,25.27,63.15,4.71,0.0
20250606,31.2001,25.45,60.05,3.98,0.0
20250607,31.2001,25.52,63.0,4.35,0.0
20250608,31.2001,25.3,65.92,4.99,0.0
20250609,31.2001,25.79,64.41,4.42,0.0
20250610,31.2001,26.42,61.84,4.66,0.0
20250611,31.2001,26.06,64.15,4.45,0.0
20250612,31.2001,26.23,69.46,5.09,0.0
20250613,31.2001,26.9,64.65,4.67,0.0
20250614,31.2001,26.06,64.44,5.49,0.0
20250615,31.2001,25.3,62.44,6.36,0.0
20250616,31.2001,24.74,62.21,6.45,0.0
20250617,31.2001,25.44,64.1,4.78,0.0
20250618,31.2001,26.5,61.55,4.6,0.0
20250619,31.2001,25.98,61.97,4.6,0.0
20250620,31.2001,26.68,62.28,5.04,0.0
20250621,31.2001,26.86,61.75,4.92,0.0
20250622,31.2001,26.54,63.89,6.26,0.0
20250623,31.2001,25.19,61.95,5.8,0.0
20250624,31.2001,26.45,63.45,4.95,0.0
20250625,31.2001,26.47,56.82,4.84,0.0
20250626,31.2001,26.49,62.77,4.26,1.09
20250627,31.2001,26.96,67.0,4.22,4.78
20250628,31.2001,27.45,67.62,4.42,2.56
20250629,31.2001,27.21,66.94,5.85,1.52
20250630,31.2001,27.74,65.03,4.54,0.06
20250701,31.2001,27.18,70.13,4.2,0.66
20250702,31.2001,27.47,65.51,4.82,0.08
20250703,31.2001,28.68,66.42,4.75,0.83
20250704,31.2001,27.76,58.28,4.99,0.0
20250705,31.2001,27.77,56.51,3.88,0.01
20250706,31.2001,27.49,55.71,3.93,0.0
20250707,31.2001,27.62,56.86,4.29,0.0
20250708,31.2001,27.15,60.12,4.5,0.0
20250709,31.2001,27.42,66.14,4.28,0.0
20250710,31.2001,28.15,64.2,4.57,0.0
20250711,31.2001,27.02,66.0,4.02,0.0
20250712,31.2001,27.02,62.75,4.42,0.0
20250713,31.2001,26.9,60.38,4.98,0.0
20250714,31.2001,27.18,61.78,5.04,0.0
20250715,31.2001,27.85,60.45,4.43,0.0
20250716,31.2001,28.77,52.24,3.58,0.0
20250717,31.2001,29.06,57.12,3.22,0.0
20250718,31.2001,29.24,52.8,3.18,0.0
20250719,31.2001,28.59,59.66,4.1,0.0
20250720,31.2001,28.32,65.43,4.74,0.0
20250721,31.2001,28.83,59.13,4.77,0.0
20250722,31.2001,30.59,58.03,2.83,0.0
20250723,31.2001,31.23,56.53,3.17,0.0
20250724,31.2001,30.56,57.38,3.28,0.0
20250725,31.2001,30.11,66.76,4.9,0.0
20250726,31.2001,31.2,62.81,4.54,0.0
20250727,31.2001,30.76,60.18,4.3,0.0
20250728,31.2001,29.94,60.74,5.1,0.0
20250729,31.2001,28.8,63.0,5.24,0.0
20250730,31.2001,28.14,63.57,4.36,0.0
20250731,31.2001,27.83,63.7,5.44,0.0
20250801,31.2001,28.16,64.54,5.82,0.0
20250802,31.2001,28.15,64.35,4.45,0.0
20250803,31.2001,28.36,60.12,3.86,0.0
20250804,31.2001,28.33,60.34,3.88,0.0
20250805,31.2001,28.27,60.52,3.94,0.0
20250806,31.2001,27.76,62.24,5.26,0.0
20250807,31.2001,27.32,65.22,5.25,0.0
20250808,31.2001,28.22,63.21,4.12,0.0
20250809,31.2001,29.15,59.94,3.22,0.0
20250810,31.2001,30.7,59.46,2.96,0.0
20250811,31.2001,30.7,61.12,3.06,0.0
20250812,31.2001,32.02,56.39,3.73,0.0
20250813,31.2001,31.87,54.24,4.63,0.0
20250814,31.2001,31.29,58.36,4.45,0.0
20250815,31.2001,29.96,62.58,5.37,0.0
20250816,31.2001,28.46,63.66,5.11,0.0
20250817,31.2001,28.44,58.55,4.46,0.0
20250818,31.2001,31.07,49.1,2.79,0.0
20250819,31.2001,30.56,52.14,4.22,0.0
20250820,31.2001,28.93,60.01,5.49,0.0
20250821,31.2001,29.04,59.17,5.41,0.0
20250822,31.2001,28.87,60.3,4.38,0.0
20250823,31.2001,29.52,62.75,4.03,0.0
20250824,31.2001,29.14,66.8,5.48,0.0
20250825,31.2001,28.4,58.98,5.77,0.0
20250826,31.2001,27.87,56.17,5.5,0.0
20250827,31.2001,27.98,54.04,5.21,0.0
20250828,31.2001,27.64,56.03,3.84,0.0
20250829,31.2001,27.81,54.51,3.37,0.0
20250830,31.2001,27.5,60.63,3.0,0.0
20250831,31.2001,28.83,52.23,2.55,0.0
20250901,31.2001,28.71,53.98,4.08,0.0
20250902,31.2001,27.68,67.0,5.53,0.0
20250903,31.2001,27.78,59.43,5.05,0.0
20250904,31.2001,28.4,61.45,4.76,0.02
20250905,31.2001,28.18,65.4,4.47,0.24
20250906,31.2001,28.4,63.91,3.42,1.85
20250907,31.2001,28.15,67.62,4.54,7.63
20250908,31.2001,26.73,62.2,5.06,0.33
20250909,31.2001,26.48,61.16,4.54,0.0
20250910,31.2001,26.77,64.14,4.68,0.0
20250911,31.2001,28.1,65.87,3.62,0.0
20250912,31.2001,27.66,61.82,3.37,0.0
20250913,31.2001,27.53,66.71,3.83,0.0
20250914,31.2001,27.95,66.29,4.95,0.0
20250915,31.2001,26.64,67.66,4.61,0.0
20250916,31.2001,26.48,64.79,4.7,0.0
20250917,31.2001,27.35,64.72,4.12,0.0
20250918,31.2001,26.96,63.15,4.83,0.0
20250919,31.2001,26.91,66.08,6.01,0.54
20250920,31.2001,26.68,62.7,5.06,0.67
20250921,31.2001,25.75,54.59,4.51,0.01
20250922,31.2001,25.07,63.13,3.93,0.1
20250923,31.2001,25.16,66.1,3.36,0.01
20250924,31.2001,25.34,61.85,4.72,0.0
20250925,31.2001,25.28,60.07,4.65,0.0
20250926,31.2001,26.22,62.52,4.49,0.0
20250927,31.2001,25.51,64.82,4.19,0.0
20250928,31.2001,24.77,65.99,3.53,0.0
20250929,31.2001,25.78,61.74,2.29,0.0
20250930,31.2001,26.12,63.65,3.67,0.0
20251001,31.2001,25.06,60.0,3.82,0.0
20251002,31.2001,26.88,52.37,2.87,0.0
20251003,31.2001,26.79,58.71,4.0,0.0
20251004,31.2001,26.4,57.27,2.57,0.0
20251005,31.2001,24.47,59.85,3.9,0.0
20251006,31.2001,24.21,57.48,2.55,0.0
20251007,31.2001,24.89,56.62,4.16,0.0
20251008,31.2001,24.84,58.08,4.9,0.13
20251009,31.2001,23.57,57.36,4.86,0.11
20251010,31.2001,23.57,58.32,4.09,0.19
20251011,31.2001,23.21,61.91,4.95,0.61
20251012,31.2001,23.4,58.93,6.14,0.33
20251013,31.2001,23.48,57.21,4.21,0.02
20251014,31.2001,22.34,61.64,4.21,0.0
20251015,31.2001,22.37,63.2,4.16,0.0
20251016,31.2001,23.31,60.8,4.02,0.0
20251017,31.2001,22.13,60.84,3.94,0.0
20251018,31.2001,22.74,60.34,3.04,0.0
20251019,31.2001,23.97,61.72,2.78,0.0
20251020,31.2001,24.0,67.63,2.9,0.0
20251021,31.2001,24.93,64.39,4.34,0.0
20251022,31.2001,25.51,62.26,3.67,0.0
20251023,31.2001,24.92,70.66,2.57,0.0
20251024,31.2001,25.46,61.09,1.92,0.0
20251025,31.2001,24.11,65.31,3.38,0.0
20251026,31.2001,23.73,72.26,3.25,0.0
20251027,31.2001,23.44,63.24,2.03,0.0
20251028,31.2001,22.51,69.12,2.59,0.0
20251029,31.2001,23.16,70.51,3.17,0.0
20251030,31.2001,22.3,66.13,3.9,0.0
20251031,31.2001,22.45,70.1,4.5,0.0
20251101,31.2001,22.25,75.87,4.14,0.0
20251102,31.2001,23.13,66.64,4.11,0.0
20251103,31.2001,24.27,62.75,5.1,0.44
20251104,31.2001,24.78,72.15,5.61,0.01
20251105,31.2001,23.94,75.44,4.12,0.02
20251106,31.2001,23.06,62.84,3.4,0.0
20251107,31.2001,22.44,55.57,3.08,0.0
20251108,31.2001,22.55,56.82,2.26,0.0
20251109,31.2001,22.85,64.93,4.32,0.0
20251110,31.2001,22.62,68.43,3.42,0.0
20251111,31.2001,21.13,63.12,2.75,0.0
20251112,31.2001,21.1,64.56,2.23,0.11
20251113,31.2001,20.28,69.76,4.02,1.98
20251114,31.2001,20.73,63.46,6.58,0.78
20251115,31.2001,21.1,63.53,5.75,0.09
20251116,31.2001,21.1,63.35,3.09,1.03
20251117,31.2001,20.91,61.0,2.09,0.05
20251118,31.2001,20.53,66.54,3.73,0.05
20251119,31.2001,22.3,71.43,3.6,0.0
20251120,31.2001,22.54,74.01,1.77,0.17
20251121,31.2001,22.96,73.69,2.3,0.3
20251122,31.2001,23.19,73.85,2.74,0.03
20251123,31.2001,23.58,76.34,3.81,0.0
20251124,31.2001,21.13,70.67,5.6,0.0
20251125,31.2001,19.2,59.76,3.97,0.0
20251126,31.2001,19.44,59.5,2.45,0.0
20251127,31.2001,19.54,61.31,2.83,0.01
20251128,31.2001,19.12,71.27,2.13,0.17
20251129,31.2001,19.3,63.57,3.77,0.01
20251130,31.2001,17.43,67.34,5.47,7.3
20251201,31.2001,18.99,67.65,3.33,1.05
20251202,31.2001,19.19,66.6,3.16,0.33
20251203,31.2001,19.86,61.49,2.44,0.0
20251204,31.2001,20.06,65.86,2.99,0.0
20251205,31.2001,18.48,58.56,4.82,0.0
20251206,31.2001,16.22,54.41,5.58,0.0
20251207,31.2001,15.43,64.66,6.64,0.11
20251208,31.2001,16.19,67.52,6.49,1.15
20251209,31.2001,16.91,77.39,5.02,3.41
20251210,31.2001,17.33,70.91,5.39,0.48
20251211,31.2001,17.38,71.5,4.77,0.27
20251212,31.2001,18.26,62.93,3.95,0.36
20251213,31.2001,17.79,71.4,3.22,0.52
20251214,31.2001,17.3,79.15,2.95,1.17
20251215,31.2001,17.83,72.16,6.46,0.93
20251216,31.2001,17.9,67.54,4.68,0.19
20251217,31.2001,17.38,63.74,5.11,0.05
20251218,31.2001,16.86,61.06,2.93,0.0
20251219,31.2001,15.59,65.66,2.11,0.0
20251220,31.2001,16.66,63.46,2.86,0.0
20251221,31.2001,15.79,48.41,3.32,0.0
20251222,31.2001,14.63,62.66,4.12,0.0
20251223,31.2001,16.03,68.78,3.82,0.0
20251224,31.2001,16.51,63.83,1.85,0.0
20251225,31.2001,16.28,79.65,2.93,0.0
20251226,31.2001,16.41,77.06,3.51,0.0
20251227,31.2001,16.46,70.28,5.42,0.18
20251228,31.2001,16.25,64.15,6.25,0.46
20251229,31.2001,16.76,71.01,6.39,0.32
20251230,31.2001,16.3,63.34,3.36,0.03
20251231,31.2001,14.8,57.77,6.59,0.01
20210101,51.5074,0.68,97.35,2.86,1.49
20210102,51.5074,1.18,95.99,3.77,0.24
20210103,51.5074,1.93,95.67,4.68,0.69
20210104,51.5074,2.32,95.22,7.14,1.99
20210105,51.5074,1.69,96.13,6.66,2.47
20210106,51.5074,2.05,96.12,4.55,2.5
20210107,51.5074,-1.19,96.42,3.74,0.11
20210108,51.5074,-0.95,96.67,1.91,0.16
20210109,51.5074,-0.38,97.62,2.21,0.22
20210110,51.5074,-0.32,98.07,3.41,0.2
20210111,51.5074,4.79,96.17,7.38,1.64
20210112,51.5074,4.22,92.12,5.53,4.18
20210113,51.5074,3.36,98.7,3.01,6.04
20210114,51.5074,3.34,97.93,4.1,18.41
20210115,51.5074,0.23,89.5,2.78,0.05
20210116,51.5074,2.56,94.91,6.13,10.21
20210117,51.5074,3.31,94.67,5.13,0.05
20210118,51.5074,4.2,96.37,6.11,1.4
20210119,51.5074,9.48,93.68,10.88,8.23
20210120,51.5074,9.09,93.48,12.02,5.15
20210121,51.5074,4.38,90.88,8.12,0.92
20210122,51.5074,2.41,93.33,4.21,0.63
20210123,51.5074,0.58,94.63,3.44,0.26
20210124,51.5074,-0.39,97.24,3.45,3.51
20210125,51.5074,-0.66,95.39,5.36,0.06
20210126,51.5074,1.43,96.01,4.92,2.75
20210127,51.5074,5.95,98.12,2.96,8.68
20210128,51.5074,9.44,95.46,6.34,15.1
20210129,51.5074,7.64,93.79,6.69,1.5
20210130,51.5074,3.42,92.98,7.48,10.66
20210131,51.5074,1.35,88.46,5.42,1.12
20210201,51.5074,2.96,91.82,3.04,0.78
20210202,51.5074,8.42,94.85,6.84,6.42
20210203,51.5074,6.66,95.22,4.76,4.73
20210204,51.5074,6.34,97.07,4.23,4.28
20210205,51.5074,6.05,94.75,3.16,0.96
20210206,51.5074,4.88,95.07,3.37,8.78
20210207,51.5074,-0.43,84.15,10.02,3.2
20210208,51.5074,-1.91,85.59,7.84,0.6
20210209,51.5074,-1.41,84.41,6.83,0.41
20210210,51.5074,-1.55,84.72,5.36,0.3
20210211,51.5074,-2.06,83.83,5.4,0.08
20210212,51.5074,-2.37,78.0,7.39,0.0
20210213,51.5074,-2.63,73.13,7.48,0.0
20210214,51.5074,0.9,77.09,8.72,1.65
20210215,51.5074,5.98,97.28,5.87,5.37
20210216,51.5074,7.02,96.88,6.57,3.5
20210217,51.5074,8.66,93.19,9.21,2.22
20210218,51.5074,6.33,91.25,7.76,1.43
20210219,51.5074,7.09,93.57,8.12,0.2
20210220,51.5074,9.93,87.65,8.49,0.1
20210221,51.5074,10.01,91.36,3.86,0.43
20210222,51.5074,8.25,95.48,3.3,0.46
20210223,51.5074,8.7,86.81,8.41,0.05
20210224,51.5074,10.27,86.05,7.77,0.03
20210225,51.5074,8.3,88.5,4.05,0.48
20210226,51.5074,4.74,83.83,2.67,0.0
20210227,51.5074,4.5,89.52,2.94,0.01
20210228,51.5074,5.12,91.31,4.46,0.13
20210301,51.5074,4.92,92.16,5.02,0.23
20210302,51.5074,4.64,93.46,3.18,0.19
20210303,51.5074,5.18,96.29,1.97,3.82
20210304,51.5074,4.15,91.18,4.23,3.1
20210305,51.5074,2.56,80.78,5.18,0.06
20210306,51.5074,1.62,83.21,3.23,0.02
20210307,51.5074,1.65,77.94,2.03,0.01
20210308,51.5074,2.63,88.1,2.22,0.11
20210309,51.5074,4.9,86.27,4.46,0.0
20210310,51.5074,6.57,94.09,10.6,11.25
20210311,51.5074,7.96,83.24,12.12,2.16
20210312,51.5074,6.07,88.07,9.09,2.93
20210313,51.5074,5.72,83.03,10.64,2.68
20210314,51.5074,6.46,87.72,8.18,2.05
20210315,51.5074,7.63,86.06,5.53,0.96
20210316,51.5074,7.75,91.73,5.59,1.13
20210317,51.5074,5.65,87.95,4.99,0.58
20210318,51.5074,6.06,90.93,5.29,3.03
20210319,51.5074,5.94,83.06,5.02,0.22
20210320,51.5074,6.18,88.1,3.0,0.13
20210321,51.5074,7.71,82.72,4.04,0.15
20210322,51.5074,6.12,86.22,2.6,0.01
20210323,51.5074,5.98,88.22,4.28,0.04
20210324,51.5074,7.21,90.73,4.44,0.35
20210325,51.5074,7.32,89.19,6.02,0.85
20210326,51.5074,7.72,89.82,8.4,4.19
20210327,51.5074,6.49,81.36,7.25,0.42
20210328,51.5074,8.55,89.58,8.87,0.06
20210329,51.5074,9.98,86.68,6.21,0.02
20210330,51.5074,11.5,70.77,2.55,0.0
20210331,51.5074,13.03,77.59,2.95,0.0
20210401,51.5074,8.71,84.59,6.11,0.02
20210402,51.5074,5.81,78.78,6.01,0.06
20210403,51.5074,5.76,78.05,5.49,0.02
20210404,51.5074,6.24,83.56,3.46,0.01
20210405,51.5074,4.33,69.35,7.01,0.05
20210406,51.5074,1.42,75.54,5.78,0.09
20210407,51.5074,1.9,75.74,4.74,0.02
20210408,51.5074,5.43,80.81,5.42,0.11
20210409,51.5074,7.47,84.39,4.14,0.69
20210410,51.5074,4.39,88.37,5.85,2.66
20210411,51.5074,3.28,78.54,4.25,0.4
20210412,51.5074,3.59,70.98,2.06,0.35
20210413,51.5074,5.23,74.15,1.89,0.18
20210414,51.5074,4.91,74.2,3.52,0.05
20210415,51.5074,3.81,82.44,4.28,0.58
20210416,51.5074,4.73,78.98,3.31,0.04
20210417,51.5074,5.66,75.24,3.24,0.0
20210418,51.5074,7.25,69.39,1.74,0.0
20210419,51.5074,8.55,78.84,1.89,0.01
20210420,51.5074,9.0,81.31,2.01,0.03
20210421,51.5074,8.02,80.45,4.87,0.03
20210422,51.5074,6.04,74.98,4.32,0.0
20210423,51.5074,6.96,74.74,4.75,0.0
20210424,51.5074,8.17,77.56,5.63,0.0
20210425,51.5074,6.92,77.78,6.39,0.02
20210426,51.5074,5.71,75.1,4.58,0.0
20210427,51.5074,8.02,74.08,1.9,0.07
20210428,51.5074,7.07,82.01,5.48,2.56
20210429,51.5074,6.35,75.75,3.87,0.33
20210430,51.5074,6.58,74.75,2.21,0.31
20210501,51.5074,6.37,80.0,2.44,0.66
20210502,51.5074,7.68,78.35,2.47,0.97
20210503,51.5074,8.39,81.45,9.23,6.48
20210504,51.5074,8.61,74.31,10.19,1.27
20210505,51.5074,6.44,81.24,4.36,1.78
20210506,51.5074,6.17,77.65,3.41,0.5
20210507,51.5074,7.49,76.18,4.08,0.07
20210508,51.5074,11.44,85.61,8.55,11.35
20210509,51.5074,13.94,85.31,5.59,2.82
20210510,51.5074,11.63,80.8,6.94,2.63
20210511,51.5074,10.8,80.67,4.81,0.76
20210512,51.5074,11.13,77.83,4.31,0.48
20210513,51.5074,10.37,87.52,4.85,4.02
20210514,51.5074,9.97,84.87,2.94,2.2
20210515,51.5074,10.49,86.74,3.77,4.22
20210516,51.5074,10.5,87.72,4.27,6.64
20210517,51.5074,11.24,86.11,3.98,5.64
20210518,51.5074,10.65,84.24,3.91,3.32
20210519,51.5074,11.03,81.52,3.81,2.14
20210520,51.5074,10.21,85.1,8.5,1.23
20210521,51.5074,10.76,79.37,12.75,3.64
20210522,51.5074,10.34,83.72,4.7,4.33
20210523,51.5074,9.24,83.34,7.69,6.66
20210524,51.5074,9.69,83.79,5.6,3.32
20210525,51.5074,10.32,81.77,6.01,1.96
20210526,51.5074,10.47,81.79,4.39,0.44
20210527,51.5074,13.15,78.14,1.96,0.05
20210528,51.5074,13.19,78.97,2.7,0.05
20210529,51.5074,13.47,76.53,3.85,0.01
20210530,51.5074,11.96,77.87,4.06,0.04
20210531,51.5074,14.57,77.7,4.24,0.05
20210601,51.5074,15.82,74.03,4.56,0.02
20210602,51.5074,17.41,78.85,3.88,0.05
20210603,51.5074,17.69,80.41,3.75,0.33
20210604,51.5074,13.98,92.66,3.72,15.6
20210605,51.5074,15.94,76.9,2.64,0.13
20210606,51.5074,16.68,79.62,2.15,0.07
20210607,51.5074,16.71,80.87,2.93,0.11
20210608,51.5074,16.79,74.41,2.68,0.0
20210609,51.5074,16.96,74.71,3.92,0.03
20210610,51.5074,18.14,83.85,4.16,0.34
20210611,51.5074,18.5,82.76,4.82,0.1
20210612,51.5074,17.45,77.72,3.08,0.03
20210613,51.5074,18.74,77.12,2.12,0.0
20210614,51.5074,19.48,75.46,3.61,0.12
20210615,51.5074,17.95,75.01,3.0,0.02
20210616,51.5074,18.85,82.73,2.7,14.26
20210617,51.5074,18.77,87.27,1.69,7.28
20210618,51.5074,15.5,93.62,5.58,32.09
20210619,51.5074,13.73,86.41,3.88,3.88
20210620,51.5074,15.21,85.26,3.48,3.08
20210621,51.5074,12.75,84.21,7.4,5.1
20210622,51.5074,12.98,76.24,6.05,0.43
20210623,51.5074,14.0,72.32,2.81,0.0
20210624,51.5074,15.74,79.78,2.35,0.41
20210625,51.5074,16.45,83.01,3.33,1.82
20210626,51.5074,16.28,79.19,3.13,0.28
20210627,51.5074,17.15,88.68,5.66,6.19
20210628,51.5074,17.41,86.36,2.41,5.61
20210629,51.5074,15.49,85.42,4.04,1.53
20210630,51.5074,13.73,85.7,3.03,0.52
20210701,51.5074,16.2,73.25,2.08,0.05
20210702,51.5074,18.19,74.87,1.76,0.23
20210703,51.5074,17.99,83.95,4.19,4.72
20210704,51.5074,16.16,87.04,5.01,4.1
20210705,51.5074,15.9,80.8,5.02,10.13
20210706,51.5074,15.63,81.33,8.25,3.54
20210707,51.5074,16.05,83.28,6.34,1.69
20210708,51.5074,16.74,82.05,3.31,1.15
20210709,51.5074,17.39,80.2,2.77,0.51
20210710,51.5074,15.74,81.25,1.29,1.94
20210711,51.5074,16.17,82.47,2.62,1.81
20210712,51.5074,16.92,86.72,2.59,5.11
20210713,51.5074,17.88,81.76,3.85,0.36
20210714,51.5074,18.8,80.11,5.36,0.13
20210715,51.5074,18.14,81.13,5.34,0.2
20210716,51.5074,17.37,74.83,4.2,0.04
20210717,51.5074,19.15,74.34,3.28,0.0
20210718,51.5074,22.18,70.81,1.93,0.0
20210719,51.5074,21.91,74.16,2.27,0.22
20210720,51.5074,21.86,76.48,2.28,1.25
20210721,51.5074,21.45,78.25,2.55,0.36
20210722,51.5074,20.38,74.66,2.93,0.0
20210723,51.5074,17.75,78.11,5.72,0.11
20210724,51.5074,18.7,82.76,4.41,1.69
20210725,51.5074,17.75,90.55,2.69,9.66
20210726,51.5074,19.09,80.26,2.59,0.77
20210727,51.5074,17.9,83.32,4.5,3.75
20210728,51.5074,16.85,79.78,7.22,4.14
20210729,51.5074,16.31,72.67,6.29,0.43
20210730,51.5074,16.16,82.37,8.23,5.61
20210731,51.5074,16.1,83.82,4.32,2.49
20210801,51.5074,16.51,82.72,2.88,3.19
20210802,51.5074,15.23,79.55,2.57,0.92
20210803,51.5074,16.18,76.0,2.57,0.28
20210804,51.5074,16.41,76.84,2.27,0.11
20210805,51.5074,16.53,82.85,5.76,3.47
20210806,51.5074,17.36,79.66,7.71,2.6
20210807,51.5074,15.79,85.04,6.67,9.9
20210808,51.5074,15.96,81.12,7.87,2.64
20210809,51.5074,16.18,83.26,5.84,6.18
20210810,51.5074,17.38,78.85,3.74,0.23
20210811,51.5074,17.46,78.29,4.1,0.02
20210812,51.5074,17.95,83.92,4.92,0.44
20210813,51.5074,17.53,80.3,5.61,0.09
20210814,51.5074,18.1,79.64,4.37,0.09
20210815,51.5074,17.97,79.91,5.42,0.46
20210816,51.5074,15.07,80.27,5.36,1.03
20210817,51.5074,15.51,84.85,5.15,0.95
20210818,51.5074,17.8,80.66,4.67,0.31
20210819,51.5074,16.73,83.86,3.88,0.87
20210820,51.5074,17.84,81.39,2.85,0.2
20210821,51.5074,16.67,89.38,2.74,2.61
20210822,51.5074,17.72,85.52,4.27,6.42
20210823,51.5074,16.64,79.89,4.47,0.09
20210824,51.5074,16.45,78.52,5.38,0.06
20210825,51.5074,16.12,80.74,4.26,0.12
20210826,51.5074,15.63,77.87,5.73,0.14
20210827,51.5074,15.42,76.84,4.56,0.1
20210828,51.5074,15.19,81.6,5.17,0.39
20210829,51.5074,14.67,79.02,4.47,0.08
20210830,51.5074,15.85,80.13,6.08,0.18
20210831,51.5074,15.84,80.4,5.72,0.22
20210901,51.5074,15.89,78.87,5.21,0.15
20210902,51.5074,15.95,79.49,5.37,0.15
20210903,51.5074,15.83,82.67,4.07,0.05
20210904,51.5074,16.27,85.6,4.5,0.27
20210905,51.5074,17.41,86.49,3.55,1.54
20210906,51.5074,19.82,77.82,1.56,0.04
20210907,51.5074,20.02,77.42,3.13,0.0
20210908,51.5074,20.16,78.13,4.09,1.21
20210909,51.5074,18.83,86.55,4.63,2.36
20210910,51.5074,18.52,84.44,4.71,1.22
20210911,51.5074,17.58,80.26,4.2,0.22
20210912,51.5074,16.14,80.57,2.3,0.03
20210913,51.5074,16.09,84.18,4.12,0.14
20210914,51.5074,16.74,93.91,2.93,9.64
20210915,51.5074,15.98,81.0,3.26,0.07
20210916,51.5074,16.58,81.19,2.71,0.03
20210917,51.5074,16.11,83.53,3.26,0.11
20210918,51.5074,17.35,80.54,3.02,0.07
20210919,51.5074,16.17,86.67,2.66,6.08
20210920,51.5074,15.25,85.16,4.79,1.25
20210921,51.5074,15.01,77.42,1.79,0.05
20210922,51.5074,15.03,81.39,2.96,0.03
20210923,51.5074,15.39,86.29,4.41,0.23
20210924,51.5074,15.97,83.68,3.9,0.08
20210925,51.5074,16.79,87.85,2.28,0.26
20210926,51.5074,16.45,88.82,4.47,0.23
20210927,51.5074,15.01,79.03,7.81,5.38
20210928,51.5074,13.02,89.01,6.39,13.34
20210929,51.5074,10.57,78.27,6.1,0.47
20210930,51.5074,12.23,85.79,7.92,1.32
20211001,51.5074,13.78,83.02,6.61,4.71
20211002,51.5074,12.26,92.12,6.82,19.05
20211003,51.5074,12.17,83.97,6.05,2.25
20211004,51.5074,13.01,86.16,5.96,3.53
20211005,51.5074,12.45,82.54,8.72,17.08
20211006,51.5074,11.37,80.05,6.31,0.16
20211007,51.5074,14.59,92.38,2.95,0.44
20211008,51.5074,14.73,90.32,1.87,0.41
20211009,51.5074,12.5,87.15,1.96,0.1
20211010,51.5074,11.77,89.29,3.42,0.24
20211011,51.5074,9.86,86.24,3.61,0.16
20211012,51.5074,10.57,90.47,4.15,0.51
20211013,51.5074,10.27,90.91,2.39,0.11
20211014,51.5074,11.87,86.81,4.26,0.06
20211015,51.5074,10.89,82.98,3.59,0.15
20211016,51.5074,10.86,90.94,3.07,0.59
20211017,51.5074,12.31,89.89,4.61,0.06
20211018,51.5074,13.38,96.09,5.29,2.59
20211019,51.5074,16.83,90.18,8.19,4.22
20211020,51.5074,14.96,87.72,7.38,36.69
20211021,51.5074,7.92,78.9,6.99,1.0
20211022,51.5074,7.88,86.97,5.3,0.09
20211023,51.5074,9.29,85.24,3.47,0.04
20211024,51.5074,11.98,82.89,5.93,0.48
20211025,51.5074,11.05,92.7,4.12,0.9
20211026,51.5074,11.96,93.0,5.41,0.31
20211027,51.5074,13.94,89.71,7.81,0.15
20211028,51.5074,12.86,88.19,7.2,0.07
20211029,51.5074,12.34,87.54,7.65,3.08
20211030,51.5074,10.87,89.93,5.57,3.59
20211031,51.5074,11.49,85.14,9.47,10.77
20211101,51.5074,9.0,86.04,6.29,0.57
20211102,51.5074,6.43,88.38,2.08,0.11
20211103,51.5074,5.24,94.43,4.34,0.89
20211104,51.5074,5.63,92.3,6.53,0.44
20211105,51.5074,4.34,90.71,3.45,0.02
20211106,51.5074,9.2,92.37,6.98,0.58
20211107,51.5074,7.87,87.81,5.58,0.02
20211108,51.5074,7.13,91.43,3.27,0.08
20211109,51.5074,10.15,95.15,3.73,0.38
20211110,51.5074,9.47,97.09,1.99,0.64
20211111,51.5074,10.36,95.79,2.53,0.44
20211112,51.5074,10.95,93.49,6.75,1.26
20211113,51.5074,9.64,91.72,5.35,0.2
20211114,51.5074,9.06,96.14,4.05,0.67
20211115,51.5074,8.47,93.09,1.99,0.14
20211116,51.5074,7.81,93.6,2.42,0.11
20211117,51.5074,7.12,91.95,4.07,0.1
20211118,51.5074,8.52,95.62,4.51,0.13
20211119,51.5074,8.92,96.73,2.79,0.26
20211120,51.5074,8.45,94.45,2.74,0.26
20211121,51.5074,4.86,90.72,6.64,0.12
20211122,51.5074,4.54,91.73,5.62,0.12
20211123,51.5074,3.63,94.78,2.79,0.31
20211124,51.5074,4.2,94.52,1.62,0.42
20211125,51.5074,2.85,94.29,5.04,0.12
20211126,51.5074,3.93,93.98,7.33,3.6
20211127,51.5074,2.75,91.63,10.77,5.19
20211128,51.5074,-0.25,86.04,6.78,0.16
20211129,51.5074,-0.03,95.05,4.87,0.14
20211130,51.5074,8.14,95.85,7.62,1.04
20211201,51.5074,6.75,89.57,8.61,2.2
20211202,51.5074,0.53,90.49,5.86,0.16
20211203,51.5074,4.53,97.29,3.95,2.63
20211204,51.5074,4.61,90.39,6.59,2.56
20211205,51.5074,4.22,93.4,8.57,2.69
20211206,51.5074,3.49,95.21,5.45,5.15
20211207,51.5074,4.35,94.71,8.12,6.78
20211208,51.5074,5.19,82.22,9.01,1.14
20211209,51.5074,4.75,92.67,5.84,9.32
20211210,51.5074,4.63,90.38,8.47,1.04
20211211,51.5074,4.93,95.75,4.31,4.49
20211212,51.5074,10.46,96.34,5.96,0.53
20211213,51.5074,9.55,94.48,5.4,0.32
20211214,51.5074,9.73,96.71,4.76,0.32
20211215,51.5074,9.75,96.04,4.17,0.24
20211216,51.5074,8.56,94.09,2.02,0.1
20211217,51.5074,6.61,97.08,3.7,0.36
20211218,51.5074,7.17,96.39,3.94,0.27
20211219,51.5074,4.57,96.61,3.34,0.58
20211220,51.5074,4.06,93.47,3.09,0.25
20211221,51.5074,1.33,93.43,2.67,0.01
20211222,51.5074,0.77,93.63,4.15,0.02
20211223,51.5074,6.9,97.74,5.22,0.56
20211224,51.5074,8.18,97.08,2.9,10.87
20211225,51.5074,5.6,95.61,5.46,3.25
20211226,51.5074,6.75,98.2,3.13,7.31
20211227,51.5074,8.63,97.65,4.8,4.24
20211228,51.5074,8.64,93.63,7.88,3.21
20211229,51.5074,9.82,96.7,6.34,2.85
20211230,51.5074,12.14,94.7,8.71,0.56
20211231,51.5074,11.31,95.7,7.36,0.83
20220101,51.5074,11.08,94.83,7.04,0.39
20220102,51.5074,10.29,92.93,8.23,3.68
20220103,51.5074,8.12,96.44,6.51,0.19
20220104,51.5074,3.79,92.76,5.31,1.68
20220105,51.5074,0.97,93.43,5.73,0.04
20220106,51.5074,1.67,94.55,4.63,1.36
20220107,51.5074,3.38,94.03,6.45,2.76
20220108,51.5074,5.38,95.8,6.94,8.73
20220109,51.5074,3.19,94.92,4.99,0.56
20220110,51.5074,4.75,97.0,3.13,0.29
20220111,51.5074,7.39,97.45,3.49,1.99
20220112,51.5074,3.29,94.66,2.52,0.09
20220113,51.5074,2.48,94.7,2.45,0.11
20220114,51.5074,1.41,96.02,2.12,0.16
20220115,51.5074,2.33,97.27,2.48,0.2
20220116,51.5074,3.75,98.33,3.35,0.68
20220117,51.5074,2.82,95.22,2.93,0.02
20220118,51.5074,3.0,97.94,1.61,0.3
20220119,51.5074,4.03,95.87,4.56,0.3
20220120,51.5074,1.24,87.98,5.12,0.06
20220121,51.5074,0.58,95.24,4.04,0.03
20220122,51.5074,2.54,94.09,3.35,0.12
20220123,51.5074,2.69,93.39,1.56,0.18
20220124,51.5074,1.69,91.86,1.93,0.07
20220125,51.5074,0.89,93.08,1.2,0.17
20220126,51.5074,2.1,94.66,4.18,0.05
20220127,51.5074,5.19,95.29,5.63,0.07
20220128,51.5074,4.96,94.53,4.59,0.22
20220129,51.5074,8.58,90.04,8.16,0.28
20220130,51.5074,3.3,88.86,4.34,0.33
20220131,51.5074,4.47,79.21,8.8,0.07
20220201,51.5074,8.22,90.6,8.33,0.62
20220202,51.5074,7.85,93.65,5.01,0.04
20220203,51.5074,7.31,93.13,5.29,0.5
20220204,51.5074,5.77,87.13,7.97,3.95
20220205,51.5074,5.45,89.11,8.67,0.6
20220206,51.5074,8.03,83.84,11.42,3.8
20220207,51.5074,5.69,87.85,5.95,0.19
20220208,51.5074,8.95,91.96,7.09,0.21
20220209,51.5074,8.06,96.26,4.76,1.77
20220210,51.5074,4.27,88.78,4.19,0.71
20220211,51.5074,3.12,87.6,3.46,0.06
20220212,51.5074,4.69,82.33,7.34,0.05
20220213,51.5074,7.34,91.78,10.26,11.64
20220214,51.5074,6.48,89.84,7.11,1.83
20220215,51.5074,6.01,96.12,7.0,7.39
20220216,51.5074,11.56,89.28,12.05,2.52
20220217,51.5074,7.93,78.62,9.02,0.88
20220218,51.5074,7.5,81.18,13.44,3.73
20220219,51.5074,5.07,88.94,9.16,6.52
20220220,51.5074,8.67,89.29,12.2,6.46
20220221,51.5074,6.54,79.48,11.67,0.7
20220222,51.5074,7.13,90.26,7.04,0.58
20220223,51.5074,6.21,87.67,6.86,0.16
20220224,51.5074,5.35,83.16,8.72,4.56
20220225,51.5074,4.65,82.71,5.63,0.18
20220226,51.5074,4.3,83.84,5.08,0.01
20220227,51.5074,4.13,77.78,6.56,0.0
20220228,51.5074,8.05,87.93,6.03,5.73
20220301,51.5074,7.47,95.35,4.64,6.4
20220302,51.5074,6.06,91.19,4.81,7.23
20220303,51.5074,7.37,92.53,3.71,0.16
20220304,51.5074,6.28,94.44,3.38,2.68
20220305,51.5074,4.74,91.21,7.06,3.4
20220306,51.5074,4.0,80.69,6.65,0.13
20220307,51.5074,3.37,79.31,5.65,0.05
20220308,51.5074,4.87,79.85,6.19,0.0
20220309,51.5074,8.23,87.69,6.22,0.04
20220310,51.5074,9.55,87.29,5.95,0.15
20220311,51.5074,8.65,91.24,7.49,2.16
20220312,51.5074,9.03,83.94,7.88,0.74
20220313,51.5074,8.06,89.1,6.08,1.56
20220314,51.5074,7.27,87.75,3.34,0.17
20220315,51.5074,8.22,86.65,3.34,0.03
20220316,51.5074,8.4,95.56,4.89,11.26
20220317,51.5074,6.68,81.81,4.75,0.01
20220318,51.5074,8.36,88.14,4.41,0.1
20220319,51.5074,8.44,77.87,7.74,0.01
20220320,51.5074,5.95,71.77,2.89,0.0
20220321,51.5074,7.14,83.37,3.59,0.0
20220322,51.5074,10.53,81.72,3.68,0.03
20220323,51.5074,10.33,72.99,2.5,0.01
20220324,51.5074,9.75,65.96,1.48,0.0
20220325,51.5074,8.39,79.1,3.68,0.01
20220326,51.5074,8.78,78.17,4.84,0.0
20220327,51.5074,8.36,88.39,4.29,0.13
20220328,51.5074,8.59,86.22,2.42,0.41
20220329,51.5074,8.24,90.73,4.42,1.47
20220330,51.5074,6.9,86.96,4.35,1.46
20220331,51.5074,2.54,73.98,9.15,0.97
20220401,51.5074,2.8,71.37,8.08,0.32
20220402,51.5074,2.63,76.41,4.24,0.11
20220403,51.5074,3.47,75.13,3.52,0.01
20220404,51.5074,8.09,91.5,7.3,4.97
20220405,51.5074,10.52,81.91,6.94,1.13
20220406,51.5074,9.68,87.52,9.76,3.79
20220407,51.5074,8.28,75.77,10.95,5.43
20220408,51.5074,5.22,78.24,2.81,0.22
20220409,51.5074,5.3,74.62,4.08,0.11
20220410,51.5074,6.75,74.17,3.19,0.0
20220411,51.5074,10.02,73.45,6.36,0.0
20220412,51.5074,11.55,88.2,4.98,0.76
20220413,51.5074,11.94,83.8,4.26,0.24
20220414,51.5074,12.75,79.49,1.69,0.12
20220415,51.5074,13.62,77.34,2.07,0.03
20220416,51.5074,11.5,81.15,3.73,0.04
20220417,51.5074,11.02,74.56,3.96,0.01
20220418,51.5074,10.32,76.97,2.46,0.01
20220419,51.5074,10.02,78.41,4.26,0.09
20220420,51.5074,10.53,74.07,5.66,0.01
20220421,51.5074,10.97,74.43,6.33,0.02
20220422,51.5074,10.74,79.2,7.31,0.09
20220423,51.5074,11.98,78.79,8.05,0.1
20220424,51.5074,11.09,74.02,6.64,0.01
20220425,51.5074,9.08,79.4,5.05,0.25
20220426,51.5074,9.08,74.39,4.34,0.02
20220427,51.5074,8.28,76.99,4.42,0.06
20220428,51.5074,9.23,78.6,3.76,0.0
20220429,51.5074,8.57,75.79,4.23,0.02
20220430,51.5074,10.02,74.06,2.16,0.09
20220501,51.5074,10.42,82.77,2.19,0.69
20220502,51.5074,11.71,77.99,1.24,0.13
20220503,51.5074,11.7,82.34,2.69,0.51
20220504,51.5074,11.54,89.34,3.47,4.1
20220505,51.5074,13.17,77.46,2.87,0.08
20220506,51.5074,14.33,78.01,3.92,0.24
20220507,51.5074,13.01,86.85,3.74,1.97
20220508,51.5074,11.54,76.5,4.1,0.04
20220509,51.5074,13.31,78.04,4.71,0.01
20220510,51.5074,14.64,79.07,5.91,0.31
20220511,51.5074,13.07,84.19,6.86,3.61
20220512,51.5074,12.34,75.62,4.86,0.14
20220513,51.5074,13.55,76.74,5.94,0.01
20220514,51.5074,14.02,77.14,2.33,0.03
20220515,51.5074,14.23,86.74,5.12,4.84
20220516,51.5074,16.17,83.96,5.74,0.69
20220517,51.5074,17.17,78.0,3.92,0.2
20220518,51.5074,15.39,78.43,3.51,6.69
20220519,51.5074,15.63,78.02,3.47,0.11
20220520,51.5074,12.98,83.71,4.53,7.85
20220521,51.5074,13.78,77.3,3.72,0.51
20220522,51.5074,15.47,70.71,2.39,0.01
20220523,51.5074,13.81,80.91,3.06,5.55
20220524,51.5074,12.23,79.2,4.43,2.57
20220525,51.5074,12.97,81.54,6.81,1.15
20220526,51.5074,15.36,80.15,6.68,0.27
20220527,51.5074,14.44,70.29,4.78,0.04
20220528,51.5074,12.24,71.95,4.2,0.14
20220529,51.5074,10.47,76.04,4.3,0.75
20220530,51.5074,10.91,76.69,2.79,1.86
20220531,51.5074,11.61,79.69,3.68,3.13
20220601,51.5074,12.05,76.9,3.1,1.07
20220602,51.5074,13.55,74.39,3.5,0.04
20220603,51.5074,14.9,74.93,5.05,0.68
20220604,51.5074,14.74,74.78,8.26,0.66
20220605,51.5074,13.46,89.86,3.91,31.11
20220606,51.5074,13.74,85.97,3.36,1.4
20220607,51.5074,15.8,81.15,2.29,1.58
20220608,51.5074,16.15,77.24,5.9,4.47
20220609,51.5074,15.27,78.01,5.23,0.43
20220610,51.5074,17.19,76.38,5.89,0.22
20220611,51.5074,16.19,73.08,5.35,0.04
20220612,51.5074,15.68,70.24,4.58,0.02
20220613,51.5074,15.68,67.32,2.53,0.0
20220614,51.5074,16.28,68.39,2.98,0.0
20220615,51.5074,17.89,68.61,1.69,0.03
20220616,51.5074,19.56,66.18,2.07,0.0
20220617,51.5074,21.28,67.87,4.8,0.0
20220618,51.5074,17.42,81.9,5.16,2.42
20220619,51.5074,14.41,73.58,5.39,2.96
20220620,51.5074,15.18,72.71,4.57,0.01
20220621,51.5074,15.78,72.14,2.48,0.01
20220622,51.5074,17.47,67.69,3.44,0.01
20220623,51.5074,18.25,78.05,3.32,0.75
20220624,51.5074,17.62,76.85,6.14,0.58
20220625,51.5074,15.75,73.78,6.13,0.84
20220626,51.5074,15.65,69.8,5.96,0.05
20220627,51.5074,15.31,71.48,4.94,1.64
20220628,51.5074,15.7,70.56,5.1,0.26
20220629,51.5074,16.4,76.8,4.91,1.66
20220630,51.5074,14.73,78.55,3.33,1.1
20220701,51.5074,15.74,71.62,5.02,0.4
20220702,51.5074,16.29,74.47,5.84,0.35
20220703,51.5074,16.29,72.09,3.04,0.09
20220704,51.5074,16.8,68.35,3.57,0.0
20220705,51.5074,16.65,68.28,3.67,0.0
20220706,51.5074,18.32,71.49,4.18,0.04
20220707,51.5074,18.83,68.98,4.43,0.03
20220708,51.5074,20.24,68.81,3.33,0.01
20220709,51.5074,19.3,67.99,4.19,0.0
20220710,51.5074,20.72,66.06,1.49,0.02
20220711,51.5074,21.86,59.11,2.4,0.0
20220712,51.5074,22.85,64.81,3.57,0.08
20220713,51.5074,22.02,63.08,3.08,0.01
20220714,51.5074,19.17,63.96,3.86,0.0
20220715,51.5074,18.87,62.31,3.16,0.0
20220716,51.5074,19.38,65.37,3.42,0.01
20220717,51.5074,20.83,60.09,3.58,0.0
20220718,51.5074,24.38,57.63,3.33,0.04
20220719,51.5074,25.93,55.84,5.69,0.05
20220720,51.5074,21.84,67.98,5.03,0.41
20220721,51.5074,19.66,73.21,3.64,0.85
20220722,51.5074,17.56,74.64,4.19,0.53
20220723,51.5074,20.13,67.64,4.34,0.03
20220724,51.5074,21.15,66.67,7.38,0.29
20220725,51.5074,20.2,66.22,6.57,0.35
20220726,51.5074,17.27,72.18,2.76,0.62
20220727,51.5074,17.32,69.57,3.35,0.22
20220728,51.5074,17.5,67.55,4.0,0.0
20220729,51.5074,19.82,63.78,2.7,0.0
20220730,51.5074,20.88,68.15,4.15,0.06
20220731,51.5074,22.13,71.38,5.34,1.11
20220801,51.5074,21.12,69.17,2.54,0.36
20220802,51.5074,22.43,70.57,6.38,0.02
20220803,51.5074,22.56,70.1,5.6,0.09
20220804,51.5074,19.71,59.61,4.37,0.0
20220805,51.5074,17.32,54.4,5.35,0.01
20220806,51.5074,17.34,57.06,3.16,0.0
20220807,51.5074,19.98,56.93,2.01,0.0
20220808,51.5074,21.13,62.75,2.93,0.01
20220809,51.5074,20.66,66.22,3.91,0.02
20220810,51.5074,21.82,65.41,4.05,0.02
20220811,51.5074,23.09,63.93,4.15,0.08
20220812,51.5074,23.67,63.48,4.46,0.05
20220813,51.5074,24.15,61.13,4.27,0.06
20220814,51.5074,24.15,55.62,3.37,0.0
20220815,51.5074,23.12,59.83,3.23,0.36
20220816,51.5074,19.77,80.05,2.08,5.14
20220817,51.5074,18.75,86.64,4.26,6.72
20220818,51.5074,20.75,73.08,3.47,2.46
20220819,51.5074,20.01,64.86,4.74,0.21
20220820,51.5074,18.67,67.9,4.64,0.03
20220821,51.5074,18.72,68.39,3.07,0.0
20220822,51.5074,19.17,73.96,3.6,0.24
20220823,51.5074,21.43,77.76,4.33,0.54
20220824,51.5074,22.25,73.95,3.71,0.41
20220825,51.5074,18.12,86.28,2.79,13.8
20220826,51.5074,18.32,72.08,1.31,1.65
20220827,51.5074,18.9,70.02,3.28,0.03
20220828,51.5074,17.88,73.72,4.24,0.01
20220829,51.5074,17.6,71.3,5.24,0.02
20220830,51.5074,17.65,75.4,5.99,0.16
20220831,51.5074,17.8,70.84,6.69,0.03
20220901,51.5074,19.0,73.33,6.32,0.91
20220902,51.5074,19.18,77.82,3.36,1.26
20220903,51.5074,19.03,77.94,3.3,0.27
20220904,51.5074,19.63,76.86,4.89,0.24
20220905,51.5074,19.32,83.41,4.27,2.94
20220906,51.5074,17.75,87.15,5.29,4.01
20220907,51.5074,18.15,79.17,5.17,4.04
20220908,51.5074,16.8,84.61,5.02,9.26
20220909,51.5074,16.57,82.37,4.37,4.53
20220910,51.5074,16.71,82.36,3.34,1.11
20220911,51.5074,17.58,78.84,3.24,0.15
20220912,51.5074,20.1,76.57,3.08,0.28
20220913,51.5074,16.95,80.87,3.94,1.94
20220914,51.5074,16.46,78.26,4.0,5.76
20220915,51.5074,14.31,74.83,3.24,0.18
20220916,51.5074,11.64,71.68,5.01,0.18
20220917,51.5074,10.86,63.24,4.96,0.0
20220918,51.5074,11.97,75.68,4.97,0.02
20220919,51.5074,12.86,76.87,2.14,0.06
20220920,51.5074,13.8,73.95,2.13,0.01
20220921,51.5074,15.03,73.95,1.74,0.0
20220922,51.5074,14.96,76.49,3.63,0.1
20220923,51.5074,14.21,87.66,2.94,4.28
20220924,51.5074,12.79,79.97,5.63,0.48
20220925,51.5074,11.85,72.8,4.42,0.17
20220926,51.5074,12.39,75.19,6.99,2.65
20220927,51.5074,10.19,79.91,6.04,0.99
20220928,51.5074,9.82,78.22,4.05,0.51
20220929,51.5074,9.99,83.31,2.01,0.61
20220930,51.5074,11.92,87.33,6.8,10.52
20221001,51.5074,14.53,77.7,6.4,0.17
20221002,51.5074,13.29,80.22,3.37,1.1
20221003,51.5074,13.02,81.87,3.0,0.18
20221004,51.5074,16.09,83.28,6.53,0.24
20221005,51.5074,15.47,79.54,9.5,1.18
20221006,51.5074,12.52,80.46,5.73,0.59
20221007,51.5074,13.94,83.28,6.51,1.24
20221008,51.5074,11.13,75.68,3.62,0.11
20221009,51.5074,11.48,77.75,4.67,0.0
20221010,51.5074,11.35,78.19,4.22,1.96
20221011,51.5074,9.69,74.31,1.76,0.01
20221012,51.5074,12.5,78.98,4.08,0.32
20221013,51.5074,13.06,86.27,2.04,4.74
20221014,51.5074,11.29,93.37,2.69,0.64
20221015,51.5074,12.47,83.87,6.42,1.34
20221016,51.5074,13.39,84.17,5.55,6.88
20221017,51.5074,14.31,88.49,4.77,0.88
20221018,51.5074,11.66,81.67,3.42,0.04
20221019,51.5074,13.45,87.79,7.66,3.48
20221020,51.5074,13.78,92.57,3.34,4.53
20221021,51.5074,15.38,87.64,7.26,4.83
20221022,51.5074,14.55,88.73,5.01,0.74
20221023,51.5074,15.81,88.91,6.45,17.41
20221024,51.5074,13.91,88.04,6.89,3.56
20221025,51.5074,13.43,90.66,4.91,1.05
20221026,51.5074,15.36,90.56,6.57,0.52
20221027,51.5074,16.03,92.78,5.37,0.56
20221028,51.5074,14.49,88.51,4.87,0.12
20221029,51.5074,15.47,92.35,4.78,1.76
20221030,51.5074,13.34,93.34,5.58,2.14
20221031,51.5074,13.98,90.04,5.6,4.57
20221101,51.5074,12.8,83.27,10.89,5.49
20221102,51.5074,11.7,82.73,9.13,1.84
20221103,51.5074,10.52,92.82,4.37,24.43
20221104,51.5074,7.71,89.31,5.07,3.46
20221105,51.5074,9.06,96.23,5.44,4.16
20221106,51.5074,12.29,94.14,6.93,17.71
20221107,51.5074,12.81,91.62,8.31,3.3
20221108,51.5074,12.78,86.64,9.72,3.58
20221109,51.5074,10.7,91.3,6.17,3.51
20221110,51.5074,12.28,89.45,7.62,0.1
20221111,51.5074,12.34,90.43,6.39,0.09
20221112,51.5074,10.8,95.11,3.76,0.21
20221113,51.5074,10.55,96.78,3.3,0.24
20221114,51.5074,10.58,95.84,3.04,0.52
20221115,51.5074,9.57,93.11,6.71,8.11
20221116,51.5074,9.99,92.95,5.88,19.86
20221117,51.5074,8.6,91.81,9.21,6.9
20221118,51.5074,7.42,92.85,5.62,0.9
20221119,51.5074,6.19,96.05,3.25,0.78
20221120,51.5074,6.67,94.55,4.74,3.32
20221121,51.5074,6.3,95.29,6.84,8.28
20221122,51.5074,5.29,96.58,4.88,2.47
20221123,51.5074,8.25,91.27,6.99,6.61
20221124,51.5074,8.73,93.35,6.8,5.44
20221125,51.5074,7.76,93.26,5.04,0.15
20221126,51.5074,8.93,92.67,6.11,2.99
20221127,51.5074,9.8,96.88,4.05,8.99
20221128,51.5074,6.86,96.84,2.44,1.24
20221129,51.5074,5.6,95.7,2.12,0.43
20221130,51.5074,6.18,95.94,2.2,0.14
20221201,51.5074,4.53,96.16,3.17,0.13
20221202,51.5074,4.46,95.22,4.76,0.47
20221203,51.5074,4.36,89.54,5.46,0.36
20221204,51.5074,3.87,91.27,4.68,0.34
20221205,51.5074,4.94,96.39,4.62,0.74
20221206,51.5074,3.48,95.63,4.75,0.14
20221207,51.5074,1.45,94.81,3.89,0.16
20221208,51.5074,-1.72,95.11,3.39,0.06
20221209,51.5074,-1.69,96.81,3.24,0.2
20221210,51.5074,-0.73,96.98,2.73,0.19
20221211,51.5074,-0.78,97.71,1.86,2.43
20221212,51.5074,-0.57,97.6,2.47,0.77
20221213,51.5074,-1.08,91.87,2.96,0.0
20221214,51.5074,-0.93,94.94,4.63,0.07
20221215,51.5074,-2.25,94.79,3.86,0.05
20221216,51.5074,-1.61,95.53,2.81,0.05
20221217,51.5074,0.2,94.22,4.08,0.16
20221218,51.5074,1.7,95.37,6.59,10.91
20221219,51.5074,10.26,96.26,10.17,3.41
20221220,51.5074,8.29,95.75,6.08,1.17
20221221,51.5074,6.49,98.54,4.24,1.28
20221222,51.5074,7.08,97.96,4.01,1.88
20221223,51.5074,8.52,96.71,5.42,12.22
20221224,51.5074,8.41,96.68,5.05,2.05
20221225,51.5074,9.23,95.86,5.9,2.23
20221226,51.5074,5.64,90.82,6.5,0.2
20221227,51.5074,6.57,94.16,7.36,2.26
20221228,51.5074,9.95,94.15,10.35,6.83
20221229,51.5074,7.16,91.33,8.82,0.87
20221230,51.5074,9.07,95.38,8.76,4.37
20221231,51.5074,11.71,93.25,10.64,12.0
20230101,51.5074,9.18,94.45,6.71,2.26
20230102,51.5074,4.84,96.35,3.19,1.03
20230103,51.5074,7.7,96.34,8.33,5.1
20230104,51.5074,11.06,92.64,10.04,0.85
20230105,51.5074,9.94,94.69,7.02,0.68
20230106,51.5074,8.65,94.59,6.81,2.85
20230107,51.5074,8.98,91.09,10.21,5.51
20230108,51.5074,6.96,93.51,7.66,4.54
20230109,51.5074,5.21,92.41,6.91,2.38
20230110,51.5074,7.77,95.77,8.69,9.1
20230111,51.5074,8.0,91.53,9.06,2.31
20230112,51.5074,9.75,91.4,11.17,5.77
20230113,51.5074,6.64,89.3,9.46,1.05
20230114,51.5074,8.23,90.89,9.38,9.82
20230115,51.5074,4.29,90.47,7.5,0.8
20230116,51.5074,0.92,95.26,6.44,13.16
20230117,51.5074,-2.48,95.88,2.37,0.42
20230118,51.5074,-0.42,97.06,4.98,2.47
20230119,51.5074,-0.53,96.74,3.44,0.17
20230120,51.5074,0.63,96.13,5.31,0.1
20230121,51.5074,0.68,93.39,2.72,0.08
20230122,51.5074,-0.29,92.88,1.65,0.1
20230123,51.5074,-0.34,95.77,2.57,0.08
20230124,51.5074,0.55,96.83,2.39,0.15
20230125,51.5074,0.79,98.51,3.25,1.74
20230126,51.5074,2.67,97.07,6.2,0.69
20230127,51.5074,2.91,92.48,4.9,0.22
20230128,51.5074,1.8,93.15,2.51,0.15
20230129,51.5074,3.74,98.18,4.94,0.26
20230130,51.5074,4.42,92.17,5.39,0.09
20230131,51.5074,4.56,92.63,6.21,0.1
20230201,51.5074,5.1,91.78,7.48,0.02
20230202,51.5074,7.36,92.93,7.18,0.21
20230203,51.5074,8.47,92.28,6.3,0.09
20230204,51.5074,6.64,93.75,3.55,0.24
20230205,51.5074,3.95,89.5,4.36,0.04
20230206,51.5074,3.75,80.74,1.34,0.04
20230207,51.5074,1.95,90.53,1.44,0.17
20230208,51.5074,1.02,91.85,2.69,0.1
20230209,51.5074,3.1,89.02,2.94,0.15
20230210,51.5074,3.03,93.12,4.16,0.06
20230211,51.5074,6.6,90.49,2.59,0.15
20230212,51.5074,6.57,90.84,2.02,0.29
20230213,51.5074,4.52,93.59,3.12,0.04
20230214,51.5074,5.1,95.79,2.7,0.27
20230215,51.5074,7.31,93.38,4.54,0.23
20230216,51.5074,8.65,95.22,5.96,0.93
20230217,51.5074,10.56,93.32,7.88,0.42
20230218,51.5074,10.22,91.0,8.04,0.37
20230219,51.5074,8.1,88.47,5.33,0.06
20230220,51.5074,8.71,91.77,6.27,0.15
20230221,51.5074,7.5,94.27,2.74,0.21
20230222,51.5074,6.06,94.13,3.2,2.45
20230223,51.5074,4.71,88.48,5.25,0.71
20230224,51.5074,3.15,91.28,4.25,0.27
20230225,51.5074,3.39,85.03,6.26,0.28
20230226,51.5074,2.23,80.84,5.6,0.09
20230227,51.5074,2.72,85.8,5.26,0.11
20230228,51.5074,4.51,88.87,5.7,0.54
20230301,51.5074,4.38,89.69,4.85,0.63
20230302,51.5074,3.13,86.24,5.11,0.02
20230303,51.5074,3.79,85.17,4.69,0.18
20230304,51.5074,3.85,83.54,3.58,0.12
20230305,51.5074,1.68,87.66,2.93,0.28
20230306,51.5074,3.15,94.1,4.53,1.57
20230307,51.5074,2.57,87.84,2.46,4.76
20230308,51.5074,1.21,93.57,6.1,12.0
20230309,51.5074,5.19,97.72,3.84,11.28
20230310,51.5074,3.47,86.9,5.66,2.66
20230311,51.5074,2.54,85.01,3.45,1.5
20230312,51.5074,9.22,90.38,7.77,1.92
20230313,51.5074,11.29,86.63,12.45,1.78
20230314,51.5074,5.83,77.75,6.45,1.78
20230315,51.5074,4.57,87.24,4.23,3.31
20230316,51.5074,9.8,88.71,6.86,1.1
20230317,51.5074,10.43,91.65,4.86,3.56
20230318,51.5074,10.11,88.88,4.34,2.05
20230319,51.5074,7.82,84.7,4.16,1.37
20230320,51.5074,9.12,92.92,5.93,2.34
20230321,51.5074,10.17,89.08,7.47,0.92
20230322,51.5074,10.54,89.28,9.84,3.17
20230323,51.5074,10.68,85.75,9.58,3.5
20230324,51.5074,9.74,85.7,8.93,1.79
20230325,51.5074,9.41,83.68,8.37,1.67
20230326,51.5074,6.65,89.39,4.35,8.67
20230327,51.5074,4.68,75.34,2.7,0.22
20230328,51.5074,6.76,85.66,6.85,3.69
20230329,51.5074,10.94,91.13,6.61,1.8
20230330,51.5074,11.56,85.96,8.79,6.11
20230331,51.5074,10.58,90.47,9.22,11.7
20230401,51.5074,8.27,88.97,5.94,1.27
20230402,51.5074,6.74,78.45,5.59,0.04
20230403,51.5074,5.34,75.94,4.62,0.0
20230404,51.5074,5.93,73.73,2.94,0.0
20230405,51.5074,6.84,82.75,3.09,2.33
20230406,51.5074,9.32,85.74,5.27,2.91
20230407,51.5074,7.82,79.02,3.24,0.17
20230408,51.5074,8.01,82.92,2.1,0.06
20230409,51.5074,9.36,81.98,3.89,0.05
20230410,51.5074,10.48,84.7,8.19,8.53
20230411,51.5074,8.19,85.77,8.05,6.1
20230412,51.5074,6.81,85.48,8.92,3.55
20230413,51.5074,7.64,75.24,7.01,0.34
20230414,51.5074,7.25,85.71,4.46,8.13
20230415,51.5074,9.06,84.09,4.0,1.31
20230416,51.5074,10.49,83.71,1.64,0.33
20230417,51.5074,10.69,79.04,3.53,0.16
20230418,51.5074,8.39,80.79,6.97,0.09
20230419,51.5074,9.98,76.75,7.54,0.02
20230420,51.5074,8.24,74.77,7.01,1.11
20230421,51.5074,7.42,87.58,3.62,2.97
20230422,51.5074,9.16,82.11,2.98,1.01
20230423,51.5074,9.99,89.12,4.53,6.21
20230424,51.5074,7.65,85.1,3.71,8.48
20230425,51.5074,6.43,74.08,3.42,0.06
20230426,51.5074,7.74,75.26,3.51,0.06
20230427,51.5074,8.96,82.26,5.79,5.8
20230428,51.5074,12.44,86.62,4.68,1.21
20230429,51.5074,10.99,80.09,2.28,0.04
20230430,51.5074,11.32,81.51,3.07,0.07
20230501,51.5074,11.89,85.74,3.46,1.41
20230502,51.5074,10.51,82.83,3.85,0.26
20230503,51.5074,9.27,74.37,5.46,0.0
20230504,51.5074,12.99,82.39,5.72,0.23
20230505,51.5074,12.87,87.12,4.67,2.06
20230506,51.5074,12.17,93.76,4.15,7.9
20230507,51.5074,14.86,84.42,2.39,1.54
20230508,51.5074,12.66,88.23,4.76,8.33
20230509,51.5074,13.8,89.45,3.4,9.96
20230510,51.5074,12.86,84.95,3.85,3.4
20230511,51.5074,12.51,79.35,1.63,1.02
20230512,51.5074,10.42,90.1,7.29,3.83
20230513,51.5074,11.76,84.5,5.22,0.42
20230514,51.5074,12.79,81.92,2.38,0.2
20230515,51.5074,11.31,74.78,5.47,0.34
20230516,51.5074,11.12,76.63,3.9,0.03
20230517,51.5074,12.29,79.73,2.89,0.1
20230518,51.5074,12.69,75.46,2.42,0.04
20230519,51.5074,11.49,79.37,3.24,0.65
20230520,51.5074,12.42,75.02,6.0,0.18
20230521,51.5074,12.88,77.01,5.93,0.01
20230522,51.5074,13.5,76.48,6.07,0.02
20230523,51.5074,12.13,77.29,4.05,0.01
20230524,51.5074,13.88,78.69,3.44,0.01
20230525,51.5074,13.05,78.37,4.36,0.04
20230526,51.5074,12.11,74.67,5.62,0.01
20230527,51.5074,12.59,78.14,3.98,0.02
20230528,51.5074,13.39,71.53,5.52,0.01
20230529,51.5074,11.57,72.07,6.81,0.0
20230530,51.5074,12.68,77.29,6.81,0.11
20230531,51.5074,13.75,79.84,6.37,0.19
20230601,51.5074,13.34,74.82,6.15,0.05
20230602,51.5074,12.57,69.22,6.04,0.01
20230603,51.5074,14.05,75.58,5.84,0.06
20230604,51.5074,13.93,73.69,5.41,0.02
20230605,51.5074,13.06,76.22,5.09,0.07
20230606,51.5074,13.2,74.65,5.35,0.04
20230607,51.5074,13.71,79.05,5.26,0.03
20230608,51.5074,14.22,74.1,6.0,0.08
20230609,51.5074,16.74,79.71,6.57,0.05
20230610,51.5074,19.67,77.85,4.8,0.14
20230611,51.5074,20.83,75.1,1.84,0.47
20230612,51.5074,20.55,79.19,2.3,3.01
20230613,51.5074,18.53,72.82,5.16,0.52
20230614,51.5074,18.08,72.9,4.32,0.02
20230615,51.5074,18.44,73.84,3.41,0.06
20230616,51.5074,18.36,69.32,3.2,0.05
20230617,51.5074,18.2,74.46,3.49,0.24
20230618,51.5074,18.86,88.94,3.05,26.04
20230619,51.5074,18.26,79.9,4.15,0.31
20230620,51.5074,18.47,86.44,4.67,6.48
20230621,51.5074,18.78,78.6,3.67,0.25
20230622,51.5074,19.83,76.85,2.29,0.3
20230623,51.5074,19.83,74.74,3.13,0.06
20230624,51.5074,20.71,76.67,2.95,0.04
20230625,51.5074,21.1,72.28,6.08,0.01
20230626,51.5074,17.34,70.18,5.23,0.04
20230627,51.5074,17.59,75.15,3.84,0.04
20230628,51.5074,19.54,81.82,3.95,0.49
20230629,51.5074,17.79,76.9,3.35,5.79
20230630,51.5074,16.44,78.92,5.52,1.05
20230701,51.5074,18.16,72.58,6.06,0.25
20230702,51.5074,16.15,65.02,5.74,0.01
20230703,51.5074,15.67,68.68,7.46,0.53
20230704,51.5074,14.92,81.16,4.71,13.12
20230705,51.5074,15.2,74.93,5.99,1.27
20230706,51.5074,15.97,71.36,4.44,0.06
20230707,51.5074,19.71,68.79,3.99,0.0
20230708,51.5074,20.84,78.3,2.95,3.02
20230709,51.5074,18.11,78.34,3.91,0.64
20230710,51.5074,18.5,74.84,5.68,0.19
20230711,51.5074,18.39,77.41,6.88,0.83
20230712,51.5074,17.31,73.81,5.95,1.0
20230713,51.5074,17.1,76.08,4.88,0.97
20230714,51.5074,16.63,87.73,5.68,12.83
20230715,51.5074,17.45,77.21,10.29,1.66
20230716,51.5074,16.72,73.14,7.87,0.32
20230717,51.5074,16.93,72.92,5.25,0.67
20230718,51.5074,17.09,72.68,2.71,0.33
20230719,51.5074,17.5,76.25,4.06,0.81
20230720,51.5074,17.28,70.85,2.31,0.32
20230721,51.5074,16.27,70.39,3.88,0.39
20230722,51.5074,15.78,83.1,7.36,9.0
20230723,51.5074,19.1,78.18,7.27,0.93
20230724,51.5074,15.95,82.14,3.99,4.12
20230725,51.5074,15.31,73.41,3.27,1.97
20230726,51.5074,15.91,74.45,4.41,8.7
20230727,51.5074,19.29,85.94,6.76,4.04
20230728,51.5074,18.84,79.75,4.72,0.33
20230729,51.5074,18.49,72.19,6.18,0.5
20230730,51.5074,17.22,82.22,7.48,5.2
20230731,51.5074,17.58,81.27,7.28,1.94
20230801,51.5074,17.39,76.4,6.09,1.69
20230802,51.5074,17.47,84.24,7.56,15.35
20230803,51.5074,17.01,76.53,4.72,1.94
20230804,51.5074,16.71,79.78,3.37,1.79
20230805,51.5074,14.93,85.44,6.13,10.94
20230806,51.5074,14.49,77.15,6.23,2.41
20230807,51.5074,15.66,74.43,4.61,0.04
20230808,51.5074,15.06,87.65,4.48,3.17
20230809,51.5074,17.61,76.17,2.43,0.14
20230810,51.5074,19.26,78.6,3.68,0.01
20230811,51.5074,19.61,82.29,5.24,0.28
20230812,51.5074,18.12,78.01,6.85,0.25
20230813,51.5074,18.21,77.71,5.83,0.38
20230814,51.5074,18.57,83.92,5.95,4.04
20230815,51.5074,18.01,75.62,2.98,0.07
20230816,51.5074,18.6,75.59,3.09,0.04
20230817,51.5074,18.7,76.97,5.76,0.14
20230818,51.5074,19.45,87.84,5.48,7.44
20230819,51.5074,19.82,79.35,6.29,1.58
20230820,51.5074,18.76,77.11,3.92,0.09
20230821,51.5074,18.18,76.89,3.55,0.03
20230822,51.5074,19.09,75.9,4.1,0.04
20230823,51.5074,19.52,73.74,1.99,0.03
20230824,51.5074,19.97,83.5,2.88,6.64
20230825,51.5074,16.17,70.95,4.01,1.09
20230826,51.5074,15.23,81.09,3.59,2.82
20230827,51.5074,14.79,79.84,4.22,1.83
20230828,51.5074,15.18,78.09,3.01,0.27
20230829,51.5074,15.77,76.93,3.37,0.67
20230830,51.5074,14.89,75.82,4.51,0.75
20230831,51.5074,14.61,83.71,3.0,2.05
20230901,51.5074,18.79,81.34,1.15,3.1
20230902,51.5074,18.66,84.0,3.63,0.55
20230903,51.5074,18.79,80.5,2.24,0.05
20230904,51.5074,19.67,77.91,4.14,0.1
20230905,51.5074,20.23,80.49,3.9,0.12
20230906,51.5074,21.3,80.45,2.06,0.05
20230907,51.5074,21.91,75.4,2.71,0.06
20230908,51.5074,22.07,68.33,1.49,0.01
20230909,51.5074,24.07,63.89,1.31,0.0
20230910,51.5074,21.91,81.44,2.98,0.43
20230911,51.5074,20.12,78.3,4.05,0.09
20230912,51.5074,18.74,83.87,2.94,3.75
20230913,51.5074,16.29,77.91,3.99,0.58
20230914,51.5074,16.8,77.69,2.69,0.02
20230915,51.5074,17.98,79.37,2.72,0.05
20230916,51.5074,18.68,81.65,3.7,0.15
20230917,51.5074,17.86,88.94,5.26,3.97
20230918,51.5074,16.99,78.3,6.89,3.99
20230919,51.5074,16.63,84.93,9.89,1.58
20230920,51.5074,17.82,83.62,10.44,11.81
20230921,51.5074,13.88,83.84,2.77,3.77
20230922,51.5074,13.13,80.15,4.0,1.48
20230923,51.5074,12.6,76.06,4.5,0.1
20230924,51.5074,16.59,77.32,8.1,0.41
20230925,51.5074,17.0,79.21,4.31,0.2
20230926,51.5074,17.13,86.49,4.95,1.18
20230927,51.5074,16.83,87.48,6.1,0.56
20230928,51.5074,16.25,79.09,6.61,2.47
20230929,51.5074,16.0,78.24,4.89,0.78
20230930,51.5074,14.52,81.01,3.47,0.01
20231001,51.5074,17.63,90.37,4.94,0.21
20231002,51.5074,17.24,92.03,2.71,2.47
20231003,51.5074,14.47,78.54,6.53,0.89
20231004,51.5074,13.25,81.92,5.38,0.1
20231005,51.5074,14.51,78.45,5.03,0.05
20231006,51.5074,16.24,82.36,6.09,0.06
20231007,51.5074,17.38,78.56,5.75,0.02
20231008,51.5074,16.59,79.28,2.65,0.0
20231009,51.5074,15.68,83.92,2.6,0.0
20231010,51.5074,16.11,81.8,5.2,0.09
20231011,51.5074,16.02,85.65,5.54,7.05
20231012,51.5074,14.64,92.29,2.48,7.98
20231013,51.5074,16.45,86.82,8.63,9.28
20231014,51.5074,9.0,82.11,4.91,0.3
20231015,51.5074,6.46,72.72,3.89,0.02
20231016,51.5074,7.9,79.86,3.61,0.02
20231017,51.5074,10.84,73.4,7.03,0.0
20231018,51.5074,12.9,89.67,8.47,10.78
20231019,51.5074,15.67,91.88,6.58,9.58
20231020,51.5074,13.66,95.88,3.09,14.29
20231021,51.5074,12.32,93.72,4.68,6.46
20231022,51.5074,9.66,89.2,3.13,0.67
20231023,51.5074,10.29,94.89,3.84,0.47
20231024,51.5074,10.42,90.31,2.47,3.49
20231025,51.5074,10.48,91.63,2.83,3.62
20231026,51.5074,11.36,92.46,3.36,3.12
20231027,51.5074,9.99,96.23,3.26,3.37
20231028,51.5074,12.12,91.64,5.66,10.72
20231029,51.5074,10.82,90.95,6.41,6.24
20231030,51.5074,9.98,95.66,3.64,4.97
20231031,51.5074,10.36,93.93,3.46,5.56
20231101,51.5074,11.75,89.28,7.92,8.17
20231102,51.5074,10.41,88.76,10.93,17.22
20231103,51.5074,9.13,90.25,6.38,1.07
20231104,51.5074,9.29,93.52,6.14,10.9
20231105,51.5074,8.89,90.63,6.33,0.67
20231106,51.5074,9.12,90.43,5.58,0.43
20231107,51.5074,7.87,91.54,5.34,0.19
20231108,51.5074,8.77,93.98,5.81,5.54
20231109,51.5074,7.28,92.73,5.5,2.39
20231110,51.5074,6.84,93.1,5.09,1.89
20231111,51.5074,5.55,93.39,3.73,0.56
20231112,51.5074,7.42,95.59,3.55,1.5
20231113,51.5074,11.87,88.37,9.48,10.25
20231114,51.5074,10.27,94.67,7.15,6.51
20231115,51.5074,7.68,92.3,5.92,2.28
20231116,51.5074,5.43,97.15,3.25,4.02
20231117,51.5074,6.16,95.88,3.31,1.8
20231118,51.5074,11.79,95.83,7.58,6.59
20231119,51.5074,10.95,91.42,9.02,0.68
20231120,51.5074,9.22,92.53,4.89,1.66
20231121,51.5074,8.33,94.28,5.83,0.77
20231122,51.5074,7.06,94.99,4.25,0.21
20231123,51.5074,9.83,92.63,6.81,0.15
20231124,51.5074,4.88,78.67,6.78,0.01
20231125,51.5074,0.67,90.03,4.25,0.01
20231126,51.5074,3.7,95.72,3.27,4.91
20231127,51.5074,6.64,96.23,5.71,6.35
20231128,51.5074,2.96,93.93,4.19,0.6
20231129,51.5074,0.19,94.68,2.61,0.27
20231130,51.5074,0.11,94.5,4.99,0.14
20231201,51.5074,-0.54,96.88,4.13,0.29
20231202,51.5074,-1.56,97.46,2.81,0.27
20231203,51.5074,5.42,95.67,5.75,9.34
20231204,51.5074,5.12,96.65,5.62,9.11
20231205,51.5074,3.95,96.98,5.14,1.46
20231206,51.5074,2.1,96.05,2.74,0.31
20231207,51.5074,5.71,94.16,7.07,8.49
20231208,51.5074,7.51,97.27,4.93,0.42
20231209,51.5074,9.07,90.21,9.8,11.64
20231210,51.5074,8.18,94.14,8.41,4.57
20231211,51.5074,7.48,93.14,6.5,0.38
20231212,51.5074,9.12,97.21,4.96,7.49
20231213,51.5074,5.91,95.45,6.98,1.19
20231214,51.5074,4.13,96.71,3.76,0.48
20231215,51.5074,4.46,95.92,3.59,0.04
20231216,51.5074,8.17,96.78,5.55,0.43
20231217,51.5074,8.28,93.53,6.68,0.1
20231218,51.5074,9.78,94.47,7.24,0.87
20231219,51.5074,8.93,95.98,6.1,10.63
20231220,51.5074,7.2,94.64,7.86,3.66
20231221,51.5074,9.79,85.33,10.57,0.22
20231222,51.5074,8.77,87.91,9.47,0.31
20231223,51.5074,8.93,90.58,9.03,0.18
20231224,51.5074,11.73,92.63,10.83,1.01
20231225,51.5074,11.16,94.43,7.81,3.9
20231226,51.5074,6.37,93.31,4.3,0.32
20231227,51.5074,9.47,93.64,9.55,5.29
20231228,51.5074,10.16,87.47,11.6,1.81
20231229,51.5074,7.96,94.01,7.43,0.73
20231230,51.5074,8.51,94.61,8.5,1.73
20231231,51.5074,7.93,90.76,9.75,6.73
20240101,51.5074,7.56,91.06,8.07,12.31
20240102,51.5074,10.54,93.28,9.9,6.39
20240103,51.5074,8.6,92.54,7.78,1.68
20240104,51.5074,6.85,95.15,4.78,16.64
20240105,51.5074,4.98,95.79,6.07,3.44
20240106,51.5074,3.03,95.33,4.19,0.37
20240107,51.5074,1.08,89.17,5.67,0.07
20240108,51.5074,0.7,83.57,6.1,0.61
20240109,51.5074,-0.63,83.52,6.05,0.01
20240110,51.5074,-0.59,87.49,4.99,0.02
20240111,51.5074,0.91,95.95,4.77,0.14
20240112,51.5074,3.46,93.16,3.61,0.26
20240113,51.5074,0.95,95.89,2.74,0.21
20240114,51.5074,1.52,95.95,3.87,0.38
20240115,51.5074,-1.87,90.14,4.67,0.04
20240116,51.5074,-1.35,89.72,3.09,0.0
20240117,51.5074,-0.56,90.21,3.57,0.05
20240118,51.5074,-2.35,92.97,4.65,0.0
20240119,51.5074,-1.06,95.36,3.91,0.03
20240120,51.5074,1.6,86.54,6.48,0.07
20240121,51.5074,7.86,93.9,12.5,3.77
20240122,51.5074,8.45,86.89,10.99,2.19
20240123,51.5074,7.79,95.99,9.36,3.75
20240124,51.5074,8.2,88.15,8.63,0.37
20240125,51.5074,8.46,97.42,5.28,0.97
20240126,51.5074,6.49,88.06,6.83,1.21
20240127,51.5074,3.74,92.33,4.22,0.02
20240128,51.5074,5.87,92.84,5.32,0.05
20240129,51.5074,8.69,96.81,5.39,0.31
20240130,51.5074,6.8,89.94,5.03,0.13
20240131,51.5074,6.0,91.16,6.11,1.3
20240201,51.5074,4.37,91.77,3.69,0.02
20240202,51.5074,7.6,94.1,7.22,0.14
20240203,51.5074,10.52,92.98,6.78,0.3
20240204,51.5074,10.16,93.38,7.97,0.26
20240205,51.5074,8.89,89.68,9.34,0.15
20240206,51.5074,10.66,90.66,10.92,10.48
20240207,51.5074,5.18,88.5,2.99,3.51
20240208,51.5074,7.15,96.15,6.07,18.06
20240209,51.5074,9.94,94.19,8.02,2.08
20240210,51.5074,8.38,94.62,2.69,3.19
20240211,51.5074,6.35,94.48,3.23,1.29
20240212,51.5074,4.71,89.39,4.38,0.22
20240213,51.5074,7.34,94.09,6.96,3.25
20240214,51.5074,11.0,95.4,7.13,3.91
20240215,51.5074,11.5,91.61,5.81,1.64
20240216,51.5074,9.54,91.61,5.15,0.66
20240217,51.5074,9.45,95.23,5.61,5.05
20240218,51.5074,10.53,92.2,5.9,12.07
20240219,51.5074,8.26,91.65,5.05,0.45
20240220,51.5074,7.59,93.51,6.09,0.17
20240221,51.5074,9.38,94.4,8.54,7.5
20240222,51.5074,7.78,92.67,8.2,8.26
20240223,51.5074,5.05,91.31,5.33,3.17
20240224,51.5074,4.24,91.48,2.3,1.82
20240225,51.5074,4.86,93.43,5.95,3.86
20240226,51.5074,5.0,86.13,10.34,2.98
20240227,51.5074,4.15,89.67,3.67,0.17
20240228,51.5074,7.96,93.53,5.0,1.65
20240229,51.5074,8.77,92.69,5.53,5.79
20240301,51.5074,5.23,89.76,7.26,6.88
20240302,51.5074,4.75,91.21,6.12,2.06
20240303,51.5074,3.58,89.04,1.82,1.31
20240304,51.5074,5.0,87.31,4.97,2.07
20240305,51.5074,5.73,95.21,2.74,4.72
20240306,51.5074,5.98,90.83,2.33,0.62
20240307,51.5074,6.37,89.48,5.7,0.18
20240308,51.5074,6.28,84.91,6.94,0.03
20240309,51.5074,8.77,86.9,5.79,2.65
20240310,51.5074,8.07,92.83,3.19,7.78
20240311,51.5074,6.91,94.29,3.86,2.4
20240312,51.5074,9.11,95.81,5.83,11.95
20240313,51.5074,10.46,91.9,7.11,1.85
20240314,51.5074,10.8,92.01,6.6,0.49
20240315,51.5074,10.92,90.75,7.51,2.13
20240316,51.5074,8.42,85.5,3.6,0.88
20240317,51.5074,10.98,93.54,5.06,4.86
20240318,51.5074,9.53,92.41,4.81,0.98
20240319,51.5074,9.95,92.65,5.48,0.43
20240320,51.5074,11.32,89.03,2.6,0.48
20240321,51.5074,9.44,91.67,4.06,0.11
20240322,51.5074,8.37,87.42,4.92,1.05
20240323,51.5074,5.48,85.25,7.4,1.11
20240324,51.5074,7.12,81.53,6.02,0.6
20240325,51.5074,7.48,85.74,4.94,0.11
20240326,51.5074,8.26,89.18,3.15,7.91
20240327,51.5074,7.49,88.27,6.4,1.41
20240328,51.5074,8.14,86.01,11.16,8.47
20240329,51.5074,8.97,88.48,7.55,1.8
20240330,51.5074,8.75,86.13,2.86,0.14
20240331,51.5074,9.52,91.01,4.69,1.58
20240401,51.5074,9.62,86.04,5.04,1.35
20240402,51.5074,10.28,88.23,6.31,6.61
20240403,51.5074,10.62,88.41,7.77,4.83
20240404,51.5074,11.98,87.14,7.78,3.94
20240405,51.5074,13.09,85.72,8.09,1.08
20240406,51.5074,13.92,80.36,9.84,0.14
20240407,51.5074,11.68,81.33,9.16,0.18
20240408,51.5074,11.52,88.92,5.11,0.71
20240409,51.5074,8.75,83.82,9.22,1.36
20240410,51.5074,8.99,88.02,6.81,2.21
20240411,51.5074,13.94,88.16,5.66,0.39
20240412,51.5074,13.07,85.91,6.46,0.04
20240413,51.5074,12.98,85.15,6.08,0.05
20240414,51.5074,9.65,77.14,3.92,0.01
20240415,51.5074,7.87,78.48,9.87,3.02
20240416,51.5074,8.2,79.56,7.18,1.04
20240417,51.5074,6.49,79.38,5.55,0.81
20240418,51.5074,8.08,78.23,5.02,1.52
20240419,51.5074,9.07,82.48,6.67,1.69
20240420,51.5074,5.9,76.86,4.89,0.6
20240421,51.5074,6.03,76.46,5.53,0.02
20240422,51.5074,5.41,82.73,3.32,0.46
20240423,51.5074,5.8,86.77,3.49,0.9
20240424,51.5074,5.98,74.94,4.39,0.32
20240425,51.5074,6.93,82.6,3.86,2.58
20240426,51.5074,7.29,77.25,3.15,1.88
20240427,51.5074,8.28,89.13,4.82,19.88
20240428,51.5074,8.18,89.12,4.55,6.64
20240429,51.5074,10.27,81.0,5.89,0.23
20240430,51.5074,11.87,83.84,4.89,0.2
20240501,51.5074,13.47,86.04,2.63,3.77
20240502,51.5074,13.32,87.85,4.25,1.87
20240503,51.5074,10.34,90.97,6.08,5.83
20240504,51.5074,10.99,84.0,2.83,1.86
20240505,51.5074,11.77,84.37,2.7,0.55
20240506,51.5074,12.05,91.08,3.14,12.2
20240507,51.5074,12.7,84.09,3.55,1.04
20240508,51.5074,12.44,79.05,2.27,0.01
20240509,51.5074,15.42,76.74,1.65,0.03
20240510,51.5074,14.95,77.64,2.57,0.0
20240511,51.5074,14.92,82.22,4.6,0.07
20240512,51.5074,16.72,79.99,3.73,0.07
20240513,51.5074,14.9,84.82,5.29,0.77
20240514,51.5074,14.1,88.82,4.66,8.95
20240515,51.5074,14.48,82.9,3.24,0.89
20240516,51.5074,12.81,90.34,1.94,5.5
20240517,51.5074,15.2,78.19,1.17,0.87
20240518,51.5074,15.11,86.07,2.76,1.15
20240519,51.5074,14.78,78.32,4.23,0.07
20240520,51.5074,13.63,78.37,4.25,0.07
20240521,51.5074,13.42,90.23,2.6,5.41
20240522,51.5074,14.04,88.73,5.65,6.35
20240523,51.5074,13.59,82.04,5.09,0.32
20240524,51.5074,13.29,74.82,1.94,0.01
20240525,51.5074,14.8,75.71,2.03,0.39
20240526,51.5074,14.73,83.7,5.25,6.28
20240527,51.5074,12.46,82.63,4.86,1.1
20240528,51.5074,13.87,91.33,6.4,3.6
20240529,51.5074,15.05,81.3,4.9,1.05
20240530,51.5074,13.18,84.15,5.92,2.83
20240531,51.5074,12.27,86.43,7.92,1.77
20240601,51.5074,13.03,79.14,6.69,0.23
20240602,51.5074,14.6,77.58,4.01,0.04
20240603,51.5074,15.44,81.41,2.67,0.19
20240604,51.5074,15.77,83.58,5.33,2.03
20240605,51.5074,11.87,71.93,3.64,0.02
20240606,51.5074,13.16,74.84,3.11,0.31
20240607,51.5074,13.73,75.65,4.51,0.01
20240608,51.5074,13.45,77.77,4.63,0.46
20240609,51.5074,12.76,74.4,4.38,0.81
20240610,51.5074,11.89,79.15,6.03,4.78
20240611,51.5074,11.29,80.14,3.54,0.88
20240612,51.5074,12.38,76.0,1.73,0.78
20240613,51.5074,11.91,80.21,5.49,1.7
20240614,51.5074,14.56,80.14,6.79,2.94
20240615,51.5074,13.47,79.49,7.16,3.01
20240616,51.5074,14.57,79.56,5.52,2.06
20240617,51.5074,15.51,75.05,3.38,0.18
20240618,51.5074,15.81,79.33,3.47,0.07
20240619,51.5074,14.73,77.41,4.71,0.06
20240620,51.5074,14.84,73.66,2.89,0.0
20240621,51.5074,16.81,73.75,3.92,0.04
20240622,51.5074,16.8,78.09,3.82,0.59
20240623,51.5074,17.91,78.32,2.1,0.07
20240624,51.5074,19.84,76.49,2.13,0.02
20240625,51.5074,20.07,75.42,2.23,0.0
20240626,51.5074,20.68,76.37,2.49,0.01
20240627,51.5074,18.1,74.35,5.31,0.01
20240628,51.5074,15.92,73.08,4.84,0.01
20240629,51.5074,17.06,69.88,1.78,0.0
20240630,51.5074,15.74,78.69,3.65,0.57
20240701,51.5074,15.75,77.25,4.06,0.24
20240702,51.5074,15.27,77.2,4.08,0.66
20240703,51.5074,15.65,80.1,4.61,1.99
20240704,51.5074,15.18,67.86,6.24,0.14
20240705,51.5074,16.89,85.39,6.06,11.05
20240706,51.5074,14.08,78.55,6.93,6.98
20240707,51.5074,13.84,83.06,5.01,6.29
20240708,51.5074,14.69,85.37,3.44,8.59
20240709,51.5074,17.18,90.45,5.57,9.47
20240710,51.5074,17.28,79.29,6.2,0.8
20240711,51.5074,16.73,75.12,3.72,0.33
20240712,51.5074,14.53,79.89,4.49,1.48
20240713,51.5074,14.31,80.64,3.26,1.04
20240714,51.5074,16.0,77.24,3.08,0.15
20240715,51.5074,16.27,85.22,3.63,5.38
20240716,51.5074,17.07,83.56,4.88,4.2
20240717,51.5074,17.66,77.39,2.36,0.05
20240718,51.5074,19.8,77.4,3.05,0.02
20240719,51.5074,21.98,74.31,3.36,0.0
20240720,51.5074,19.13,86.07,3.97,0.77
20240721,51.5074,18.25,79.13,3.21,0.63
20240722,51.5074,18.45,81.89,6.16,0.69
20240723,51.5074,18.95,81.34,3.61,2.45
20240724,51.5074,18.35,78.99,4.15,0.19
20240725,51.5074,17.81,88.64,5.88,2.12
20240726,51.5074,17.93,74.92,3.86,0.19
20240727,51.5074,17.11,71.76,3.05,0.01
20240728,51.5074,18.31,71.1,2.24,0.0
20240729,51.5074,19.76,73.8,3.33,0.03
20240730,51.5074,20.99,72.8,3.25,0.01
20240731,51.5074,20.9,76.03,4.68,0.12
20240801,51.5074,21.76,79.79,2.19,2.29
20240802,51.5074,21.06,76.28,2.77,1.2
20240803,51.5074,18.86,78.52,4.42,0.52
20240804,51.5074,16.78,74.69,2.85,0.08
20240805,51.5074,19.07,78.4,4.73,0.04
20240806,51.5074,18.98,79.9,4.77,1.87
20240807,51.5074,17.01,74.3,4.66,1.05
20240808,51.5074,17.61,83.37,6.82,1.07
20240809,51.5074,19.74,73.62,6.11,0.5
20240810,51.5074,19.33,78.87,4.76,0.06
20240811,51.5074,20.65,80.46,4.73,0.1
20240812,51.5074,23.19,76.68,5.21,0.06
20240813,51.5074,19.57,71.5,3.58,1.05
20240814,51.5074,19.81,78.11,1.93,0.32
20240815,51.5074,18.87,79.15,6.83,1.04
20240816,51.5074,19.0,75.05,2.26,2.1
20240817,51.5074,16.72,66.64,2.71,0.01
20240818,51.5074,16.75,73.53,3.8,0.01
20240819,51.5074,16.72,78.47,4.9,0.11
20240820,51.5074,18.32,71.29,6.27,0.39
20240821,51.5074,15.87,71.49,5.99,0.08
20240822,51.5074,17.59,84.09,9.3,1.21
20240823,51.5074,18.16,70.85,7.61,0.64
20240824,51.5074,14.76,87.76,4.23,33.16
20240825,51.5074,15.07,77.45,6.37,2.6
20240826,51.5074,17.11,78.87,5.09,0.3
20240827,51.5074,17.35,82.03,4.33,0.09
20240828,51.5074,19.55,77.74,3.78,0.01
20240829,51.5074,16.6,74.03,3.78,0.03
20240830,51.5074,16.34,75.99,3.93,0.0
20240831,51.5074,16.88,80.82,6.57,0.28
20240901,51.5074,20.73,84.19,4.21,0.33
20240902,51.5074,19.58,84.39,4.55,1.09
20240903,51.5074,18.24,83.15,3.41,0.97
20240904,51.5074,15.97,79.73,2.72,1.23
20240905,51.5074,16.71,92.13,6.03,8.16
20240906,51.5074,18.55,89.6,1.91,1.76
20240907,51.5074,17.77,82.19,2.2,1.54
20240908,51.5074,16.8,83.99,2.89,3.17
20240909,51.5074,14.58,82.62,5.7,1.27
20240910,51.5074,13.76,85.97,6.86,3.87
20240911,51.5074,10.78,76.21,6.59,0.75
20240912,51.5074,9.74,80.06,4.82,1.24
20240913,51.5074,10.89,69.29,2.94,0.05
20240914,51.5074,12.19,75.11,2.99,0.0
20240915,51.5074,13.38,79.74,3.58,0.17
20240916,51.5074,14.26,79.63,4.14,0.56
20240917,51.5074,14.47,82.56,5.68,0.12
20240918,51.5074,16.91,84.42,6.58,0.15
20240919,51.5074,17.76,83.94,6.47,0.2
20240920,51.5074,17.09,84.77,5.94,0.64
20240921,51.5074,17.68,86.72,4.35,2.13
20240922,51.5074,17.65,90.51,3.49,12.38
20240923,51.5074,15.98,89.46,4.78,15.83
20240924,51.5074,14.52,81.78,4.15,0.62
20240925,51.5074,13.64,86.56,3.72,3.86
20240926,51.5074,14.28,87.46,6.47,7.21
20240927,51.5074,10.45,81.91,7.0,7.58
20240928,51.5074,9.34,77.1,2.96,1.36
20240929,51.5074,10.91,77.53,7.04,2.73
20240930,51.5074,14.17,88.38,8.82,10.21
20241001,51.5074,12.01,90.54,7.75,6.69
20241002,51.5074,13.29,86.84,6.95,2.34
20241003,51.5074,11.31,82.04,4.27,0.33
20241004,51.5074,11.44,79.88,2.55,0.02
20241005,51.5074,12.0,80.11,4.86,0.0
20241006,51.5074,13.18,89.6,5.71,1.67
20241007,51.5074,14.24,87.78,5.3,3.65
20241008,51.5074,14.66,89.24,6.44,7.72
20241009,51.5074,13.63,87.81,5.31,2.67
20241010,51.5074,8.67,81.0,4.71,0.93
20241011,51.5074,7.01,79.33,2.23,0.09
20241012,51.5074,10.43,85.87,5.35,2.74
20241013,51.5074,7.06,79.85,3.37,0.21
20241014,51.5074,9.85,91.7,4.88,11.99
20241015,51.5074,13.18,93.95,5.45,1.33
20241016,51.5074,16.75,93.14,5.88,8.46
20241017,51.5074,13.16,92.69,3.27,0.39
20241018,51.5074,11.48,90.05,3.4,0.42
20241019,51.5074,13.06,91.64,4.57,7.18
20241020,51.5074,13.39,93.46,8.05,3.34
20241021,51.5074,11.96,90.98,4.28,2.54
20241022,51.5074,10.73,92.55,4.2,0.34
20241023,51.5074,11.27,93.51,3.62,0.55
20241024,51.5074,12.15,93.35,5.12,0.34
20241025,51.5074,13.96,93.96,3.58,1.32
20241026,51.5074,11.09,94.69,1.6,1.58
20241027,51.5074,9.82,90.12,3.02,0.18
20241028,51.5074,13.04,92.41,6.05,1.16
20241029,51.5074,12.35,92.7,2.54,0.36
20241030,51.5074,11.0,92.04,1.95,0.11
20241031,51.5074,10.7,91.23,1.33,0.07
20241101,51.5074,10.01,91.76,2.57,0.14
20241102,51.5074,11.62,94.67,3.14,0.67
20241103,51.5074,10.77,90.04,2.96,0.35
20241104,51.5074,9.18,91.44,2.49,0.06
20241105,51.5074,8.76,93.67,1.13,0.12
20241106,51.5074,8.7,95.3,1.33,0.47
20241107,51.5074,9.57,94.22,2.95,0.41
20241108,51.5074,7.93,89.36,2.74,0.23
20241109,51.5074,6.56,85.85,1.21,0.08
20241110,51.5074,6.84,94.12,2.33,0.14
20241111,51.5074,7.25,93.84,4.42,0.05
20241112,51.5074,7.97,91.17,6.69,0.43
20241113,51.5074,7.76,90.5,3.91,0.15
20241114,51.5074,7.91,91.72,3.48,0.35
20241115,51.5074,6.34,89.64,1.83,0.05
20241116,51.5074,6.96,96.21,4.28,0.67
20241117,51.5074,6.93,91.95,5.21,0.79
20241118,51.5074,6.0,96.41,2.28,10.43
20241119,51.5074,4.49,95.31,5.81,4.39
20241120,51.5074,-0.03,92.04,5.53,0.57
20241121,51.5074,-0.99,94.19,3.07,0.16
20241122,51.5074,1.42,94.37,5.87,0.09
20241123,51.5074,8.19,94.57,10.27,11.11
20241124,51.5074,14.76,82.18,14.58,5.55
20241125,51.5074,8.72,87.56,6.42,3.16
20241126,51.5074,6.15,93.49,3.61,1.25
20241127,51.5074,5.75,96.24,5.26,15.05
20241128,51.5074,2.05,96.55,2.63,0.26
20241129,51.5074,5.31,90.01,5.69,0.06
20241130,51.5074,9.64,98.35,4.57,0.47
20241201,51.5074,10.91,96.48,6.49,3.16
20241202,51.5074,8.11,92.28,6.31,1.11
20241203,51.5074,4.15,91.84,1.9,0.11
20241204,51.5074,4.89,96.59,3.9,0.69
20241205,51.5074,10.97,94.02,9.49,8.79
20241206,51.5074,6.58,87.84,7.31,0.92
20241207,51.5074,7.03,86.88,14.21,7.22
20241208,51.5074,6.51,91.15,12.33,3.25
20241209,51.5074,6.14,92.28,8.73,2.29
20241210,51.5074,5.36,92.79,6.71,0.9
20241211,51.5074,5.49,94.51,4.78,0.59
20241212,51.5074,5.57,98.38,2.03,0.9
20241213,51.5074,3.14,93.83,2.05,0.44
20241214,51.5074,3.73,97.57,4.47,0.21
20241215,51.5074,7.92,96.9,6.28,0.13
20241216,51.5074,8.46,95.41,6.08,0.19
20241217,51.5074,7.64,94.86,5.52,0.32
20241218,51.5074,11.75,92.11,10.73,5.65
20241219,51.5074,5.26,91.46,7.78,1.14
20241220,51.5074,4.82,96.02,5.78,1.08
20241221,51.5074,7.34,94.37,8.12,1.24
20241222,51.5074,4.84,83.75,10.7,0.77
20241223,51.5074,3.73,91.04,5.47,1.24
20241224,51.5074,7.54,98.69,3.56,0.33
20241225,51.5074,6.97,98.2,2.38,0.41
20241226,51.5074,6.32,97.63,1.26,0.5
20241227,51.5074,5.49,97.67,0.79,0.56
20241228,51.5074,3.15,96.55,1.46,0.51
20241229,51.5074,4.85,98.22,3.38,0.37
20241230,51.5074,6.1,95.52,5.07,0.25
20241231,51.5074,8.46,94.96,9.02,0.65
20250101,51.5074,8.14,92.37,10.65,13.14
20250102,51.5074,0.66,95.06,4.38,1.09
20250103,51.5074,-0.8,95.85,4.11,0.08
20250104,51.5074,0.9,92.39,3.52,6.3
20250105,51.5074,7.55,98.11,8.17,12.26
20250106,51.5074,6.01,92.23,9.96,1.46
20250107,51.5074,1.47,95.74,5.82,0.5
20250108,51.5074,0.39,96.49,3.18,2.37
20250109,51.5074,-0.19,95.35,4.8,0.81
20250110,51.5074,-2.18,96.27,1.82,0.23
20250111,51.5074,-0.62,96.95,1.93,0.19
20250112,51.5074,0.04,95.67,1.76,0.18
20250113,51.5074,1.83,95.01,4.0,0.05
20250114,51.5074,4.06,98.19,3.63,0.14
20250115,51.5074,6.94,98.03,1.52,0.4
20250116,51.5074,5.72,95.87,2.64,0.1
20250117,51.5074,3.66,93.24,2.3,0.08
20250118,51.5074,1.39,94.68,1.92,0.26
20250119,51.5074,0.73,90.72,2.55,0.13
20250120,51.5074,1.51,95.25,1.61,0.06
20250121,51.5074,2.53,97.31,2.29,0.2
20250122,51.5074,2.28,97.62,2.35,0.87
20250123,51.5074,3.9,95.57,6.41,3.31
20250124,51.5074,7.92,88.42,9.38,3.95
20250125,51.5074,4.21,88.15,3.39,1.27
20250126,51.5074,3.89,94.0,8.23,5.65
20250127,51.5074,7.22,87.62,10.69,5.97
20250128,51.5074,7.67,91.56,8.9,3.64
20250129,51.5074,4.87,94.71,3.99,2.02
20250130,51.5074,2.49,90.9,4.78,0.24
20250131,51.5074,4.38,97.27,3.19,5.88
20250201,51.5074,3.53,93.34,3.2,0.95
20250202,51.5074,1.58,93.42,3.45,0.06
20250203,51.5074,3.9,97.23,4.2,0.37
20250204,51.5074,6.89,94.01,7.17,0.31
20250205,51.5074,4.96,92.2,3.65,0.07
20250206,51.5074,3.53,91.06,5.64,0.27
20250207,51.5074,3.25,89.8,7.74,3.12
20250208,51.5074,3.75,94.74,3.87,1.43
20250209,51.5074,2.74,96.54,4.56,3.98
20250210,51.5074,2.97,93.01,6.45,2.57
20250211,51.5074,2.46,94.94,3.09,0.72
20250212,51.5074,2.73,93.63,3.05,0.41
20250213,51.5074,1.66,87.43,3.98,0.09
20250214,51.5074,0.82,83.99,4.7,0.01
20250215,51.5074,1.89,91.07,4.29,2.77
20250216,51.5074,1.19,86.52,4.55,0.08
20250217,51.5074,0.33,84.98,4.56,0.0
20250218,51.5074,1.69,82.43,5.23,0.0
20250219,51.5074,4.2,93.33,5.1,0.09
20250220,51.5074,9.91,95.47,7.82,2.67
20250221,51.5074,11.39,90.45,8.4,3.45
20250222,51.5074,8.74,94.65,3.84,4.92
20250223,51.5074,8.49,92.7,9.06,3.08
20250224,51.5074,9.65,90.47,7.35,7.43
20250225,51.5074,6.73,89.1,3.68,0.85
20250226,51.5074,4.91,94.36,5.45,7.33
20250227,51.5074,4.7,87.24,5.56,1.86
20250228,51.5074,3.1,88.48,3.05,0.04
20250301,51.5074,3.42,84.37,2.38,0.13
20250302,51.5074,3.51,85.99,1.81,0.13
20250303,51.5074,3.82,80.73,1.69,0.1
20250304,51.5074,4.01,83.79,2.3,0.06
20250305,51.5074,4.36,89.18,3.56,0.07
20250306,51.5074,7.87,85.12,4.71,0.01
20250307,51.5074,10.13,87.41,4.66,0.06
20250308,51.5074,9.22,85.63,4.36,0.0
20250309,51.5074,9.16,83.76,3.83,0.01
20250310,51.5074,7.85,84.83,4.04,0.21
20250311,51.5074,5.13,81.48,5.3,0.17
20250312,51.5074,2.89,88.54,3.78,0.48
20250313,51.5074,3.1,89.21,4.52,1.0
20250314,51.5074,2.59,86.94,3.36,0.5
20250315,51.5074,2.51,80.53,5.29,0.1
20250316,51.5074,2.98,83.19,4.89,0.14
20250317,51.5074,4.8,84.34,5.25,0.24
20250318,51.5074,4.28,76.62,5.46,0.0
20250319,51.5074,7.26,84.43,3.19,0.0
20250320,51.5074,11.14,80.38,3.07,0.0
20250321,51.5074,10.56,87.78,5.62,1.41
20250322,51.5074,11.37,90.04,3.39,1.28
20250323,51.5074,10.51,90.07,3.43,1.1
20250324,51.5074,8.66,82.18,3.48,0.36
20250325,51.5074,8.83,89.23,3.38,0.89
20250326,51.5074,9.89,83.69,1.78,0.08
20250327,51.5074,8.99,89.91,3.66,0.12
20250328,51.5074,8.65,82.62,5.44,0.88
20250329,51.5074,7.59,77.51,5.2,0.01
20250330,51.5074,10.5,76.54,6.14,0.05
20250331,51.5074,8.72,80.35,3.2,0.0
20250401,51.5074,8.4,78.53,6.32,0.01
20250402,51.5074,9.38,78.58,6.93,0.0
20250403,51.5074,11.35,80.57,5.5,0.0
20250404,51.5074,12.32,77.2,5.59,0.01
20250405,51.5074,8.95,73.98,7.38,0.01
20250406,51.5074,8.16,74.07,5.69,0.0
20250407,51.5074,8.01,75.88,4.33,0.0
20250408,51.5074,8.12,77.39,3.28,0.01
20250409,51.5074,7.2,79.83,4.8,0.0
20250410,51.5074,8.63,79.82,2.39,0.01
20250411,51.5074,11.21,75.69,2.21,0.01
20250412,51.5074,12.07,79.24,3.82,0.1
20250413,51.5074,10.49,81.46,4.63,0.46
20250414,51.5074,9.78,82.55,3.96,2.79
20250415,51.5074,11.76,86.83,3.51,6.73
20250416,51.5074,9.55,72.55,7.82,0.13
20250417,51.5074,10.29,75.38,1.68,0.01
20250418,51.5074,11.51,77.63,5.59,0.51
20250419,51.5074,10.42,74.81,6.98,0.05
20250420,51.5074,8.84,80.54,4.65,0.76
20250421,51.5074,10.85,87.07,2.68,1.66
20250422,51.5074,10.32,79.39,4.16,0.3
20250423,51.5074,10.07,84.99,5.26,9.56
20250424,51.5074,10.61,79.74,3.61,0.06
20250425,51.5074,9.97,80.71,2.78,0.02
20250426,51.5074,11.37,83.08,2.66,0.11
20250427,51.5074,13.48,75.83,1.54,0.01
20250428,51.5074,14.1,73.55,2.16,0.0
20250429,51.5074,13.32,75.09,3.37,0.0
20250430,51.5074,14.72,75.95,2.47,0.06
20250501,51.5074,16.03,76.95,2.62,0.01
20250502,51.5074,16.08,78.6,3.07,0.01
20250503,51.5074,12.97,73.88,4.3,0.01
20250504,51.5074,8.9,74.12,5.87,0.12
20250505,51.5074,8.41,74.34,7.02,0.48
20250506,51.5074,9.2,76.4,4.99,0.18
20250507,51.5074,9.69,78.23,4.97,0.11
20250508,51.5074,10.44,76.31,4.9,0.02
20250509,51.5074,11.56,73.1,4.92,0.07
20250510,51.5074,13.41,72.93,4.35,0.07
20250511,51.5074,15.63,74.57,4.33,1.03
20250512,51.5074,16.07,78.08,2.79,1.16
20250513,51.5074,15.03,74.51,3.33,0.06
20250514,51.5074,13.51,71.79,4.92,0.04
20250515,51.5074,11.47,76.46,5.56,0.01
20250516,51.5074,11.98,72.07,5.19,0.03
20250517,51.5074,12.52,73.14,4.0,0.01
20250518,51.5074,12.0,76.48,3.35,0.01
20250519,51.5074,12.85,75.16,4.22,0.07
20250520,51.5074,14.19,71.91,3.07,0.04
20250521,51.5074,12.8,78.63,2.71,1.52
20250522,51.5074,10.28,76.7,2.96,0.81
20250523,51.5074,12.53,68.11,3.82,0.08
20250524,51.5074,15.68,84.7,6.75,5.76
20250525,51.5074,15.46,71.33,7.88,0.62
20250526,51.5074,13.39,76.37,7.68,0.68
20250527,51.5074,14.76,88.21,8.95,5.75
20250528,51.5074,16.18,77.28,5.97,1.55
20250529,51.5074,16.97,80.61,6.95,0.5
20250530,51.5074,17.79,77.75,4.71,0.05
20250531,51.5074,18.41,74.54,3.78,0.01
20250601,51.5074,15.45,72.53,5.73,0.05
20250602,51.5074,14.89,67.74,4.44,0.02
20250603,51.5074,13.94,81.68,7.89,2.23
20250604,51.5074,13.94,75.94,5.36,0.71
20250605,51.5074,13.89,86.49,6.54,5.8
20250606,51.5074,14.2,74.83,6.06,1.2
20250607,51.5074,13.37,84.59,5.08,13.23
20250608,51.5074,12.97,73.8,5.74,0.25
20250609,51.5074,14.87,75.12,4.62,0.06
20250610,51.5074,16.64,76.77,5.38,0.11
20250611,51.5074,16.71,77.6,5.11,0.08
20250612,51.5074,18.43,76.25,5.42,0.16
20250613,51.5074,20.05,72.68,3.3,1.84
20250614,51.5074,18.05,73.96,6.15,0.67
20250615,51.5074,17.02,73.16,4.43,0.14
20250616,51.5074,18.45,72.39,2.58,0.02
20250617,51.5074,18.81,68.83,3.5,0.0
20250618,51.5074,20.26,66.86,1.87,0.0
20250619,51.5074,21.47,65.43,2.34,0.0
20250620,51.5074,19.43,73.68,4.25,0.01
20250621,51.5074,22.12,67.73,4.2,0.02
20250622,51.5074,20.53,66.97,6.94,0.06
20250623,51.5074,17.72,60.94,6.94,0.13
20250624,51.5074,19.06,75.37,7.04,0.51
20250625,51.5074,20.74,71.0,3.15,0.08
20250626,51.5074,20.06,66.13,6.7,0.56
20250627,51.5074,19.49,70.12,5.99,1.38
20250628,51.5074,22.7,71.11,6.13,0.07
20250629,51.5074,22.26,70.08,2.32,0.01
20250630,51.5074,23.27,67.93,3.32,0.02
20250701,51.5074,25.29,61.75,2.13,0.01
20250702,51.5074,18.61,71.6,4.06,4.73
20250703,51.5074,17.72,57.46,2.57,0.28
20250704,51.5074,19.04,56.36,4.65,0.0
20250705,51.5074,18.62,76.53,7.29,0.72
20250706,51.5074,18.55,77.54,3.77,4.7
20250707,51.5074,16.65,67.77,5.97,4.39
20250708,51.5074,17.41,60.73,4.35,0.28
20250709,51.5074,20.22,63.04,2.11,0.04
20250710,51.5074,22.57,63.82,2.87,0.01
20250711,51.5074,22.83,60.96,2.57,0.0
20250712,51.5074,21.18,63.52,3.77,0.0
20250713,51.5074,20.66,67.17,2.71,0.09
20250714,51.5074,20.31,63.58,6.24,0.11
20250715,51.5074,18.04,66.01,7.41,0.36
20250716,51.5074,19.71,65.53,5.09,0.26
20250717,51.5074,21.9,70.24,3.04,0.63
20250718,51.5074,22.99,65.93,3.33,0.35
20250719,51.5074,19.46,83.33,1.76,18.22
20250720,51.5074,17.94,79.99,5.3,4.15
20250721,51.5074,17.52,78.61,3.16,7.06
20250722,51.5074,18.77,78.35,3.86,3.0
20250723,51.5074,18.33,75.22,3.19,1.08
20250724,51.5074,18.36,80.89,5.17,2.54
20250725,51.5074,20.32,70.83,2.89,0.76
20250726,51.5074,19.42,74.75,3.57,1.06
20250727,51.5074,17.82,65.66,4.08,0.16
20250728,51.5074,18.37,67.91,3.4,0.34
20250729,51.5074,17.36,76.01,2.22,0.91
20250730,51.5074,19.72,72.41,3.06,0.44
20250731,51.5074,19.03,78.67,3.77,4.98
20250801,51.5074,15.94,76.57,4.49,1.66
20250802,51.5074,16.36,67.85,3.36,0.53
20250803,51.5074,18.44,75.96,4.71,0.9
20250804,51.5074,19.17,74.23,6.64,0.52
20250805,51.5074,16.86,62.16,5.87,0.18
20250806,51.5074,16.8,62.0,2.84,0.0
20250807,51.5074,17.86,72.38,5.75,0.04
20250808,51.5074,19.14,66.85,3.68,0.02
20250809,51.5074,18.61,64.04,4.57,0.0
20250810,51.5074,19.45,66.35,2.32,0.01
20250811,51.5074,21.12,66.5,2.82,0.09
20250812,51.5074,23.02,66.13,3.24,0.01
20250813,51.5074,19.73,75.38,3.25,0.01
20250814,51.5074,21.28,70.46,3.81,0.04
20250815,51.5074,22.21,66.77,3.51,0.02
20250816,51.5074,19.05,71.65,4.98,0.04
20250817,51.5074,18.64,69.43,4.46,0.04
20250818,51.5074,19.0,72.85,4.68,0.24
20250819,51.5074,19.18,73.33,5.77,0.13
20250820,51.5074,17.4,66.93,6.3,0.08
20250821,51.5074,17.05,62.98,5.33,0.02
20250822,51.5074,16.63,60.64,2.03,0.0
20250823,51.5074,17.51,69.54,2.66,0.0
20250824,51.5074,18.28,65.99,3.03,0.0
20250825,51.5074,19.6,62.42,3.93,0.0
20250826,51.5074,20.05,69.87,5.31,0.23
20250827,51.5074,17.91,78.75,5.72,1.51
20250828,51.5074,16.46,73.91,5.44,1.02
20250829,51.5074,16.39,80.08,4.2,7.81
20250830,51.5074,16.79,83.42,6.88,3.51
20250831,51.5074,17.03,74.26,6.05,0.18
20250901,51.5074,16.67,78.52,6.33,1.53
20250902,51.5074,16.42,84.84,5.79,2.59
20250903,51.5074,18.52,81.56,9.79,7.09
20250904,51.5074,16.08,76.14,6.3,3.29
20250905,51.5074,16.28,73.19,3.63,0.93
20250906,51.5074,17.45,74.15,5.64,0.02
20250907,51.5074,19.16,78.69,6.75,0.24
20250908,51.5074,16.12,72.21,4.18,0.29
20250909,51.5074,15.29,72.88,3.31,0.13
20250910,51.5074,15.63,84.35,6.37,5.0
20250911,51.5074,14.45,73.99,7.57,2.38
20250912,51.5074,14.26,75.0,7.03,2.59
20250913,51.5074,13.85,76.93,5.77,4.6
20250914,51.5074,13.9,86.89,6.65,5.05
20250915,51.5074,15.54,71.94,11.99,1.0
20250916,51.5074,14.6,70.84,7.38,0.18
20250917,51.5074,16.56,86.07,8.31,2.66
20250918,51.5074,18.69,82.57,7.45,0.38
20250919,51.5074,18.71,77.27,4.63,0.14
20250920,51.5074,15.99,83.2,7.18,0.57
20250921,51.5074,11.75,67.81,6.12,0.1
20250922,51.5074,10.66,69.8,5.46,0.0
20250923,51.5074,11.05,78.83,5.33,0.63
20250924,51.5074,12.5,72.87,5.6,0.21
20250925,51.5074,12.74,68.58,5.99,0.0
20250926,51.5074,11.78,78.21,3.43,0.06
20250927,51.5074,12.34,80.69,3.7,0.07
20250928,51.5074,13.56,85.32,2.92,0.66
20250929,51.5074,12.45,75.56,2.44,0.24
20250930,51.5074,13.82,70.35,1.04,0.01
20251001,51.5074,12.8,88.1,2.73,0.07
20251002,51.5074,14.03,85.42,4.56,0.14
20251003,51.5074,15.7,89.95,9.04,15.78
20251004,51.5074,12.69,70.85,11.42,2.45
20251005,51.5074,12.33,71.36,7.76,0.06
20251006,51.5074,14.19,80.89,4.42,0.04
20251007,51.5074,12.95,82.69,3.37,0.02
20251008,51.5074,12.75,87.95,2.73,0.19
20251009,51.5074,11.21,84.94,3.04,0.02
20251010,51.5074,12.82,87.08,1.98,0.15
20251011,51.5074,11.85,84.08,1.79,0.1
20251012,51.5074,10.65,87.93,2.7,0.17
20251013,51.5074,13.36,90.07,4.23,0.52
20251014,51.5074,12.1,89.34,4.06,0.38
20251015,51.5074,11.02,88.21,3.96,0.35
20251016,51.5074,11.36,87.86,3.2,0.32
20251017,51.5074,11.06,82.91,2.58,0.06
20251018,51.5074,10.94,83.41,4.04,0.01
20251019,51.5074,12.76,91.11,6.49,8.86
20251020,51.5074,12.91,94.97,6.13,7.89
20251021,51.5074,11.91,89.71,5.97,2.19
20251022,51.5074,10.58,88.08,3.32,13.89
20251023,51.5074,9.7,84.88,10.14,5.32
20251024,51.5074,8.4,83.32,7.56,0.39
20251025,51.5074,8.49,80.6,6.52,0.49
20251026,51.5074,7.08,88.91,7.1,1.27
20251027,51.5074,10.26,80.92,7.63,0.3
20251028,51.5074,11.28,83.27,6.65,0.44
20251029,51.5074,10.09,96.04,4.33,9.29
20251030,51.5074,8.85,90.18,5.58,1.78
20251031,51.5074,13.8,91.02,8.83,2.79
20251101,51.5074,12.33,87.05,7.72,6.13
20251102,51.5074,8.56,88.24,5.18,3.23
20251103,51.5074,12.59,91.48,8.69,0.69
20251104,51.5074,13.45,85.89,8.2,0.42
20251105,51.5074,13.96,85.87,6.25,0.09
20251106,51.5074,13.59,96.01,4.09,2.66
20251107,51.5074,12.22,94.12,4.3,0.99
20251108,51.5074,10.44,92.73,3.51,0.38
20251109,51.5074,10.12,91.76,4.96,4.1
20251110,51.5074,11.31,94.7,6.59,8.34
20251111,51.5074,11.89,91.58,7.14,1.36
20251112,51.5074,13.05,89.52,6.69,0.54
20251113,51.5074,13.21,93.62,4.38,7.2
20251114,51.5074,13.01,97.25,3.5,18.4
20251115,51.5074,11.21,95.17,2.75,1.06
20251116,51.5074,7.61,87.52,5.1,0.48
20251117,51.5074,3.7,87.15,5.26,0.06
20251118,51.5074,3.06,92.01,4.32,0.23
20251119,51.5074,3.06,92.28,7.47,5.78
20251120,51.5074,0.02,90.32,6.0,0.84
20251121,51.5074,0.9,92.64,4.02,0.07
20251122,51.5074,4.5,92.96,6.84,8.33
20251123,51.5074,6.93,93.43,6.02,3.09
20251124,51.5074,5.19,95.56,5.61,2.07
20251125,51.5074,3.43,95.41,6.25,0.16
20251126,51.5074,3.75,94.1,3.78,1.31
20251127,51.5074,11.11,95.51,7.7,1.62
20251128,51.5074,9.22,94.9,5.65,0.51
20251129,51.5074,8.37,94.55,7.03,6.41
20251130,51.5074,3.94,93.42,5.21,0.79
20251201,51.5074,9.32,91.94,11.57,5.96
20251202,51.5074,8.07,94.9,4.8,3.08
20251203,51.5074,6.23,96.6,3.4,1.0
20251204,51.5074,6.0,96.57,5.58,4.68
20251205,51.5074,5.23,93.44,6.46,4.56
20251206,51.5074,9.64,92.15,8.53,2.63
20251207,51.5074,10.34,96.83,7.05,5.22
20251208,51.5074,11.24,95.24,6.86,1.84
20251209,51.5074,11.74,92.01,9.22,9.29
20251210,51.5074,9.52,95.89,6.04,0.34
20251211,51.5074,8.32,96.46,5.34,0.15
20251212,51.5074,9.53,94.22,4.67,0.47
20251213,51.5074,5.39,98.45,3.17,0.13
20251214,51.5074,7.78,93.51,7.07,0.12
20251215,51.5074,9.36,91.86,7.39,0.23
20251216,51.5074,9.04,94.53,3.87,0.93
20251217,51.5074,6.21,93.64,5.9,0.49
20251218,51.5074,10.38,93.61,9.97,22.37
20251219,51.5074,6.95,95.1,4.65,1.12
20251220,51.5074,6.43,95.84,4.46,0.38
20251221,51.5074,8.95,97.23,4.9,5.97
20251222,51.5074,8.11,97.01,3.44,0.31
20251223,51.5074,5.75,89.89,6.01,0.15
20251224,51.5074,3.99,76.5,8.67,0.06
20251225,51.5074,1.89,74.07,8.4,0.0
20251226,51.5074,1.25,94.8,4.86,0.02
20251227,51.5074,4.48,93.74,6.72,0.21
20251228,51.5074,4.69,90.18,5.03,0.08
20251229,51.5074,3.57,92.46,4.61,0.24
20251230,51.5074,2.28,93.57,4.34,0.05
20251231,51.5074,0.4,94.99,4.01,0.19
20210101,36.7783,5.05,43.14,2.49,0.0
20210102,36.7783,6.78,49.99,1.54,0.0
20210103,36.7783,7.76,63.46,1.56,0.0
20210104,36.7783,7.91,69.65,1.79,0.45
20210105,36.7783,6.88,46.52,1.84,0.0
20210106,36.7783,8.46,46.83,1.86,0.0
20210107,36.7783,6.85,47.2,1.91,0.0
20210108,36.7783,8.41,46.99,1.98,0.03
20210109,36.7783,6.97,45.15,1.72,0.03
20210110,36.7783,7.64,44.62,1.76,0.0
20210111,36.7783,7.51,49.89,2.4,0.0
20210112,36.7783,10.16,35.91,1.82,0.0
20210113,36.7783,11.07,52.65,1.87,0.0
20210114,36.7783,12.62,49.92,2.06,0.0
20210115,36.7783,14.37,37.58,2.08,0.0
20210116,36.7783,13.48,42.48,1.93,0.0
20210117,36.7783,13.93,43.8,2.04,0.0
20210118,36.7783,11.22,39.36,3.1,0.0
20210119,36.7783,7.64,28.89,6.5,0.03
20210120,36.7783,9.03,42.99,2.75,0.0
20210121,36.7783,8.57,43.94,1.99,0.0
20210122,36.7783,3.48,74.4,2.4,2.44
20210123,36.7783,2.81,80.05,1.41,1.84
20210124,36.7783,2.05,75.31,1.56,3.75
20210125,36.7783,-0.98,87.91,2.66,8.78
20210126,36.7783,-0.53,70.1,2.13,1.67
20210127,36.7783,2.32,90.26,6.7,35.5
20210128,36.7783,2.8,93.2,4.3,39.85
20210129,36.7783,1.19,92.86,2.19,8.46
20210130,36.7783,1.28,64.79,2.15,0.0
20210131,36.7783,6.36,54.06,2.19,0.0
20210201,36.7783,7.9,61.72,2.43,0.0
20210202,36.7783,7.85,77.19,1.74,0.03
20210203,36.7783,4.77,71.44,1.81,0.01
20210204,36.7783,5.98,55.87,1.73,0.0
20210205,36.7783,8.09,49.52,2.04,0.0
20210206,36.7783,9.73,42.56,1.97,0.0
20210207,36.7783,9.69,39.98,1.83,0.01
20210208,36.7783,10.63,40.19,1.44,0.0
20210209,36.7783,9.2,62.1,1.4,0.0
20210210,36.7783,8.56,72.14,1.62,0.0
20210211,36.7783,8.28,70.17,1.41,3.55
20210212,36.7783,5.34,84.24,1.99,12.76
20210213,36.7783,3.28,90.64,2.42,4.59
20210214,36.7783,3.74,70.64,2.2,0.0
20210215,36.7783,5.3,87.12,1.41,1.2
20210216,36.7783,3.65,77.35,2.43,0.01
20210217,36.7783,3.69,48.74,2.75,0.0
20210218,36.7783,6.0,43.91,1.86,0.0
20210219,36.7783,8.09,60.06,1.57,0.0
20210220,36.7783,3.84,73.83,2.58,0.44
20210221,36.7783,5.56,53.89,2.13,0.0
20210222,36.7783,9.72,51.85,2.03,0.0
20210223,36.7783,10.71,50.22,1.85,0.0
20210224,36.7783,8.75,37.9,2.94,0.0
20210225,36.7783,6.56,37.16,3.09,0.0
20210226,36.7783,7.9,49.96,2.14,0.0
20210227,36.7783,5.62,55.23,2.93,0.0
20210228,36.7783,6.33,40.06,3.04,0.0
20210301,36.7783,8.24,38.57,2.74,0.0
20210302,36.7783,10.01,35.97,2.26,0.0
20210303,36.7783,7.24,57.49,2.07,0.0
20210304,36.7783,8.68,62.2,2.03,0.0
20210305,36.7783,10.71,49.14,2.34,0.0
20210306,36.7783,7.31,72.28,1.65,0.0
20210307,36.7783,8.36,58.29,1.52,0.0
20210308,36.7783,5.35,64.38,1.46,0.0
20210309,36.7783,4.04,68.4,1.69,1.39
20210310,36.7783,1.25,91.66,2.71,15.66
20210311,36.7783,1.32,85.62,1.45,4.38
20210312,36.7783,2.44,71.67,1.46,1.91
20210313,36.7783,5.27,63.97,2.03,0.0
20210314,36.7783,5.76,69.93,1.32,0.38
20210315,36.7783,0.57,87.06,2.26,9.42
20210316,36.7783,3.69,70.52,1.85,0.08
20210317,36.7783,7.48,58.8,1.81,0.0
20210318,36.7783,10.45,57.43,1.97,0.73
20210319,36.7783,8.88,91.95,1.53,15.03
20210320,36.7783,5.16,76.49,1.91,1.65
20210321,36.7783,5.73,54.91,2.38,0.02
20210322,36.7783,7.2,56.19,2.1,0.01
20210323,36.7783,6.67,52.61,2.94,0.08
20210324,36.7783,7.86,41.72,2.38,0.0
20210325,36.7783,6.26,70.63,1.94,0.18
20210326,36.7783,7.48,53.33,1.99,0.01
20210327,36.7783,11.47,38.89,2.24,0.0
20210328,36.7783,14.8,32.71,2.02,0.0
20210329,36.7783,12.78,41.94,2.47,0.0
20210330,36.7783,12.43,45.3,2.31,0.0
20210331,36.7783,14.55,33.75,2.64,0.0
20210401,36.7783,16.54,27.74,2.22,0.0
20210402,36.7783,17.26,27.87,2.05,0.0
20210403,36.7783,15.64,40.32,1.91,0.0
20210404,36.7783,14.73,47.35,1.43,0.0
20210405,36.7783,12.26,55.15,2.05,0.0
20210406,36.7783,12.7,55.71,1.98,0.0
20210407,36.7783,14.24,43.76,2.02,0.0
20210408,36.7783,13.03,42.2,2.24,0.0
20210409,36.7783,13.71,45.23,1.87,0.0
20210410,36.7783,13.78,45.62,2.14,0.0
20210411,36.7783,14.98,47.4,2.19,0.0
20210412,36.7783,14.86,47.38,2.3,0.0
20210413,36.7783,12.37,49.33,2.16,0.0
20210414,36.7783,7.8,68.11,2.29,0.04
20210415,36.7783,10.84,48.55,2.32,0.0
20210416,36.7783,12.6,48.58,2.4,0.04
20210417,36.7783,13.62,42.52,2.51,0.0
20210418,36.7783,15.52,30.19,3.24,0.0
20210419,36.7783,16.57,35.75,2.65,0.0
20210420,36.7783,15.12,43.74,1.91,0.0
20210421,36.7783,11.2,65.89,2.03,0.1
20210422,36.7783,12.66,50.92,2.5,0.01
20210423,36.7783,13.41,50.14,2.02,0.0
20210424,36.7783,11.61,51.89,1.59,0.0
20210425,36.7783,6.9,80.74,1.7,4.9
20210426,36.7783,7.41,63.78,2.47,0.75
20210427,36.7783,9.11,51.92,2.27,0.17
20210428,36.7783,14.94,31.88,2.66,0.0
20210429,36.7783,19.52,31.39,2.74,0.0
20210430,36.7783,21.74,34.19,2.21,0.0
20210501,36.7783,18.16,38.81,2.33,0.0
20210502,36.7783,14.7,49.81,3.25,0.04
20210503,36.7783,16.67,34.66,3.11,0.0
20210504,36.7783,19.52,32.73,2.25,0.0
20210505,36.7783,21.89,32.02,2.48,0.0
20210506,36.7783,20.68,32.16,2.43,0.0
20210507,36.7783,16.49,37.58,2.29,0.0
20210508,36.7783,17.42,27.89,2.97,0.0
20210509,36.7783,17.96,28.79,2.42,0.0
20210510,36.7783,18.72,32.48,2.6,0.0
20210511,36.7783,20.08,26.71,2.55,0.0
20210512,36.7783,22.0,23.17,2.51,0.0
20210513,36.7783,22.44,23.29,2.44,0.0
20210514,36.7783,21.51,28.54,2.24,0.0
20210515,36.7783,15.76,44.57,2.21,0.06
20210516,36.7783,14.74,55.91,2.28,0.29
20210517,36.7783,17.35,47.53,2.32,0.18
20210518,36.7783,18.76,34.22,2.62,0.0
20210519,36.7783,16.29,31.81,2.39,0.0
20210520,36.7783,10.15,37.98,3.15,0.03
20210521,36.7783,8.85,48.12,2.52,0.81
20210522,36.7783,10.93,46.22,2.41,0.05
20210523,36.7783,13.97,39.03,2.46,0.0
20210524,36.7783,18.58,31.61,2.53,0.0
20210525,36.7783,18.99,28.19,2.53,0.0
20210526,36.7783,18.83,25.99,2.59,0.0
20210527,36.7783,19.81,24.6,2.57,0.01
20210528,36.7783,20.2,30.75,2.38,0.04
20210529,36.7783,20.75,37.54,2.3,0.08
20210530,36.7783,23.51,34.34,2.12,0.03
20210531,36.7783,26.08,19.53,2.64,0.06
20210601,36.7783,27.37,19.55,2.8,0.0
20210602,36.7783,28.0,18.19,2.5,0.0
20210603,36.7783,28.44,21.01,1.93,0.2
20210604,36.7783,26.83,24.05,2.39,0.21
20210605,36.7783,25.75,21.49,2.22,0.04
20210606,36.7783,22.76,25.57,2.55,0.0
20210607,36.7783,18.44,30.5,2.41,0.0
20210608,36.7783,14.93,35.13,2.0,0.0
20210609,36.7783,13.66,39.76,2.72,0.0
20210610,36.7783,13.92,29.43,2.58,0.0
20210611,36.7783,18.56,19.34,2.23,0.0
20210612,36.7783,22.63,29.87,2.4,0.01
20210613,36.7783,23.87,33.28,2.27,0.01
20210614,36.7783,23.31,41.23,2.02,0.0
20210615,36.7783,24.73,27.76,1.91,0.0
20210616,36.7783,28.61,19.29,1.97,0.0
20210617,36.7783,31.46,22.15,2.62,0.21
20210618,36.7783,32.29,21.41,2.81,0.07
20210619,36.7783,31.57,19.02,2.3,0.0
20210620,36.7783,30.17,15.54,2.37,0.0
20210621,36.7783,26.3,20.41,2.66,0.0
20210622,36.7783,24.24,26.26,2.87,0.0
20210623,36.7783,23.57,27.2,2.41,0.0
20210624,36.7783,22.97,30.52,1.96,0.04
20210625,36.7783,24.4,29.93,2.46,0.0
20210626,36.7783,28.24,25.23,2.44,0.0
20210627,36.7783,30.4,22.22,2.7,0.0
20210628,36.7783,30.06,20.13,2.39,0.31
20210629,36.7783,28.81,33.35,2.37,1.21
20210630,36.7783,28.05,34.34,2.12,0.8
20210701,36.7783,27.05,30.25,2.2,0.42
20210702,36.7783,27.3,31.51,2.34,0.27
20210703,36.7783,26.81,32.47,2.1,0.15
20210704,36.7783,26.86,24.22,2.2,0.0
20210705,36.7783,26.27,24.59,2.27,0.0
20210706,36.7783,27.53,22.23,2.45,0.0
20210707,36.7783,28.93,24.01,1.98,0.0
20210708,36.7783,31.01,22.75,2.28,0.0
20210709,36.7783,32.61,22.4,2.13,0.12
20210710,36.7783,33.76,23.25,2.28,0.03
20210711,36.7783,33.75,20.38,2.36,0.28
20210712,36.7783,31.98,18.17,2.37,0.35
20210713,36.7783,30.32,19.1,2.49,0.01
20210714,36.7783,28.11,21.62,2.46,0.0
20210715,36.7783,26.6,21.28,2.1,0.0
20210716,36.7783,26.61,16.94,1.92,0.0
20210717,36.7783,27.97,19.28,2.08,0.0
20210718,36.7783,27.29,27.1,2.59,0.41
20210719,36.7783,27.78,36.25,1.68,0.42
20210720,36.7783,27.87,27.7,2.49,0.01
20210721,36.7783,27.86,19.75,2.39,0.0
20210722,36.7783,28.35,17.52,2.31,0.0
20210723,36.7783,28.25,19.36,2.25,0.0
20210724,36.7783,28.71,22.13,2.07,0.02
20210725,36.7783,27.7,29.61,1.99,0.01
20210726,36.7783,25.36,34.16,1.88,0.37
20210727,36.7783,27.31,25.81,2.2,0.01
20210728,36.7783,28.07,30.3,2.31,0.39
20210729,36.7783,27.06,40.61,2.47,0.71
20210730,36.7783,27.31,41.03,1.99,0.98
20210731,36.7783,26.48,37.76,2.01,0.28
20210801,36.7783,27.59,30.07,2.36,0.1
20210802,36.7783,26.98,24.47,2.51,0.02
20210803,36.7783,28.8,19.18,2.43,0.0
20210804,36.7783,29.5,16.63,2.36,0.0
20210805,36.7783,26.37,15.67,2.31,0.0
20210806,36.7783,25.66,13.27,2.42,0.0
20210807,36.7783,26.58,17.62,2.36,0.0
20210808,36.7783,26.48,20.52,2.03,0.0
20210809,36.7783,26.67,20.63,2.2,0.0
20210810,36.7783,27.36,20.63,2.61,0.0
20210811,36.7783,29.29,20.79,2.39,0.1
20210812,36.7783,28.79,19.76,2.01,0.04
20210813,36.7783,29.01,19.26,2.11,0.03
20210814,36.7783,29.48,24.61,2.0,0.12
20210815,36.7783,30.22,26.54,1.94,0.03
20210816,36.7783,29.84,24.42,2.16,0.05
20210817,36.7783,27.18,26.7,2.14,0.05
20210818,36.7783,20.87,39.67,2.16,0.0
20210819,36.7783,20.11,42.74,2.02,0.0
20210820,36.7783,22.14,31.01,2.16,0.0
20210821,36.7783,21.67,40.3,2.19,0.0
20210822,36.7783,21.46,40.14,1.96,0.0
20210823,36.7783,23.03,32.71,1.89,0.0
20210824,36.7783,23.56,28.34,1.88,0.0
20210825,36.7783,23.41,25.98,2.26,0.0
20210826,36.7783,24.22,18.66,2.41,0.0
20210827,36.7783,25.7,16.69,2.44,0.0
20210828,36.7783,26.44,17.0,2.53,0.0
20210829,36.7783,28.53,15.54,2.32,0.0
20210830,36.7783,29.16,15.81,2.19,0.0
20210831,36.7783,26.82,15.82,2.22,0.0
20210901,36.7783,22.31,24.38,1.85,0.0
20210902,36.7783,20.08,28.66,2.02,0.0
20210903,36.7783,21.96,25.45,2.28,0.0
20210904,36.7783,24.13,19.83,2.53,0.0
20210905,36.7783,25.89,15.15,2.67,0.0
20210906,36.7783,27.78,19.29,2.6,0.0
20210907,36.7783,28.78,20.52,2.63,0.0
20210908,36.7783,29.43,19.18,2.43,0.0
20210909,36.7783,28.7,27.55,2.51,0.7
20210910,36.7783,25.51,41.24,2.16,0.13
20210911,36.7783,24.33,36.7,2.09,0.0
20210912,36.7783,24.36,28.89,2.16,0.0
20210913,36.7783,24.46,19.41,2.18,0.0
20210914,36.7783,24.04,18.03,2.34,0.0
20210915,36.7783,23.44,22.02,2.14,0.0
20210916,36.7783,20.95,27.81,2.03,0.0
20210917,36.7783,20.71,32.63,1.87,0.0
20210918,36.7783,19.16,35.58,2.08,0.0
20210919,36.7783,17.24,38.41,2.3,0.0
20210920,36.7783,20.86,25.91,2.64,0.0
20210921,36.7783,22.98,16.05,2.62,0.0
20210922,36.7783,24.15,22.66,2.2,0.0
20210923,36.7783,22.67,27.08,2.35,0.0
20210924,36.7783,22.58,18.07,2.25,0.0
20210925,36.7783,22.36,20.67,1.86,0.0
20210926,36.7783,20.7,26.56,2.1,0.0
20210927,36.7783,19.33,34.67,1.98,0.0
20210928,36.7783,14.07,47.82,2.37,0.01
20210929,36.7783,15.87,22.08,2.25,0.0
20210930,36.7783,18.53,11.4,2.83,0.0
20211001,36.7783,18.92,12.93,2.38,0.0
20211002,36.7783,19.45,14.23,2.4,0.0
20211003,36.7783,19.25,15.19,2.47,0.0
20211004,36.7783,20.36,23.53,2.45,0.0
20211005,36.7783,19.45,29.77,1.46,0.0
20211006,36.7783,17.36,42.3,1.41,0.0
20211007,36.7783,16.31,42.46,1.74,0.03
20211008,36.7783,10.07,63.96,1.4,7.87
20211009,36.7783,11.66,38.17,2.0,0.0
20211010,36.7783,13.55,29.89,2.16,0.0
20211011,36.7783,9.12,38.39,3.66,0.25
20211012,36.7783,7.89,30.17,2.55,0.02
20211013,36.7783,9.78,32.15,2.16,0.0
20211014,36.7783,12.48,37.7,2.13,0.0
20211015,36.7783,15.65,24.37,2.53,0.0
20211016,36.7783,17.13,20.1,2.59,0.0
20211017,36.7783,14.4,31.21,2.86,0.93
20211018,36.7783,7.04,69.21,2.3,3.08
20211019,36.7783,9.89,41.66,2.25,0.0
20211020,36.7783,14.38,39.17,1.73,0.01
20211021,36.7783,16.48,53.4,1.51,0.0
20211022,36.7783,13.66,72.65,1.59,0.09
20211023,36.7783,11.47,60.05,1.6,0.0
20211024,36.7783,11.98,75.27,3.19,11.25
20211025,36.7783,6.44,91.67,2.84,57.45
20211026,36.7783,7.69,66.77,1.94,0.0
20211027,36.7783,12.79,67.76,1.76,0.01
20211028,36.7783,16.18,55.99,2.04,0.01
20211029,36.7783,17.3,52.09,2.1,0.0
20211030,36.7783,14.57,65.01,1.82,0.0
20211031,36.7783,11.88,79.77,1.61,0.0
20211101,36.7783,11.82,70.35,1.77,0.0
20211102,36.7783,13.7,67.7,1.62,0.0
20211103,36.7783,14.94,61.33,1.97,0.0
20211104,36.7783,14.27,55.8,1.8,0.0
20211105,36.7783,14.4,40.57,1.78,0.0
20211106,36.7783,11.85,47.62,1.75,0.0
20211107,36.7783,9.12,67.64,1.75,0.0
20211108,36.7783,10.46,46.02,1.75,0.5
20211109,36.7783,9.04,82.96,1.73,11.32
20211110,36.7783,11.63,65.47,1.94,0.01
20211111,36.7783,14.16,56.38,1.89,0.01
20211112,36.7783,15.69,48.89,2.18,0.0
20211113,36.7783,15.31,45.78,2.14,0.0
20211114,36.7783,16.4,39.4,2.34,0.0
20211115,36.7783,16.58,32.53,1.84,0.0
20211116,36.7783,12.45,45.65,1.73,0.0
20211117,36.7783,11.65,53.49,2.09,0.0
20211118,36.7783,12.49,48.18,1.92,0.0
20211119,36.7783,11.01,51.81,1.75,0.0
20211120,36.7783,10.11,58.38,2.06,0.0
20211121,36.7783,11.65,34.7,3.31,0.0
20211122,36.7783,11.77,27.58,2.13,0.0
20211123,36.7783,9.39,41.38,2.01,0.0
20211124,36.7783,7.8,39.73,2.65,0.11
20211125,36.7783,10.49,29.19,2.76,0.35
20211126,36.7783,11.43,36.29,1.79,0.0
20211127,36.7783,12.58,38.0,1.99,0.0
20211128,36.7783,14.17,36.47,2.23,0.0
20211129,36.7783,14.23,39.61,1.96,0.0
20211130,36.7783,14.45,43.93,2.45,0.0
20211201,36.7783,15.21,38.24,2.34,0.0
20211202,36.7783,14.78,34.95,1.85,0.0
20211203,36.7783,12.75,42.44,1.73,0.0
20211204,36.7783,10.99,48.42,1.75,0.0
20211205,36.7783,10.94,43.3,2.19,0.0
20211206,36.7783,10.63,52.58,1.81,0.01
20211207,36.7783,8.52,72.83,1.55,0.01
20211208,36.7783,8.54,71.37,1.77,0.13
20211209,36.7783,3.77,92.57,1.42,17.32
20211210,36.7783,2.57,72.67,1.6,0.37
20211211,36.7783,3.52,53.19,2.15,0.0
20211212,36.7783,5.41,51.26,2.14,0.25
20211213,36.7783,4.1,77.21,4.8,27.1
20211214,36.7783,0.02,98.37,3.04,41.0
20211215,36.7783,-2.81,78.78,2.11,1.17
20211216,36.7783,0.8,93.66,2.54,13.25
20211217,36.7783,0.41,67.18,2.14,0.47
20211218,36.7783,3.03,46.46,2.54,0.41
20211219,36.7783,4.12,41.67,2.75,0.05
20211220,36.7783,3.81,47.15,2.74,0.01
20211221,36.7783,6.74,38.09,2.34,0.02
20211222,36.7783,7.27,75.43,2.37,9.17
20211223,36.7783,5.69,98.88,3.07,49.15
20211224,36.7783,2.61,95.45,2.03,16.17
20211225,36.7783,0.9,88.11,3.61,15.14
20211226,36.7783,-0.97,90.47,1.72,4.35
20211227,36.7783,-1.09,96.67,2.02,11.98
20211228,36.7783,-2.67,91.15,1.37,2.07
20211229,36.7783,-0.02,94.49,2.82,5.65
20211230,36.7783,2.24,85.9,1.64,0.21
20211231,36.7783,-0.58,87.7,2.11,0.06
20220101,36.7783,0.6,70.18,2.04,0.0
20220102,36.7783,4.07,49.04,1.93,0.0
20220103,36.7783,3.52,58.48,1.96,0.01
20220104,36.7783,4.42,83.11,1.65,0.01
20220105,36.7783,6.32,81.93,1.64,0.03
20220106,36.7783,9.79,61.01,1.55,0.39
20220107,36.7783,5.65,71.39,1.46,0.29
20220108,36.7783,3.89,68.52,1.8,0.45
20220109,36.7783,5.46,60.09,2.7,0.11
20220110,36.7783,6.68,52.93,2.03,0.0
20220111,36.7783,7.95,55.03,2.14,0.0
20220112,36.7783,12.13,50.13,2.05,0.0
20220113,36.7783,12.35,49.69,1.46,0.0
20220114,36.7783,8.49,54.61,3.5,0.0
20220115,36.7783,9.46,50.28,2.83,0.0
20220116,36.7783,10.37,48.85,1.51,0.0
20220117,36.7783,9.71,60.91,1.33,0.0
20220118,36.7783,7.85,70.87,1.53,0.0
20220119,36.7783,6.86,68.2,1.96,0.01
20220120,36.7783,8.58,61.67,2.3,0.0
20220121,36.7783,6.63,56.92,3.14,0.0
20220122,36.7783,4.74,51.84,3.74,0.0
20220123,36.7783,7.38,52.59,2.26,0.0
20220124,36.7783,8.29,57.33,1.56,0.0
20220125,36.7783,6.27,52.08,2.89,0.0
20220126,36.7783,6.94,49.82,1.97,0.0
20220127,36.7783,6.86,50.04,2.97,0.0
20220128,36.7783,7.11,47.42,3.14,0.0
20220129,36.7783,5.89,52.26,2.03,0.0
20220130,36.7783,7.15,49.2,1.73,0.0
20220131,36.7783,7.84,61.45,1.43,0.0
20220201,36.7783,4.72,65.13,1.58,0.0
20220202,36.7783,2.15,48.87,3.34,0.0
20220203,36.7783,5.43,55.24,2.24,0.0
20220204,36.7783,6.5,53.91,2.09,0.0
20220205,36.7783,6.42,53.47,2.41,0.0
20220206,36.7783,9.55,44.48,2.78,0.0
20220207,36.7783,10.92,44.35,2.1,0.0
20220208,36.7783,10.55,48.28,3.1,0.0
20220209,36.7783,11.65,45.42,3.48,0.0
20220210,36.7783,12.92,51.87,3.24,0.0
20220211,36.7783,13.34,43.98,2.39,0.0
20220212,36.7783,14.45,37.73,2.29,0.0
20220213,36.7783,14.27,39.84,2.0,0.0
20220214,36.7783,12.14,50.16,1.33,0.02
20220215,36.7783,4.53,70.69,2.33,0.34
20220216,36.7783,5.82,55.35,2.46,0.0
20220217,36.7783,7.32,47.0,2.4,0.0
20220218,36.7783,8.61,50.17,2.04,0.0
20220219,36.7783,10.58,48.67,2.2,0.0
20220220,36.7783,9.92,50.31,1.56,0.0
20220221,36.7783,3.38,75.65,1.63,0.03
20220222,36.7783,0.75,84.47,2.19,3.73
20220223,36.7783,-0.5,68.71,2.2,1.07
20220224,36.7783,1.35,48.54,1.92,0.0
20220225,36.7783,3.21,57.14,1.91,0.0
20220226,36.7783,6.1,45.06,2.02,0.0
20220227,36.7783,9.19,45.78,1.73,0.0
20220228,36.7783,11.83,42.0,2.0,0.0
20220301,36.7783,13.43,36.05,1.77,0.0
20220302,36.7783,15.12,32.79,1.75,0.0
20220303,36.7783,11.74,52.22,1.8,0.01
20220304,36.7783,6.33,90.35,2.33,8.42
20220305,36.7783,0.52,86.81,1.98,5.98
20220306,36.7783,3.08,68.33,1.86,0.45
20220307,36.7783,4.78,50.46,2.38,0.0
20220308,36.7783,7.39,49.61,2.46,0.0
20220309,36.7783,8.55,59.12,2.2,0.0
20220310,36.7783,6.4,49.19,2.59,0.0
20220311,36.7783,8.87,38.46,2.64,0.0
20220312,36.7783,11.69,37.2,1.76,0.0
20220313,36.7783,8.6,50.97,2.25,0.0
20220314,36.7783,11.64,43.96,1.79,0.0
20220315,36.7783,11.07,66.16,1.55,0.33
20220316,36.7783,10.4,67.61,2.62,0.0
20220317,36.7783,10.9,47.0,2.15,0.0
20220318,36.7783,12.55,46.24,2.01,0.0
20220319,36.7783,9.19,69.84,2.05,2.53
20220320,36.7783,8.19,62.28,2.43,0.12
20220321,36.7783,12.25,50.18,2.45,0.0
20220322,36.7783,16.28,49.28,2.7,0.0
20220323,36.7783,17.02,47.97,2.29,0.0
20220324,36.7783,18.02,47.61,2.12,0.0
20220325,36.7783,18.86,46.5,1.86,0.0
20220326,36.7783,17.09,48.39,1.77,0.0
20220327,36.7783,13.44,55.17,2.73,0.01
20220328,36.7783,6.84,85.35,2.48,12.47
20220329,36.7783,9.27,79.76,1.97,0.83
20220330,36.7783,10.42,66.77,1.84,0.0
20220331,36.7783,10.6,68.6,1.98,0.0
20220401,36.7783,13.24,51.37,2.37,0.0
20220402,36.7783,14.04,53.21,2.18,0.0
20220403,36.7783,14.62,49.01,2.09,0.0
20220404,36.7783,13.36,51.0,2.3,0.43
20220405,36.7783,13.56,58.08,2.45,0.0
20220406,36.7783,17.66,41.64,2.22,0.0
20220407,36.7783,20.34,35.19,2.47,0.0
20220408,36.7783,21.56,33.57,2.13,0.0
20220409,36.7783,16.42,39.23,2.27,0.0
20220410,36.7783,11.74,42.88,2.1,0.0
20220411,36.7783,5.57,68.46,2.27,4.08
20220412,36.7783,3.51,50.81,3.17,0.0
20220413,36.7783,6.29,49.2,2.22,0.0
20220414,36.7783,8.34,64.3,2.28,0.05
20220415,36.7783,11.58,58.26,2.03,0.02
20220416,36.7783,9.11,77.82,2.46,3.46
20220417,36.7783,13.61,35.84,1.73,0.0
20220418,36.7783,13.43,40.05,1.81,0.0
20220419,36.7783,10.78,65.81,1.98,0.01
20220420,36.7783,11.24,49.12,1.81,0.0
20220421,36.7783,8.2,78.78,2.41,12.9
20220422,36.7783,6.66,75.27,2.31,1.16
20220423,36.7783,10.29,51.98,2.25,0.0
20220424,36.7783,13.23,40.36,2.64,0.0
20220425,36.7783,16.36,35.41,1.99,0.0
20220426,36.7783,14.96,43.81,1.27,0.0
20220427,36.7783,14.4,43.09,1.82,0.0
20220428,36.7783,10.93,46.88,2.5,0.0
20220429,36.7783,13.39,41.59,2.07,0.0
20220430,36.7783,15.42,46.24,2.5,0.0
20220501,36.7783,14.0,53.71,2.39,0.0
20220502,36.7783,13.83,49.09,2.27,0.0
20220503,36.7783,14.0,41.79,2.35,0.0
20220504,36.7783,18.02,29.83,2.89,0.0
20220505,36.7783,18.37,35.58,2.1,0.0
20220506,36.7783,17.51,48.9,2.31,0.0
20220507,36.7783,13.63,49.62,2.52,0.0
20220508,36.7783,7.64,57.39,2.96,0.04
20220509,36.7783,5.79,52.08,2.22,0.0
20220510,36.7783,5.29,55.42,2.35,0.05
20220511,36.7783,6.9,50.95,3.12,0.1
20220512,36.7783,11.54,40.37,2.03,0.0
20220513,36.7783,16.82,37.15,2.09,0.0
20220514,36.7783,20.81,36.96,2.46,0.0
20220515,36.7783,21.34,37.42,2.68,0.0
20220516,36.7783,19.4,39.57,2.6,0.0
20220517,36.7783,18.94,37.14,2.61,0.0
20220518,36.7783,22.2,26.75,2.58,0.0
20220519,36.7783,22.44,32.5,3.11,0.0
20220520,36.7783,16.25,25.42,2.36,0.0
20220521,36.7783,16.99,24.74,2.2,0.0
20220522,36.7783,19.0,27.7,2.63,0.0
20220523,36.7783,20.81,31.57,2.68,0.0
20220524,36.7783,22.53,26.17,2.56,0.0
20220525,36.7783,25.92,21.48,2.31,0.0
20220526,36.7783,24.71,27.61,2.41,0.0
20220527,36.7783,20.36,40.49,1.94,0.0
20220528,36.7783,16.78,52.58,2.58,0.0
20220529,36.7783,14.1,45.9,3.49,0.0
20220530,36.7783,15.24,32.92,2.88,0.0
20220531,36.7783,17.51,29.43,2.43,0.0
20220601,36.7783,21.52,22.23,2.66,0.0
20220602,36.7783,21.3,29.51,2.53,0.0
20220603,36.7783,21.13,39.61,2.52,0.0
20220604,36.7783,19.25,38.75,1.94,0.0
20220605,36.7783,20.74,46.26,2.61,0.0
20220606,36.7783,20.81,33.65,2.72,0.0
20220607,36.7783,23.48,19.92,2.54,0.0
20220608,36.7783,24.82,29.05,2.41,0.0
20220609,36.7783,25.41,40.4,2.35,0.0
20220610,36.7783,27.39,30.2,2.42,0.0
20220611,36.7783,27.33,21.34,2.63,0.0
20220612,36.7783,23.78,42.11,2.58,0.01
20220613,36.7783,18.31,33.14,2.94,0.0
20220614,36.7783,20.48,16.93,2.58,0.0
20220615,36.7783,24.41,15.93,2.49,0.0
20220616,36.7783,24.47,19.56,2.26,0.0
20220617,36.7783,14.69,41.13,1.61,0.0
20220618,36.7783,14.23,40.29,2.77,0.0
20220619,36.7783,16.47,32.33,2.68,0.0
20220620,36.7783,21.26,20.55,2.75,0.0
20220621,36.7783,25.67,14.17,2.42,0.0
20220622,36.7783,24.34,26.14,3.17,1.22
20220623,36.7783,25.23,34.76,2.26,0.12
20220624,36.7783,27.28,24.47,2.57,0.03
20220625,36.7783,28.45,17.93,2.63,0.08
20220626,36.7783,28.58,17.77,2.87,0.0
20220627,36.7783,29.7,14.93,2.64,0.0
20220628,36.7783,29.9,15.7,2.6,0.0
20220629,36.7783,28.33,17.88,1.97,0.0
20220630,36.7783,24.93,18.61,2.29,0.0
20220701,36.7783,25.44,13.7,2.15,0.0
20220702,36.7783,22.98,23.46,2.51,0.0
20220703,36.7783,20.18,34.35,2.25,0.0
20220704,36.7783,20.98,40.26,2.26,0.0
20220705,36.7783,22.43,51.56,2.09,0.0
20220706,36.7783,22.01,53.95,1.76,0.0
20220707,36.7783,23.54,44.69,1.96,0.0
20220708,36.7783,25.39,29.71,2.18,0.0
20220709,36.7783,25.03,27.55,2.31,0.0
20220710,36.7783,25.88,25.37,2.4,0.0
20220711,36.7783,28.73,17.88,2.48,0.0
20220712,36.7783,28.61,19.26,2.05,0.0
20220713,36.7783,26.53,23.13,2.09,0.0
20220714,36.7783,28.56,16.26,2.27,0.02
20220715,36.7783,29.22,22.51,2.4,0.13
20220716,36.7783,30.64,20.22,2.49,0.29
20220717,36.7783,31.14,18.3,2.67,0.03
20220718,36.7783,29.45,21.26,2.76,0.1
20220719,36.7783,29.53,23.85,2.26,0.07
20220720,36.7783,29.5,18.13,2.61,0.02
20220721,36.7783,29.2,13.26,2.65,0.0
20220722,36.7783,29.1,10.62,3.17,0.0
20220723,36.7783,28.06,12.45,2.14,0.0
20220724,36.7783,27.49,12.36,2.38,0.0
20220725,36.7783,27.35,14.93,2.09,0.01
20220726,36.7783,27.6,20.18,1.99,0.06
20220727,36.7783,28.56,26.09,2.02,0.0
20220728,36.7783,28.92,28.97,2.16,0.08
20220729,36.7783,29.66,20.94,1.99,0.07
20220730,36.7783,29.54,26.25,2.13,0.07
20220731,36.7783,26.57,35.9,1.71,1.0
20220801,36.7783,25.39,42.43,1.76,0.57
20220802,36.7783,27.16,35.03,2.24,0.13
20220803,36.7783,28.47,38.37,2.12,1.01
20220804,36.7783,26.04,52.5,1.77,7.57
20220805,36.7783,22.44,75.12,1.32,5.13
20220806,36.7783,24.0,54.17,2.1,0.0
20220807,36.7783,25.96,39.08,2.29,0.0
20220808,36.7783,25.75,40.78,1.97,0.11
20220809,36.7783,25.26,43.18,1.62,0.01
20220810,36.7783,24.82,39.5,2.08,0.0
20220811,36.7783,25.18,35.0,2.23,0.0
20220812,36.7783,26.12,26.17,2.06,0.0
20220813,36.7783,26.38,19.21,2.41,0.0
20220814,36.7783,26.66,17.34,2.45,0.0
20220815,36.7783,27.9,16.73,2.53,0.0
20220816,36.7783,29.97,21.46,2.15,0.09
20220817,36.7783,28.94,30.76,2.01,0.36
20220818,36.7783,28.27,26.97,2.56,0.0
20220819,36.7783,28.74,25.03,2.43,0.0
20220820,36.7783,29.03,17.99,2.2,0.0
20220821,36.7783,27.83,21.78,2.29,0.0
20220822,36.7783,27.23,22.52,2.17,0.0
20220823,36.7783,28.59,20.4,2.06,0.0
20220824,36.7783,29.51,18.51,2.21,0.0
20220825,36.7783,27.83,19.56,2.33,0.0
20220826,36.7783,27.67,19.79,2.27,0.0
20220827,36.7783,26.74,24.09,2.19,0.0
20220828,36.7783,25.13,26.84,2.18,0.0
20220829,36.7783,26.41,31.35,2.14,0.0
20220830,36.7783,28.11,29.84,2.26,0.0
20220831,36.7783,28.57,24.03,2.29,0.0
20220901,36.7783,29.87,20.87,2.76,0.0
20220902,36.7783,31.0,17.49,3.0,0.0
20220903,36.7783,31.1,17.11,2.42,0.0
20220904,36.7783,31.16,22.52,2.55,0.0
20220905,36.7783,32.07,22.51,2.52,0.12
20220906,36.7783,32.89,16.85,2.45,0.0
20220907,36.7783,32.08,17.68,2.62,0.22
20220908,36.7783,30.91,25.44,2.19,0.08
20220909,36.7783,30.12,27.88,2.81,0.02
20220910,36.7783,25.79,44.72,1.53,3.99
20220911,36.7783,24.24,48.48,2.14,1.38
20220912,36.7783,24.01,44.9,2.16,1.11
20220913,36.7783,21.66,41.24,1.78,0.43
20220914,36.7783,18.01,46.95,1.82,0.02
20220915,36.7783,17.41,46.31,1.98,0.07
20220916,36.7783,18.67,47.95,2.02,0.02
20220917,36.7783,18.04,39.28,1.86,0.03
20220918,36.7783,15.72,48.65,2.85,0.15
20220919,36.7783,15.95,68.45,2.41,1.39
20220920,36.7783,16.28,69.52,1.93,0.76
20220921,36.7783,15.51,62.94,1.94,0.44
20220922,36.7783,17.64,41.44,2.17,0.0
20220923,36.7783,20.81,26.65,2.5,0.0
20220924,36.7783,22.71,29.44,2.58,0.0
20220925,36.7783,24.61,36.16,2.29,0.03
20220926,36.7783,25.32,36.16,2.17,0.04
20220927,36.7783,25.37,29.08,2.12,0.0
20220928,36.7783,24.68,24.09,2.23,0.0
20220929,36.7783,21.95,32.71,2.2,0.0
20220930,36.7783,21.91,30.61,2.29,0.0
20221001,36.7783,21.07,31.32,2.25,0.0
20221002,36.7783,20.19,34.44,1.92,0.0
20221003,36.7783,20.47,31.63,2.36,0.0
20221004,36.7783,21.2,28.31,2.47,0.0
20221005,36.7783,22.17,24.25,2.38,0.0
20221006,36.7783,22.49,23.81,2.58,0.0
20221007,36.7783,22.81,20.53,2.55,0.0
20221008,36.7783,22.2,21.53,2.56,0.0
20221009,36.7783,22.13,24.75,2.28,0.0
20221010,36.7783,21.96,27.29,2.07,0.04
20221011,36.7783,21.18,28.52,2.39,0.04
20221012,36.7783,20.93,26.64,2.2,0.0
20221013,36.7783,20.92,22.46,1.96,0.0
20221014,36.7783,21.28,20.32,2.28,0.0
20221015,36.7783,19.89,27.2,2.16,0.0
20221016,36.7783,17.53,44.41,1.87,0.0
20221017,36.7783,17.86,41.17,2.11,0.0
20221018,36.7783,20.01,33.15,2.24,0.0
20221019,36.7783,20.65,25.58,2.46,0.0
20221020,36.7783,20.47,22.42,2.5,0.0
20221021,36.7783,19.82,23.54,2.12,0.0
20221022,36.7783,11.42,58.67,2.22,0.04
20221023,36.7783,9.5,34.22,2.57,0.0
20221024,36.7783,11.63,19.1,2.1,0.0
20221025,36.7783,13.31,25.98,1.51,0.0
20221026,36.7783,11.14,39.1,2.02,0.0
20221027,36.7783,11.82,30.96,2.53,0.0
20221028,36.7783,13.14,23.53,2.0,0.0
20221029,36.7783,13.36,29.15,2.22,0.0
20221030,36.7783,14.1,26.39,2.24,0.0
20221031,36.7783,14.27,22.58,2.07,0.0
20221101,36.7783,10.0,50.66,2.81,7.56
20221102,36.7783,4.8,74.32,1.46,0.95
20221103,36.7783,4.05,66.74,2.02,0.23
20221104,36.7783,7.54,47.48,1.75,0.0
20221105,36.7783,10.34,60.03,1.7,0.02
20221106,36.7783,9.98,87.35,1.44,4.16
20221107,36.7783,6.16,93.8,2.49,21.36
20221108,36.7783,3.7,88.35,4.26,29.25
20221109,36.7783,1.89,87.7,1.69,5.8
20221110,36.7783,3.3,57.97,1.91,0.05
20221111,36.7783,6.41,47.05,1.87,0.01
20221112,36.7783,5.15,58.28,1.82,0.01
20221113,36.7783,4.38,57.63,2.14,0.01
20221114,36.7783,6.53,45.24,2.33,0.0
20221115,36.7783,7.22,42.5,2.92,0.0
20221116,36.7783,8.44,36.67,3.37,0.0
20221117,36.7783,9.53,38.1,1.94,0.0
20221118,36.7783,8.1,39.98,2.27,0.0
20221119,36.7783,7.15,32.09,3.18,0.0
20221120,36.7783,8.54,31.28,2.03,0.0
20221121,36.7783,8.72,35.51,1.93,0.0
20221122,36.7783,8.71,39.71,1.91,0.0
20221123,36.7783,10.1,40.67,2.0,0.0
20221124,36.7783,12.47,28.24,3.24,0.0
20221125,36.7783,12.08,30.85,1.89,0.0
20221126,36.7783,10.26,38.63,1.79,0.0
20221127,36.7783,9.02,42.99,1.84,0.0
20221128,36.7783,5.99,58.02,1.76,0.0
20221129,36.7783,4.58,68.32,1.61,0.0
20221130,36.7783,5.72,50.36,2.15,0.0
20221201,36.7783,4.08,89.98,2.67,23.2
20221202,36.7783,1.17,74.29,2.35,0.35
20221203,36.7783,7.29,92.11,2.97,19.53
20221204,36.7783,6.14,94.25,2.21,20.17
20221205,36.7783,4.85,74.81,1.57,2.15
20221206,36.7783,3.86,65.47,1.77,0.21
20221207,36.7783,3.83,69.75,1.55,0.1
20221208,36.7783,3.7,58.76,1.96,0.01
20221209,36.7783,4.89,54.15,1.75,0.02
20221210,36.7783,4.91,81.38,4.84,35.09
20221211,36.7783,0.72,96.96,3.12,19.01
20221212,36.7783,-0.85,93.68,1.86,0.73
20221213,36.7783,-1.62,76.75,1.7,0.06
20221214,36.7783,2.27,63.34,1.55,0.0
20221215,36.7783,4.4,66.1,1.9,0.0
20221216,36.7783,5.48,56.23,2.13,0.0
20221217,36.7783,4.45,59.06,1.8,0.0
20221218,36.7783,3.24,59.94,1.84,0.0
20221219,36.7783,4.57,50.53,2.12,0.0
20221220,36.7783,5.95,57.57,1.8,0.0
20221221,36.7783,6.29,70.03,1.62,0.0
20221222,36.7783,6.57,64.77,1.86,0.0
20221223,36.7783,8.78,63.2,1.45,0.0
20221224,36.7783,9.57,55.48,1.88,0.0
20221225,36.7783,11.23,56.7,2.17,0.0
20221226,36.7783,11.01,58.79,2.45,0.03
20221227,36.7783,5.69,86.56,2.21,47.62
20221228,36.7783,3.45,76.86,1.52,1.38
20221229,36.7783,3.18,85.09,1.82,4.25
20221230,36.7783,6.82,97.9,1.61,15.96
20221231,36.7783,5.79,99.9,3.71,68.53
20230101,36.7783,1.43,92.13,2.25,9.78
20230102,36.7783,0.57,81.57,2.46,5.25
20230103,36.7783,3.37,82.15,2.1,1.06
20230104,36.7783,6.79,80.59,4.26,3.81
20230105,36.7783,4.2,98.81,3.61,38.79
20230106,36.7783,3.63,70.82,1.8,0.02
20230107,36.7783,5.95,71.62,2.69,0.1
20230108,36.7783,6.1,90.97,3.21,8.99
20230109,36.7783,5.08,98.57,4.49,89.31
20230110,36.7783,3.54,97.8,3.55,29.67
20230111,36.7783,2.91,87.65,2.15,3.55
20230112,36.7783,8.55,74.61,2.34,0.01
20230113,36.7783,6.53,79.63,2.53,0.49
20230114,36.7783,4.85,97.47,2.98,33.2
20230115,36.7783,2.18,95.83,2.13,8.74
20230116,36.7783,2.2,98.66,2.96,22.06
20230117,36.7783,-1.0,95.8,1.87,0.55
20230118,36.7783,0.39,73.4,2.02,0.04
20230119,36.7783,0.03,87.99,2.1,2.0
20230120,36.7783,-0.03,73.89,2.85,0.0
20230121,36.7783,4.09,56.93,1.44,0.0
20230122,36.7783,2.79,69.47,2.22,0.0
20230123,36.7783,1.05,68.58,3.06,0.0
20230124,36.7783,4.25,68.94,2.76,0.0
20230125,36.7783,4.84,69.55,3.26,0.0
20230126,36.7783,6.24,61.91,2.92,0.0
20230127,36.7783,7.28,59.33,1.47,0.0
20230128,36.7783,4.81,78.22,1.64,0.0
20230129,36.7783,2.13,90.6,1.9,0.81
20230130,36.7783,1.51,72.49,2.36,0.05
20230131,36.7783,1.97,62.66,3.02,0.0
20230201,36.7783,5.26,60.92,2.19,0.0
20230202,36.7783,8.08,60.96,2.29,0.02
20230203,36.7783,8.32,55.78,1.82,0.0
20230204,36.7783,7.92,67.33,2.53,7.57
20230205,36.7783,3.85,92.17,2.16,13.48
20230206,36.7783,2.29,77.6,2.11,0.07
20230207,36.7783,5.69,70.25,2.44,0.0
20230208,36.7783,7.07,64.44,1.7,0.0
20230209,36.7783,9.16,67.21,2.65,0.0
20230210,36.7783,9.14,67.05,1.91,0.01
20230211,36.7783,4.43,86.45,1.34,0.59
20230212,36.7783,4.84,69.5,3.18,0.0
20230213,36.7783,6.18,69.13,2.38,0.02
20230214,36.7783,1.61,80.38,3.14,0.57
20230215,36.7783,0.03,61.17,2.32,0.01
20230216,36.7783,3.34,53.92,2.14,0.0
20230217,36.7783,4.22,59.81,1.75,0.0
20230218,36.7783,5.31,54.5,1.84,0.0
20230219,36.7783,6.46,64.07,1.99,0.0
20230220,36.7783,8.33,62.83,1.69,0.0
20230221,36.7783,6.07,75.79,3.58,0.51
20230222,36.7783,-0.68,85.98,3.25,2.23
20230223,36.7783,-0.69,88.3,2.63,4.38
20230224,36.7783,1.43,96.96,5.57,52.4
20230225,36.7783,0.99,96.84,1.9,18.35
20230226,36.7783,1.69,94.73,1.76,4.93
20230227,36.7783,1.8,97.66,3.76,12.97
20230228,36.7783,0.35,97.51,3.03,21.54
20230301,36.7783,-1.3,96.44,3.32,6.9
20230302,36.7783,0.53,71.94,1.49,0.35
20230303,36.7783,2.04,72.68,1.36,0.02
20230304,36.7783,2.29,79.33,2.48,5.92
20230305,36.7783,1.9,97.32,2.84,12.01
20230306,36.7783,0.67,83.98,1.26,0.73
20230307,36.7783,-0.02,82.05,1.58,0.05
20230308,36.7783,0.53,78.74,1.77,0.06
20230309,36.7783,3.37,73.8,3.04,29.48
20230310,36.7783,3.59,99.98,3.06,70.78
20230311,36.7783,5.57,100.0,1.98,19.37
20230312,36.7783,7.11,94.5,1.65,6.7
20230313,36.7783,9.08,85.62,1.57,0.85
20230314,36.7783,7.13,98.04,3.87,44.62
20230315,36.7783,6.59,90.65,1.37,4.39
20230316,36.7783,6.54,73.46,1.93,0.06
20230317,36.7783,7.61,70.97,1.96,0.0
20230318,36.7783,8.84,62.47,2.27,0.0
20230319,36.7783,6.39,88.17,2.59,15.66
20230320,36.7783,6.88,90.06,1.56,2.88
20230321,36.7783,4.29,94.65,4.34,17.19
20230322,36.7783,2.71,94.76,2.67,6.08
20230323,36.7783,3.73,91.44,2.2,4.12
20230324,36.7783,3.2,82.83,2.38,0.27
20230325,36.7783,3.06,76.0,2.12,0.37
20230326,36.7783,2.14,69.29,2.3,0.02
20230327,36.7783,4.82,62.74,2.67,0.09
20230328,36.7783,5.75,75.64,3.42,20.99
20230329,36.7783,2.64,92.07,2.33,10.34
20230330,36.7783,2.8,89.59,1.63,2.47
20230331,36.7783,5.63,66.31,1.52,0.0
20230401,36.7783,7.3,57.5,1.64,0.0
20230402,36.7783,7.31,79.09,1.77,0.41
20230403,36.7783,1.44,82.27,3.96,0.75
20230404,36.7783,1.85,75.58,2.39,0.0
20230405,36.7783,5.2,71.15,1.79,0.0
20230406,36.7783,8.78,66.52,2.05,0.0
20230407,36.7783,8.82,77.4,1.96,0.02
20230408,36.7783,10.59,74.52,1.71,0.0
20230409,36.7783,13.8,71.36,1.85,0.0
20230410,36.7783,16.22,59.81,2.11,0.0
20230411,36.7783,14.42,73.53,1.56,0.0
20230412,36.7783,10.37,71.83,1.72,0.0
20230413,36.7783,7.23,68.04,2.04,0.0
20230414,36.7783,9.35,67.32,1.65,0.0
20230415,36.7783,11.6,65.3,1.94,0.0
20230416,36.7783,12.6,63.09,1.77,0.0
20230417,36.7783,10.25,63.82,1.47,0.0
20230418,36.7783,5.28,71.99,1.82,0.04
20230419,36.7783,5.72,65.79,2.47,0.0
20230420,36.7783,10.18,63.42,1.89,0.0
20230421,36.7783,13.72,63.02,1.89,0.01
20230422,36.7783,15.44,68.75,1.76,0.0
20230423,36.7783,15.57,69.05,1.81,0.0
20230424,36.7783,14.58,62.11,2.08,0.0
20230425,36.7783,14.21,57.38,1.77,0.0
20230426,36.7783,15.99,55.4,2.01,0.0
20230427,36.7783,18.45,51.23,2.05,0.0
20230428,36.7783,19.35,54.36,2.18,0.0
20230429,36.7783,20.54,56.81,1.85,0.0
20230430,36.7783,16.61,66.5,1.71,0.0
20230501,36.7783,9.31,79.98,1.77,0.84
20230502,36.7783,6.45,83.19,2.43,2.25
20230503,36.7783,7.43,82.51,2.23,0.96
20230504,36.7783,6.65,86.94,1.43,2.63
20230505,36.7783,8.51,82.21,1.18,1.7
20230506,36.7783,8.47,81.24,1.58,0.83
20230507,36.7783,11.25,66.3,1.68,0.01
20230508,36.7783,11.91,62.96,1.75,0.0
20230509,36.7783,11.15,68.77,1.89,0.0
20230510,36.7783,11.75,72.52,1.9,0.0
20230511,36.7783,14.22,68.71,1.75,0.0
20230512,36.7783,17.33,59.19,1.85,0.0
20230513,36.7783,19.75,51.44,2.19,0.0
20230514,36.7783,20.3,54.7,2.59,0.0
20230515,36.7783,20.72,51.3,2.36,0.0
20230516,36.7783,22.13,49.79,2.16,0.05
20230517,36.7783,21.53,52.1,2.33,0.07
20230518,36.7783,21.46,45.87,2.24,0.0
20230519,36.7783,21.25,52.84,2.21,0.0
20230520,36.7783,20.63,62.01,1.79,0.27
20230521,36.7783,19.4,69.04,1.32,1.92
20230522,36.7783,21.68,53.01,1.92,0.04
20230523,36.7783,18.26,60.28,2.41,0.0
20230524,36.7783,15.54,65.01,1.76,0.11
20230525,36.7783,15.42,68.4,2.13,0.03
20230526,36.7783,16.03,69.11,1.8,0.15
20230527,36.7783,17.46,64.98,2.18,0.0
20230528,36.7783,17.56,59.49,1.93,0.01
20230529,36.7783,16.49,70.34,2.12,0.05
20230530,36.7783,15.63,71.4,2.0,0.05
20230531,36.7783,16.38,64.8,1.91,0.01
20230601,36.7783,17.26,56.99,1.96,0.02
20230602,36.7783,18.08,50.86,2.35,0.0
20230603,36.7783,20.91,44.97,2.28,0.0
20230604,36.7783,22.74,46.5,2.11,0.21
20230605,36.7783,20.72,54.46,2.5,0.77
20230606,36.7783,16.88,69.55,2.15,0.2
20230607,36.7783,15.46,71.85,1.48,0.35
20230608,36.7783,16.96,67.15,1.91,0.24
20230609,36.7783,18.21,61.93,2.12,0.64
20230610,36.7783,16.39,69.19,1.11,3.72
20230611,36.7783,14.88,78.83,1.37,3.79
20230612,36.7783,16.09,74.54,1.59,1.06
20230613,36.7783,18.69,65.42,1.84,0.15
20230614,36.7783,20.47,59.65,1.61,0.26
20230615,36.7783,20.42,60.97,2.17,0.01
20230616,36.7783,21.3,51.88,2.17,0.03
20230617,36.7783,22.86,42.83,2.31,0.0
20230618,36.7783,20.51,43.72,2.13,0.0
20230619,36.7783,14.86,42.35,2.0,0.0
20230620,36.7783,14.99,35.6,2.53,0.0
20230621,36.7783,17.26,35.98,2.22,0.0
20230622,36.7783,16.83,42.54,2.44,0.0
20230623,36.7783,16.66,59.25,1.9,0.0
20230624,36.7783,18.02,51.09,1.69,0.0
20230625,36.7783,18.4,43.99,2.38,0.0
20230626,36.7783,18.75,42.62,2.26,0.0
20230627,36.7783,19.25,43.28,1.77,0.0
20230628,36.7783,21.54,45.14,2.41,0.13
20230629,36.7783,24.82,37.09,2.33,0.0
20230630,36.7783,26.77,31.14,2.65,0.0
20230701,36.7783,28.95,27.65,2.7,0.0
20230702,36.7783,30.41,25.67,2.45,0.0
20230703,36.7783,27.5,25.76,2.26,0.0
20230704,36.7783,25.23,27.04,2.25,0.0
20230705,36.7783,25.62,27.57,2.07,0.0
20230706,36.7783,23.92,26.67,2.12,0.0
20230707,36.7783,22.6,35.54,2.4,0.0
20230708,36.7783,22.44,38.61,2.39,0.0
20230709,36.7783,20.91,37.78,2.29,0.0
20230710,36.7783,23.06,31.81,2.17,0.0
20230711,36.7783,25.49,23.38,2.17,0.0
20230712,36.7783,25.9,21.2,2.21,0.0
20230713,36.7783,26.15,20.76,2.56,0.0
20230714,36.7783,28.14,25.12,2.42,0.0
20230715,36.7783,30.68,23.37,2.65,0.0
20230716,36.7783,31.82,20.09,2.12,0.0
20230717,36.7783,31.4,22.83,2.38,0.0
20230718,36.7783,29.44,24.8,2.4,0.45
20230719,36.7783,29.52,29.77,1.98,0.28
20230720,36.7783,29.01,27.52,2.48,0.0
20230721,36.7783,30.35,23.7,2.43,0.0
20230722,36.7783,31.4,20.24,2.38,0.0
20230723,36.7783,31.26,16.52,2.07,0.04
20230724,36.7783,27.81,22.41,1.9,0.01
20230725,36.7783,29.16,18.11,2.03,0.0
20230726,36.7783,29.24,15.34,2.22,0.0
20230727,36.7783,28.37,16.2,2.46,0.0
20230728,36.7783,28.66,13.88,2.25,0.0
20230729,36.7783,28.26,15.27,2.27,0.0
20230730,36.7783,28.8,15.87,2.65,0.0
20230731,36.7783,28.85,14.1,2.07,0.0
20230801,36.7783,26.68,18.43,2.14,0.0
20230802,36.7783,23.89,22.48,2.03,0.0
20230803,36.7783,21.73,28.7,2.27,0.0
20230804,36.7783,23.32,31.26,2.23,0.0
20230805,36.7783,25.1,20.89,2.51,0.0
20230806,36.7783,26.46,22.45,2.63,0.0
20230807,36.7783,27.47,20.81,2.35,0.0
20230808,36.7783,25.17,21.43,2.45,0.0
20230809,36.7783,24.39,19.27,1.94,0.0
20230810,36.7783,23.33,27.34,2.06,0.21
20230811,36.7783,23.02,46.14,2.03,1.93
20230812,36.7783,25.46,38.94,2.02,0.62
20230813,36.7783,27.17,34.57,1.99,0.71
20230814,36.7783,28.42,29.93,2.42,0.56
20230815,36.7783,28.39,29.6,2.29,0.23
20230816,36.7783,28.19,37.45,2.0,0.63
20230817,36.7783,28.84,33.22,2.11,0.29
20230818,36.7783,26.74,24.82,2.34,0.01
20230819,36.7783,23.78,41.55,2.71,2.4
20230820,36.7783,20.63,58.93,2.19,14.33
20230821,36.7783,19.56,71.6,2.38,6.6
20230822,36.7783,21.25,60.97,2.22,0.27
20230823,36.7783,23.9,50.74,2.38,0.0
20230824,36.7783,25.11,46.48,2.3,0.14
20230825,36.7783,23.22,50.52,2.23,0.05
20230826,36.7783,23.6,39.63,2.2,0.0
20230827,36.7783,23.6,37.34,2.4,0.0
20230828,36.7783,25.27,32.48,2.38,0.0
20230829,36.7783,25.21,27.54,2.07,0.0
20230830,36.7783,24.62,23.43,2.41,0.0
20230831,36.7783,23.37,24.5,2.88,0.0
20230901,36.7783,20.0,40.37,2.74,0.15
20230902,36.7783,18.72,72.95,1.79,1.77
20230903,36.7783,16.94,69.85,1.85,0.66
20230904,36.7783,18.35,55.75,2.05,0.01
20230905,36.7783,21.02,45.02,2.15,0.02
20230906,36.7783,22.13,39.21,1.96,0.0
20230907,36.7783,22.5,31.59,2.11,0.0
20230908,36.7783,24.3,25.83,2.35,0.0
20230909,36.7783,25.24,40.16,2.18,0.85
20230910,36.7783,24.75,42.84,2.26,1.02
20230911,36.7783,23.37,43.37,2.12,0.04
20230912,36.7783,22.53,36.5,2.24,0.0
20230913,36.7783,22.19,32.72,2.13,0.01
20230914,36.7783,23.16,37.81,2.16,0.03
20230915,36.7783,24.17,33.16,2.27,0.01
20230916,36.7783,23.79,31.91,2.33,0.04
20230917,36.7783,21.83,48.6,1.92,0.0
20230918,36.7783,19.41,62.7,1.72,0.0
20230919,36.7783,19.93,53.48,1.82,0.01
20230920,36.7783,20.01,53.19,1.73,0.01
20230921,36.7783,16.11,70.22,1.76,0.02
20230922,36.7783,16.68,51.33,1.86,0.0
20230923,36.7783,18.18,35.11,2.01,0.0
20230924,36.7783,19.03,25.04,2.25,0.0
20230925,36.7783,18.94,28.44,1.94,0.0
20230926,36.7783,18.77,31.6,2.11,0.0
20230927,36.7783,19.35,35.62,1.97,0.0
20230928,36.7783,18.67,35.73,1.94,0.0
20230929,36.7783,18.04,43.4,1.9,0.1
20230930,36.7783,12.33,77.6,1.78,3.33
20231001,36.7783,11.38,78.81,1.29,2.69
20231002,36.7783,14.22,56.5,2.03,0.11
20231003,36.7783,16.81,43.69,2.16,0.0
20231004,36.7783,19.92,40.0,2.72,0.0
20231005,36.7783,21.4,34.42,2.37,0.0
20231006,36.7783,22.53,30.56,2.38,0.0
20231007,36.7783,23.34,27.78,2.64,0.0
20231008,36.7783,23.52,24.7,2.49,0.0
20231009,36.7783,19.9,28.5,2.03,0.0
20231010,36.7783,15.67,46.79,2.01,0.0
20231011,36.7783,12.65,53.94,2.81,0.01
20231012,36.7783,14.46,31.49,2.49,0.0
20231013,36.7783,16.13,23.12,2.26,0.0
20231014,36.7783,17.61,23.94,2.09,0.0
20231015,36.7783,20.01,23.06,2.3,0.0
20231016,36.7783,20.62,22.33,2.09,0.0
20231017,36.7783,19.79,25.77,1.97,0.0
20231018,36.7783,22.21,18.63,2.64,0.0
20231019,36.7783,22.92,21.53,2.47,0.0
20231020,36.7783,22.66,24.65,2.27,0.0
20231021,36.7783,19.31,44.2,2.08,0.0
20231022,36.7783,14.77,66.1,1.81,0.05
20231023,36.7783,14.41,65.89,1.74,0.02
20231024,36.7783,14.81,46.64,2.07,0.0
20231025,36.7783,14.04,45.56,1.74,0.01
20231026,36.7783,10.36,42.95,1.91,0.06
20231027,36.7783,9.76,22.33,1.65,0.0
20231028,36.7783,9.39,24.98,2.4,0.0
20231029,36.7783,11.31,13.87,3.08,0.0
20231030,36.7783,12.61,13.43,2.46,0.0
20231031,36.7783,15.21,14.28,2.22,0.0
20231101,36.7783,15.67,19.32,2.29,0.0
20231102,36.7783,16.45,19.18,2.1,0.0
20231103,36.7783,17.24,25.29,2.15,0.0
20231104,36.7783,18.1,28.59,1.73,0.0
20231105,36.7783,16.22,35.95,1.81,0.01
20231106,36.7783,12.77,69.17,1.34,3.21
20231107,36.7783,9.01,68.8,2.37,1.62
20231108,36.7783,9.46,32.27,2.75,0.01
20231109,36.7783,10.15,20.38,2.77,0.0
20231110,36.7783,10.89,21.18,1.77,0.0
20231111,36.7783,12.39,22.77,1.96,0.0
20231112,36.7783,14.17,17.83,2.54,0.0
20231113,36.7783,11.69,31.96,2.82,0.0
20231114,36.7783,12.43,27.56,2.69,0.0
20231115,36.7783,12.2,38.23,3.09,4.08
20231116,36.7783,11.66,75.6,1.94,0.58
20231117,36.7783,11.68,65.15,2.33,0.48
20231118,36.7783,10.12,88.75,1.68,9.1
20231119,36.7783,7.12,63.07,3.02,0.75
20231120,36.7783,9.96,26.53,3.45,0.0
20231121,36.7783,12.66,30.59,2.04,0.0
20231122,36.7783,13.49,37.79,1.6,0.0
20231123,36.7783,10.91,53.95,1.57,0.0
20231124,36.7783,6.79,72.06,1.75,0.0
20231125,36.7783,5.38,46.94,2.25,0.0
20231126,36.7783,6.03,38.61,2.11,0.0
20231127,36.7783,7.56,28.74,2.63,0.0
20231128,36.7783,9.27,30.7,2.18,0.0
20231129,36.7783,6.95,59.39,1.88,0.01
20231130,36.7783,6.34,75.75,1.62,0.33
20231201,36.7783,5.3,75.36,1.96,0.1
20231202,36.7783,6.53,63.12,1.77,0.0
20231203,36.7783,8.78,63.81,1.43,0.01
20231204,36.7783,10.78,56.1,1.87,0.0
20231205,36.7783,13.34,48.26,2.16,0.0
20231206,36.7783,12.59,48.42,2.35,0.26
20231207,36.7783,5.99,60.64,2.27,0.01
20231208,36.7783,4.51,53.64,1.86,0.0
20231209,36.7783,7.19,37.84,2.26,0.0
20231210,36.7783,11.68,37.95,1.68,0.0
20231211,36.7783,10.45,36.83,1.59,0.0
20231212,36.7783,8.01,42.49,2.24,0.0
20231213,36.7783,7.92,39.15,2.65,0.0
20231214,36.7783,9.88,31.61,1.93,0.0
20231215,36.7783,12.31,25.87,2.19,0.0
20231216,36.7783,12.7,20.85,2.24,0.0
20231217,36.7783,13.19,23.82,2.18,0.0
20231218,36.7783,12.13,54.6,2.85,8.09
20231219,36.7783,10.41,93.41,2.69,10.27
20231220,36.7783,9.16,90.03,2.21,10.2
20231221,36.7783,9.76,76.25,1.67,1.35
20231222,36.7783,8.63,73.38,1.78,0.01
20231223,36.7783,7.3,67.04,1.6,0.0
20231224,36.7783,6.99,63.42,1.59,0.0
20231225,36.7783,8.74,54.73,1.6,0.0
20231226,36.7783,10.23,53.1,1.93,0.0
20231227,36.7783,9.3,48.53,2.36,0.01
20231228,36.7783,10.9,57.65,1.95,0.0
20231229,36.7783,9.99,62.49,2.48,0.04
20231230,36.7783,6.26,90.47,1.27,5.91
20231231,36.7783,5.74,73.62,1.43,0.1
20240101,36.7783,6.91,65.57,1.86,0.01
20240102,36.7783,6.46,60.59,2.49,4.72
20240103,36.7783,1.72,91.31,1.81,11.16
20240104,36.7783,2.25,65.45,1.85,0.02
20240105,36.7783,4.27,58.89,1.88,0.04
20240106,36.7783,3.01,62.24,1.77,5.62
20240107,36.7783,-1.31,71.01,2.62,0.06
20240108,36.7783,0.82,59.68,2.09,0.0
20240109,36.7783,4.42,71.6,1.48,0.01
20240110,36.7783,2.43,83.08,2.24,11.6
20240111,36.7783,0.19,72.42,2.12,0.85
20240112,36.7783,2.73,53.59,1.13,0.0
20240113,36.7783,4.57,74.37,1.19,2.81
20240114,36.7783,5.56,84.43,1.62,2.15
20240115,36.7783,7.08,67.19,1.51,0.0
20240116,36.7783,8.8,56.5,2.06,2.26
20240117,36.7783,6.94,78.37,1.51,2.51
20240118,36.7783,8.18,61.59,1.8,0.01
20240119,36.7783,9.87,63.85,2.17,1.14
20240120,36.7783,8.21,94.09,2.13,8.13
20240121,36.7783,7.26,85.12,1.7,1.38
20240122,36.7783,5.95,93.79,1.68,14.1
20240123,36.7783,6.28,81.08,1.82,0.58
20240124,36.7783,6.32,83.5,1.57,3.93
20240125,36.7783,5.39,76.36,2.06,0.26
20240126,36.7783,8.92,57.82,1.57,0.0
20240127,36.7783,11.62,69.84,1.7,0.0
20240128,36.7783,14.18,59.55,2.25,0.0
20240129,36.7783,13.9,53.24,2.26,0.0
20240130,36.7783,12.02,53.34,2.44,0.0
20240131,36.7783,11.05,61.45,3.01,1.75
20240201,36.7783,5.09,87.8,2.71,30.68
20240202,36.7783,3.47,92.56,1.27,5.87
20240203,36.7783,3.05,68.34,1.61,0.7
20240204,36.7783,5.01,88.87,5.56,38.39
20240205,36.7783,5.46,92.8,3.1,10.57
20240206,36.7783,4.16,94.37,1.47,8.08
20240207,36.7783,2.73,92.4,2.44,16.46
20240208,36.7783,0.96,88.74,1.42,1.52
20240209,36.7783,1.81,78.74,1.76,0.07
20240210,36.7783,2.09,61.02,2.47,0.0
20240211,36.7783,4.58,57.18,1.78,0.0
20240212,36.7783,6.34,57.19,1.94,0.0
20240213,36.7783,6.27,64.04,1.74,0.0
20240214,36.7783,6.09,73.67,1.88,4.86
20240215,36.7783,6.53,79.84,1.55,2.29
20240216,36.7783,8.12,68.06,1.65,0.0
20240217,36.7783,8.34,77.26,2.56,2.71
20240218,36.7783,9.01,79.22,2.32,2.65
20240219,36.7783,6.49,94.76,3.62,38.98
20240220,36.7783,7.09,88.87,2.17,5.24
20240221,36.7783,6.14,85.68,1.32,2.35
20240222,36.7783,6.99,72.5,1.95,0.01
20240223,36.7783,7.96,67.85,2.07,0.0
20240224,36.7783,10.02,53.73,1.96,0.0
20240225,36.7783,9.85,58.95,2.0,0.0
20240226,36.7783,7.93,83.72,1.8,0.09
20240227,36.7783,7.83,75.26,1.69,0.01
20240228,36.7783,8.66,63.51,2.37,0.0
20240229,36.7783,7.51,80.31,2.96,0.19
20240301,36.7783,6.36,95.04,4.67,19.39
20240302,36.7783,2.92,97.5,4.01,30.29
20240303,36.7783,3.01,93.68,1.55,5.09
20240304,36.7783,3.76,85.31,1.32,0.19
20240305,36.7783,6.3,68.51,1.49,0.0
20240306,36.7783,6.46,78.61,1.82,0.88
20240307,36.7783,5.91,84.2,2.14,0.39
20240308,36.7783,7.27,61.42,2.29,0.0
20240309,36.7783,9.52,54.51,1.51,0.0
20240310,36.7783,8.91,67.7,1.65,0.0
20240311,36.7783,8.5,82.33,1.55,0.05
20240312,36.7783,7.13,82.9,1.54,1.22
20240313,36.7783,6.22,70.31,2.5,0.01
20240314,36.7783,6.57,49.25,3.96,0.0
20240315,36.7783,8.78,57.36,2.37,0.01
20240316,36.7783,9.49,67.68,1.99,0.0
20240317,36.7783,10.56,67.57,1.81,0.0
20240318,36.7783,12.22,63.43,1.88,0.0
20240319,36.7783,12.99,63.62,1.91,0.02
20240320,36.7783,13.23,60.66,1.88,0.06
20240321,36.7783,12.44,59.63,1.61,0.01
20240322,36.7783,11.57,70.73,2.23,2.73
20240323,36.7783,5.89,90.37,2.03,13.38
20240324,36.7783,3.69,91.46,2.08,7.21
20240325,36.7783,5.87,76.91,1.98,0.01
20240326,36.7783,7.65,77.41,1.9,0.0
20240327,36.7783,9.39,66.53,1.94,1.17
20240328,36.7783,6.92,80.58,1.59,10.67
20240329,36.7783,4.32,81.46,3.04,12.48
20240330,36.7783,4.73,80.17,2.52,11.65
20240331,36.7783,5.86,76.79,1.99,3.13
20240401,36.7783,8.18,65.61,2.53,0.06
20240402,36.7783,12.13,58.15,2.58,0.0
20240403,36.7783,13.0,63.96,2.0,0.06
20240404,36.7783,4.95,88.7,3.48,12.55
20240405,36.7783,0.89,91.05,2.65,9.12
20240406,36.7783,3.43,61.43,1.57,0.0
20240407,36.7783,6.23,65.39,2.05,0.22
20240408,36.7783,7.83,57.66,2.36,0.01
20240409,36.7783,11.95,53.08,2.19,0.0
20240410,36.7783,14.72,56.38,1.98,0.0
20240411,36.7783,17.05,56.31,1.91,0.0
20240412,36.7783,14.4,67.92,2.81,0.01
20240413,36.7783,7.29,83.31,2.98,9.01
20240414,36.7783,4.7,82.02,2.44,8.53
20240415,36.7783,8.42,77.5,1.84,0.07
20240416,36.7783,12.67,67.41,1.94,0.06
20240417,36.7783,15.9,57.28,1.71,0.0
20240418,36.7783,16.65,53.92,1.51,0.0
20240419,36.7783,16.15,65.77,1.95,0.05
20240420,36.7783,16.52,63.54,1.79,0.0
20240421,36.7783,18.28,58.33,1.97,0.0
20240422,36.7783,18.33,64.59,2.2,0.0
20240423,36.7783,13.31,76.12,1.77,0.0
20240424,36.7783,11.61,78.9,1.77,0.11
20240425,36.7783,10.86,80.38,2.22,0.27
20240426,36.7783,9.24,81.96,2.86,3.56
20240427,36.7783,10.33,73.3,2.38,0.02
20240428,36.7783,12.63,68.28,2.28,0.03
20240429,36.7783,12.98,64.13,2.75,0.0
20240430,36.7783,14.36,48.47,2.01,0.0
20240501,36.7783,13.29,54.77,2.33,0.0
20240502,36.7783,15.36,52.97,2.2,0.0
20240503,36.7783,15.51,57.81,2.07,0.18
20240504,36.7783,9.21,79.0,2.6,14.92
20240505,36.7783,5.43,71.19,2.23,0.92
20240506,36.7783,10.21,58.92,2.0,0.0
20240507,36.7783,12.29,56.35,2.35,0.0
20240508,36.7783,13.66,49.6,2.65,0.0
20240509,36.7783,16.14,43.17,2.87,0.0
20240510,36.7783,17.5,48.7,2.1,0.03
20240511,36.7783,18.21,47.39,2.28,0.0
20240512,36.7783,19.93,46.4,2.4,0.03
20240513,36.7783,20.34,49.28,2.19,0.05
20240514,36.7783,20.02,54.89,1.96,0.16
20240515,36.7783,20.75,49.77,2.12,0.08
20240516,36.7783,20.58,45.45,2.05,0.01
20240517,36.7783,20.41,51.61,1.95,0.0
20240518,36.7783,19.16,62.13,2.15,0.3
20240519,36.7783,17.43,55.12,2.21,0.0
20240520,36.7783,15.38,49.25,2.53,0.0
20240521,36.7783,16.77,43.75,2.48,0.0
20240522,36.7783,18.51,39.86,2.27,0.0
20240523,36.7783,17.39,45.9,2.0,0.0
20240524,36.7783,15.03,52.0,2.11,0.0
20240525,36.7783,14.09,59.87,2.14,0.0
20240526,36.7783,17.11,52.5,2.13,0.0
20240527,36.7783,20.07,47.47,2.25,0.0
20240528,36.7783,19.77,46.76,2.56,0.07
20240529,36.7783,20.04,41.02,2.36,0.0
20240530,36.7783,22.3,38.36,2.23,0.0
20240531,36.7783,22.77,33.48,2.3,0.0
20240601,36.7783,21.37,37.72,2.63,0.0
20240602,36.7783,20.17,46.13,1.97,0.75
20240603,36.7783,20.55,53.18,2.69,0.0
20240604,36.7783,24.05,45.19,2.24,0.0
20240605,36.7783,27.38,39.35,2.34,0.0
20240606,36.7783,28.5,35.56,2.51,0.01
20240607,36.7783,27.78,27.4,2.26,0.0
20240608,36.7783,23.62,36.92,2.01,0.0
20240609,36.7783,21.43,41.34,2.32,0.0
20240610,36.7783,24.45,36.7,2.08,0.0
20240611,36.7783,27.19,36.16,2.44,0.0
20240612,36.7783,27.69,36.57,2.59,0.0
20240613,36.7783,25.19,35.13,2.26,0.02
20240614,36.7783,25.07,26.96,2.53,0.0
20240615,36.7783,22.86,23.85,2.48,0.0
20240616,36.7783,22.43,25.72,2.97,0.0
20240617,36.7783,19.2,30.89,2.8,0.0
20240618,36.7783,19.57,19.6,2.34,0.0
20240619,36.7783,21.33,22.63,2.53,0.0
20240620,36.7783,22.45,29.27,2.59,0.0
20240621,36.7783,25.1,30.13,2.24,0.0
20240622,36.7783,28.39,22.77,2.47,0.0
20240623,36.7783,28.98,20.84,2.58,0.0
20240624,36.7783,28.42,29.16,2.63,0.25
20240625,36.7783,28.99,29.5,2.38,0.97
20240626,36.7783,27.76,26.93,2.42,0.0
20240627,36.7783,25.73,26.15,2.29,0.0
20240628,36.7783,25.78,18.65,2.04,0.0
20240629,36.7783,26.05,18.02,2.24,0.0
20240630,36.7783,25.96,23.3,2.43,0.0
20240701,36.7783,26.36,25.77,2.59,0.0
20240702,36.7783,29.68,22.2,2.87,0.0
20240703,36.7783,31.05,18.45,2.56,0.0
20240704,36.7783,31.15,19.35,2.82,0.0
20240705,36.7783,31.62,15.84,2.54,0.0
20240706,36.7783,33.21,14.42,2.77,0.0
20240707,36.7783,33.38,12.27,2.64,0.0
20240708,36.7783,32.31,11.79,2.34,0.0
20240709,36.7783,31.47,13.43,2.1,0.0
20240710,36.7783,31.42,14.67,2.22,0.0
20240711,36.7783,33.39,14.38,2.28,0.0
20240712,36.7783,32.38,16.35,2.03,0.0
20240713,36.7783,31.9,22.97,2.09,0.52
20240714,36.7783,30.01,29.66,2.26,0.42
20240715,36.7783,28.76,24.66,2.18,0.1
20240716,36.7783,27.84,25.61,2.19,0.2
20240717,36.7783,26.96,21.98,2.33,0.0
20240718,36.7783,28.56,21.54,1.93,0.31
20240719,36.7783,29.58,30.28,2.31,0.02
20240720,36.7783,30.93,27.35,2.24,0.15
20240721,36.7783,30.34,26.54,2.17,0.04
20240722,36.7783,31.78,23.09,2.03,0.26
20240723,36.7783,31.86,25.82,2.23,1.03
20240724,36.7783,31.97,28.1,2.38,0.07
20240725,36.7783,31.16,23.84,2.54,0.01
20240726,36.7783,29.85,14.96,2.36,0.0
20240727,36.7783,23.92,22.36,2.11,0.0
20240728,36.7783,23.77,25.76,1.94,0.0
20240729,36.7783,24.51,22.07,2.04,0.0
20240730,36.7783,24.72,21.14,2.4,0.0
20240731,36.7783,26.68,24.31,2.25,0.0
20240801,36.7783,29.13,23.51,2.34,0.01
20240802,36.7783,26.3,41.1,1.81,0.48
20240803,36.7783,28.57,36.72,2.32,0.12
20240804,36.7783,28.9,26.22,2.48,0.03
20240805,36.7783,30.33,18.34,2.29,0.0
20240806,36.7783,31.06,16.1,2.47,0.0
20240807,36.7783,31.38,13.85,2.56,0.0
20240808,36.7783,29.61,15.61,2.48,0.06
20240809,36.7783,29.34,16.79,2.55,0.0
20240810,36.7783,29.85,14.17,2.33,0.0
20240811,36.7783,28.89,14.43,2.08,0.0
20240812,36.7783,26.72,20.43,2.36,0.0
20240813,36.7783,24.95,20.45,2.26,0.0
20240814,36.7783,24.53,22.64,2.57,0.0
20240815,36.7783,24.35,22.01,2.68,0.0
20240816,36.7783,25.44,20.59,2.13,0.0
20240817,36.7783,23.48,31.06,2.33,0.0
20240818,36.7783,22.8,32.33,2.11,0.0
20240819,36.7783,24.16,25.95,2.18,0.0
20240820,36.7783,24.84,17.82,2.29,0.0
20240821,36.7783,23.91,23.14,2.09,0.0
20240822,36.7783,20.91,33.84,2.2,0.0
20240823,36.7783,17.0,46.84,1.69,0.0
20240824,36.7783,16.6,42.79,2.24,0.07
20240825,36.7783,17.94,38.98,2.37,0.0
20240826,36.7783,22.41,21.82,2.67,0.0
20240827,36.7783,25.3,19.05,2.76,0.0
20240828,36.7783,26.21,20.13,2.41,0.0
20240829,36.7783,25.29,22.24,2.35,0.0
20240830,36.7783,25.7,20.76,2.29,0.0
20240831,36.7783,26.29,25.49,2.17,0.07
20240901,36.7783,26.88,29.24,2.04,0.06
20240902,36.7783,26.09,28.43,2.08,0.01
20240903,36.7783,26.66,28.26,2.39,0.0
20240904,36.7783,27.06,25.92,2.63,0.0
20240905,36.7783,28.69,24.64,2.63,0.0
20240906,36.7783,29.11,25.32,2.05,0.0
20240907,36.7783,28.86,23.36,2.46,0.0
20240908,36.7783,28.26,23.31,2.15,0.0
20240909,36.7783,27.28,22.07,2.66,0.0
20240910,36.7783,24.33,19.35,2.36,0.0
20240911,36.7783,20.67,28.97,2.33,0.0
20240912,36.7783,18.58,39.24,2.11,0.0
20240913,36.7783,20.95,25.14,2.36,0.0
20240914,36.7783,22.22,23.52,2.12,0.0
20240915,36.7783,18.78,35.16,2.28,0.0
20240916,36.7783,11.79,65.73,1.91,0.14
20240917,36.7783,14.87,52.55,2.08,0.0
20240918,36.7783,16.4,55.35,1.75,0.35
20240919,36.7783,17.14,58.21,1.93,0.6
20240920,36.7783,19.08,39.81,2.1,0.01
20240921,36.7783,20.61,34.26,2.31,0.0
20240922,36.7783,22.72,30.97,2.34,0.0
20240923,36.7783,24.43,24.16,2.68,0.0
20240924,36.7783,25.23,18.4,2.85,0.0
20240925,36.7783,23.54,25.63,2.37,0.0
20240926,36.7783,22.23,21.41,2.42,0.0
20240927,36.7783,23.69,15.76,2.53,0.0
20240928,36.7783,23.99,19.13,2.43,0.0
20240929,36.7783,22.82,26.55,2.16,0.0
20240930,36.7783,24.64,15.64,2.6,0.0
20241001,36.7783,27.07,17.11,2.76,0.0
20241002,36.7783,27.21,17.31,2.86,0.0
20241003,36.7783,26.44,17.4,2.91,0.0
20241004,36.7783,26.72,16.69,2.58,0.0
20241005,36.7783,26.1,21.12,2.69,0.0
20241006,36.7783,26.09,20.44,2.6,0.0
20241007,36.7783,25.36,20.89,2.64,0.0
20241008,36.7783,24.82,22.03,2.23,0.01
20241009,36.7783,22.98,28.37,2.35,0.0
20241010,36.7783,22.4,27.35,1.75,0.0
20241011,36.7783,21.61,25.79,1.87,0.0
20241012,36.7783,19.97,29.65,1.97,0.0
20241013,36.7783,18.57,36.98,1.81,0.0
20241014,36.7783,18.83,37.92,2.15,0.0
20241015,36.7783,19.2,29.85,2.32,0.0
20241016,36.7783,16.68,48.18,1.91,0.4
20241017,36.7783,13.16,54.05,2.25,0.01
20241018,36.7783,12.01,18.73,2.66,0.0
20241019,36.7783,15.01,15.26,2.62,0.0
20241020,36.7783,17.04,19.82,2.14,0.0
20241021,36.7783,17.58,18.22,1.93,0.0
20241022,36.7783,17.59,23.98,2.19,0.0
20241023,36.7783,19.28,20.96,2.08,0.0
20241024,36.7783,17.6,18.15,2.16,0.0
20241025,36.7783,18.23,16.37,2.34,0.0
20241026,36.7783,19.17,15.84,1.97,0.0
20241027,36.7783,16.25,34.98,1.31,0.0
20241028,36.7783,10.69,69.59,2.38,0.35
20241029,36.7783,8.18,57.67,1.95,0.09
20241030,36.7783,8.94,31.11,1.97,0.0
20241031,36.7783,8.87,43.72,1.89,0.0
20241101,36.7783,10.13,40.64,1.61,0.1
20241102,36.7783,7.66,70.83,2.02,1.25
20241103,36.7783,8.47,51.58,2.2,0.02
20241104,36.7783,11.02,29.76,2.25,0.0
20241105,36.7783,12.17,41.04,2.16,0.0
20241106,36.7783,10.64,16.73,2.9,0.0
20241107,36.7783,11.55,18.03,1.92,0.0
20241108,36.7783,12.13,24.67,1.92,0.0
20241109,36.7783,12.33,23.62,1.95,0.0
20241110,36.7783,12.76,16.75,2.27,0.0
20241111,36.7783,9.28,43.43,2.35,3.68
20241112,36.7783,6.66,53.87,1.71,0.0
20241113,36.7783,10.27,34.28,2.11,0.0
20241114,36.7783,8.01,64.74,1.9,0.02
20241115,36.7783,4.35,82.33,1.93,2.14
20241116,36.7783,3.95,50.89,1.99,0.01
20241117,36.7783,6.91,31.16,1.75,0.01
20241118,36.7783,4.7,59.2,2.11,0.03
20241119,36.7783,5.43,37.68,2.17,0.0
20241120,36.7783,8.81,26.74,2.97,0.0
20241121,36.7783,12.25,32.32,2.47,0.0
20241122,36.7783,12.03,31.75,2.6,0.37
20241123,36.7783,8.23,87.98,2.09,20.61
20241124,36.7783,5.96,82.34,1.68,0.55
20241125,36.7783,6.47,85.59,2.71,25.57
20241126,36.7783,4.89,92.12,1.8,26.77
20241127,36.7783,5.49,52.7,1.8,0.01
20241128,36.7783,6.75,49.85,2.05,0.04
20241129,36.7783,7.91,49.05,1.96,0.04
20241130,36.7783,11.0,40.22,2.01,0.0
20241201,36.7783,11.47,55.5,2.11,0.22
20241202,36.7783,11.2,54.38,1.93,0.01
20241203,36.7783,11.19,47.27,2.02,0.0
20241204,36.7783,11.16,58.19,1.84,0.0
20241205,36.7783,10.73,50.51,1.95,0.0
20241206,36.7783,10.61,42.26,2.02,0.0
20241207,36.7783,11.5,40.14,2.22,0.0
20241208,36.7783,10.78,46.33,1.6,0.0
20241209,36.7783,7.41,40.51,2.18,0.0
20241210,36.7783,8.05,32.88,2.33,0.0
20241211,36.7783,8.94,35.92,2.43,0.0
20241212,36.7783,4.12,68.52,1.85,3.06
20241213,36.7783,6.33,73.56,1.4,0.79
20241214,36.7783,5.17,78.11,3.46,6.47
20241215,36.7783,5.21,48.5,1.52,0.0
20241216,36.7783,8.43,55.85,1.86,0.5
20241217,36.7783,8.89,66.57,2.07,0.0
20241218,36.7783,12.25,51.06,2.35,0.0
20241219,36.7783,12.99,42.81,2.21,0.0
20241220,36.7783,12.75,41.58,2.55,0.0
20241221,36.7783,12.5,43.37,2.15,0.07
20241222,36.7783,10.79,78.75,1.5,2.55
20241223,36.7783,11.65,60.57,1.78,0.02
20241224,36.7783,6.4,79.88,2.27,10.37
20241225,36.7783,4.45,72.22,1.45,0.01
20241226,36.7783,7.54,66.21,1.65,1.76
20241227,36.7783,7.82,79.99,1.36,8.44
20241228,36.7783,9.62,70.21,1.63,0.0
20241229,36.7783,6.45,78.86,1.99,4.12
20241230,36.7783,6.52,57.53,1.62,0.0
20241231,36.7783,5.83,44.6,1.66,0.0
20250101,36.7783,8.91,47.29,1.71,0.0
20250102,36.7783,10.31,55.95,2.28,0.0
20250103,36.7783,8.56,61.1,2.13,2.36
20250104,36.7783,4.89,65.72,2.01,0.0
20250105,36.7783,8.16,61.0,1.63,0.01
20250106,36.7783,7.79,67.66,1.77,0.02
20250107,36.7783,6.69,47.39,3.4,0.02
20250108,36.7783,7.29,33.79,2.67,0.0
20250109,36.7783,8.32,33.06,3.58,0.0
20250110,36.7783,9.49,32.96,1.97,0.0
20250111,36.7783,6.32,45.87,2.7,0.0
20250112,36.7783,4.51,41.79,2.33,0.0
20250113,36.7783,4.51,43.21,2.28,0.0
20250114,36.7783,6.73,44.8,2.73,0.0
20250115,36.7783,8.3,44.36,2.45,0.0
20250116,36.7783,8.49,40.2,1.75,0.0
20250117,36.7783,6.68,44.73,1.65,0.0
20250118,36.7783,7.07,49.06,1.69,0.0
20250119,36.7783,6.86,57.2,1.65,0.0
20250120,36.7783,4.44,42.7,2.67,0.0
20250121,36.7783,6.97,37.18,2.08,0.0
20250122,36.7783,8.73,33.57,2.58,0.0
20250123,36.7783,10.61,30.35,2.86,0.0
20250124,36.7783,10.51,29.1,1.77,0.0
20250125,36.7783,4.99,70.6,3.0,4.6
20250126,36.7783,2.85,74.02,1.85,2.69
20250127,36.7783,3.22,58.65,2.05,0.06
20250128,36.7783,3.71,52.1,2.04,0.0
20250129,36.7783,4.52,50.43,1.74,0.0
20250130,36.7783,6.48,53.48,1.5,0.0
20250131,36.7783,7.93,56.94,1.42,0.39
20250201,36.7783,8.22,88.21,1.41,3.15
20250202,36.7783,11.07,65.0,2.09,0.05
20250203,36.7783,9.43,55.98,3.1,0.0
20250204,36.7783,7.95,69.54,4.16,17.82
20250205,36.7783,6.77,82.83,1.51,5.99
20250206,36.7783,6.8,88.45,3.95,20.05
20250207,36.7783,5.33,89.69,2.03,4.21
20250208,36.7783,4.1,55.13,2.04,0.0
20250209,36.7783,4.65,54.31,2.04,0.0
20250210,36.7783,3.97,58.73,1.61,0.0
20250211,36.7783,2.75,69.21,2.2,0.01
20250212,36.7783,4.2,72.28,1.9,3.65
20250213,36.7783,3.94,99.07,4.86,81.14
20250214,36.7783,2.14,97.02,2.25,14.44
20250215,36.7783,5.15,67.61,1.98,0.0
20250216,36.7783,9.01,64.82,1.71,0.0
20250217,36.7783,6.69,68.14,1.73,0.0
20250218,36.7783,7.25,64.62,1.47,0.0
20250219,36.7783,9.44,63.98,1.69,0.04
20250220,36.7783,6.72,61.29,2.49,0.0
20250221,36.7783,8.73,57.19,1.87,0.0
20250222,36.7783,10.87,54.22,1.73,0.0
20250223,36.7783,12.61,56.83,1.72,0.0
20250224,36.7783,14.27,56.52,1.58,0.0
20250225,36.7783,11.49,52.95,1.65,0.0
20250226,36.7783,11.54,50.28,2.28,0.0
20250227,36.7783,12.62,46.17,2.5,0.0
20250228,36.7783,12.53,42.02,1.85,0.0
20250301,36.7783,11.28,60.8,2.08,0.0
20250302,36.7783,4.73,89.53,2.46,12.3
20250303,36.7783,4.16,88.34,2.43,0.95
20250304,36.7783,7.44,77.85,1.26,0.02
20250305,36.7783,4.8,91.79,1.54,20.06
20250306,36.7783,1.26,91.28,1.8,9.99
20250307,36.7783,1.85,67.79,2.06,0.07
20250308,36.7783,6.77,52.31,2.45,0.0
20250309,36.7783,9.8,48.67,2.27,0.0
20250310,36.7783,9.92,58.42,1.92,0.0
20250311,36.7783,9.19,69.87,1.84,0.0
20250312,36.7783,7.31,87.09,3.85,24.26
20250313,36.7783,0.55,95.41,2.04,17.51
20250314,36.7783,0.27,95.35,1.99,8.57
20250315,36.7783,4.43,74.12,1.52,0.14
20250316,36.7783,7.68,65.89,1.94,0.0
20250317,36.7783,4.68,88.25,3.12,3.4
20250318,36.7783,5.48,76.44,2.06,0.06
20250319,36.7783,8.12,59.17,2.11,0.0
20250320,36.7783,7.46,65.47,2.0,0.0
20250321,36.7783,10.39,63.84,1.77,0.0
20250322,36.7783,10.61,71.59,1.61,0.1
20250323,36.7783,12.97,71.11,1.74,0.01
20250324,36.7783,16.03,68.44,1.93,0.0
20250325,36.7783,18.38,53.97,1.97,0.0
20250326,36.7783,15.57,67.56,2.19,0.15
20250327,36.7783,11.05,79.24,1.63,0.0
20250328,36.7783,8.43,77.9,2.14,0.12
20250329,36.7783,7.0,70.32,1.85,0.01
20250330,36.7783,7.8,80.63,2.45,2.51
20250331,36.7783,7.46,92.62,2.9,14.53
20250401,36.7783,3.87,88.03,2.19,8.56
20250402,36.7783,3.82,82.91,2.12,2.03
20250403,36.7783,5.35,69.78,2.02,0.47
20250404,36.7783,7.74,57.59,2.28,0.0
20250405,36.7783,10.7,48.19,2.51,0.0
20250406,36.7783,13.23,50.95,1.98,0.0
20250407,36.7783,14.13,61.18,1.67,0.0
20250408,36.7783,14.38,66.04,1.88,0.0
20250409,36.7783,17.45,52.37,1.61,0.0
20250410,36.7783,18.02,56.07,1.82,0.0
20250411,36.7783,17.51,54.84,1.47,0.0
20250412,36.7783,14.95,49.73,1.64,0.0
20250413,36.7783,14.62,54.32,1.97,0.0
20250414,36.7783,16.93,46.04,2.11,0.0
20250415,36.7783,15.7,67.43,1.87,0.02
20250416,36.7783,13.43,76.66,1.46,0.13
20250417,36.7783,10.88,80.38,2.01,0.02
20250418,36.7783,10.91,64.86,2.02,0.0
20250419,36.7783,12.03,51.27,2.25,0.0
20250420,36.7783,14.93,56.83,2.13,0.0
20250421,36.7783,16.3,53.78,2.18,0.0
20250422,36.7783,16.27,54.25,2.07,0.0
20250423,36.7783,13.89,49.79,1.92,0.0
20250424,36.7783,11.96,56.04,1.79,0.0
20250425,36.7783,8.72,74.16,1.25,0.16
20250426,36.7783,6.05,82.6,1.71,6.87
20250427,36.7783,7.42,80.2,1.93,1.11
20250428,36.7783,11.85,65.06,2.02,0.0
20250429,36.7783,14.79,52.41,2.54,0.0
20250430,36.7783,15.06,63.89,1.62,1.55
20250501,36.7783,17.33,59.05,1.79,0.26
20250502,36.7783,17.77,54.02,2.1,0.03
20250503,36.7783,12.24,75.6,1.44,0.24
20250504,36.7783,11.2,77.15,1.59,0.61
20250505,36.7783,15.29,56.21,2.29,0.04
20250506,36.7783,15.02,50.52,2.49,0.0
20250507,36.7783,15.85,51.53,2.54,0.0
20250508,36.7783,19.42,49.34,2.28,0.0
20250509,36.7783,22.38,44.17,2.42,0.0
20250510,36.7783,23.64,39.61,2.17,0.14
20250511,36.7783,19.47,40.19,2.05,0.0
20250512,36.7783,12.57,54.49,2.24,0.01
20250513,36.7783,9.06,69.11,2.13,0.55
20250514,36.7783,12.31,54.92,2.49,0.0
20250515,36.7783,16.13,51.09,2.44,0.0
20250516,36.7783,17.89,46.13,2.15,0.01
20250517,36.7783,13.18,61.37,2.71,0.36
20250518,36.7783,13.84,56.52,3.02,0.0
20250519,36.7783,17.22,47.12,2.73,0.0
20250520,36.7783,19.05,43.86,2.46,0.0
20250521,36.7783,21.22,34.3,2.28,0.0
20250522,36.7783,20.77,30.28,2.51,0.0
20250523,36.7783,17.64,34.16,1.89,0.0
20250524,36.7783,18.64,44.62,2.08,0.11
20250525,36.7783,18.97,44.94,2.25,0.0
20250526,36.7783,16.86,45.77,2.18,0.0
20250527,36.7783,20.51,40.78,2.1,0.0
20250528,36.7783,21.29,39.19,2.67,0.0
20250529,36.7783,22.28,36.45,2.16,0.0
20250530,36.7783,26.26,30.7,2.53,0.0
20250531,36.7783,27.64,29.43,2.21,0.0
20250601,36.7783,25.48,29.96,2.52,0.05
20250602,36.7783,22.0,42.91,2.4,0.15
20250603,36.7783,22.68,39.6,1.89,0.33
20250604,36.7783,22.7,35.48,2.2,0.16
20250605,36.7783,22.45,37.62,2.17,0.01
20250606,36.7783,23.47,40.67,2.46,0.06
20250607,36.7783,25.56,37.81,2.1,0.07
20250608,36.7783,24.82,43.4,2.27,0.19
20250609,36.7783,26.54,36.47,2.48,0.01
20250610,36.7783,27.0,33.5,2.48,0.0
20250611,36.7783,25.6,23.54,2.42,0.0
20250612,36.7783,23.33,21.89,2.43,0.0
20250613,36.7783,22.56,21.1,2.31,0.0
20250614,36.7783,22.88,20.74,2.01,0.0
20250615,36.7783,25.37,15.78,2.26,0.0
20250616,36.7783,24.78,14.89,2.53,0.0
20250617,36.7783,23.99,19.47,2.35,0.0
20250618,36.7783,26.81,21.38,2.47,0.0
20250619,36.7783,25.68,18.54,2.82,0.0
20250620,36.7783,20.16,22.79,2.37,0.0
20250621,36.7783,15.28,28.33,3.27,0.0
20250622,36.7783,17.85,24.74,2.48,0.0
20250623,36.7783,20.64,26.5,2.37,0.04
20250624,36.7783,22.42,27.56,2.54,0.0
20250625,36.7783,24.35,22.35,2.49,0.0
20250626,36.7783,25.24,22.67,2.41,0.0
20250627,36.7783,25.94,20.97,2.41,0.0
20250628,36.7783,26.85,23.07,2.5,0.0
20250629,36.7783,27.23,22.8,2.41,0.0
20250630,36.7783,26.52,22.27,2.44,0.0
20250701,36.7783,25.95,21.22,2.61,0.0
20250702,36.7783,26.05,24.68,2.33,0.98
20250703,36.7783,25.74,27.73,2.85,0.02
20250704,36.7783,22.56,22.14,2.46,0.0
20250705,36.7783,23.06,19.06,2.25,0.0
20250706,36.7783,24.61,18.46,2.27,0.0
20250707,36.7783,25.69,18.35,2.46,0.0
20250708,36.7783,25.77,20.16,2.01,0.0
20250709,36.7783,26.01,17.18,2.28,0.0
20250710,36.7783,26.44,16.09,2.46,0.0
20250711,36.7783,28.83,16.0,2.44,0.0
20250712,36.7783,29.4,17.78,2.21,0.0
20250713,36.7783,28.43,21.9,2.41,0.0
20250714,36.7783,29.91,20.84,2.08,0.0
20250715,36.7783,28.52,21.29,2.27,0.0
20250716,36.7783,25.54,31.55,1.91,0.0
20250717,36.7783,24.84,34.6,2.12,0.0
20250718,36.7783,25.78,24.2,2.24,0.0
20250719,36.7783,26.73,26.57,2.17,0.0
20250720,36.7783,26.36,21.24,2.11,0.0
20250721,36.7783,23.42,29.83,2.34,0.0
20250722,36.7783,21.36,37.09,2.11,0.0
20250723,36.7783,21.43,45.61,1.97,0.0
20250724,36.7783,21.7,43.47,2.08,0.0
20250725,36.7783,21.21,42.94,2.37,0.0
20250726,36.7783,21.55,37.03,2.22,0.0
20250727,36.7783,22.25,33.92,2.19,0.0
20250728,36.7783,23.79,28.99,2.46,0.0
20250729,36.7783,24.83,26.16,2.52,0.0
20250730,36.7783,23.99,21.04,2.4,0.07
20250731,36.7783,25.07,15.57,2.28,0.0
20250801,36.7783,24.88,18.55,2.48,0.0
20250802,36.7783,25.24,17.58,2.4,0.0
20250803,36.7783,25.11,15.97,2.55,0.0
20250804,36.7783,23.09,20.96,1.98,0.0
20250805,36.7783,23.91,19.61,1.96,0.0
20250806,36.7783,25.85,16.77,2.01,0.0
20250807,36.7783,26.87,16.2,2.08,0.0
20250808,36.7783,27.86,15.59,2.18,0.0
20250809,36.7783,27.73,18.41,2.34,0.0
20250810,36.7783,27.99,21.53,2.57,0.0
20250811,36.7783,28.44,19.32,2.44,0.0
20250812,36.7783,28.68,16.18,2.33,0.01
20250813,36.7783,26.94,14.11,2.36,0.03
20250814,36.7783,24.93,17.39,2.27,0.0
20250815,36.7783,24.43,23.65,2.24,0.08
20250816,36.7783,22.49,37.58,2.24,0.01
20250817,36.7783,22.1,46.07,2.11,0.0
20250818,36.7783,22.7,35.7,2.16,0.0
20250819,36.7783,24.13,28.72,2.35,0.0
20250820,36.7783,25.18,22.68,2.3,0.0
20250821,36.7783,27.99,19.01,2.5,0.0
20250822,36.7783,30.46,21.1,2.29,0.04
20250823,36.7783,28.79,33.61,2.63,2.0
20250824,36.7783,29.13,34.33,2.15,0.62
20250825,36.7783,26.59,38.22,2.64,4.11
20250826,36.7783,24.19,46.01,2.28,2.81
20250827,36.7783,24.14,43.37,2.22,0.29
20250828,36.7783,24.5,34.54,2.1,0.58
20250829,36.7783,24.03,33.91,2.18,0.0
20250830,36.7783,25.44,32.22,2.47,0.0
20250831,36.7783,26.55,31.44,2.39,0.0
20250901,36.7783,27.88,30.2,2.53,0.0
20250902,36.7783,27.71,38.31,2.16,2.07
20250903,36.7783,25.86,39.06,2.02,0.11
20250904,36.7783,25.35,34.87,2.45,0.0
20250905,36.7783,23.41,36.42,2.28,0.19
20250906,36.7783,22.91,32.0,2.02,0.0
20250907,36.7783,21.89,27.96,2.15,0.0
20250908,36.7783,20.98,28.9,1.95,0.0
20250909,36.7783,18.99,53.73,1.75,0.0
20250910,36.7783,17.3,65.08,1.79,0.08
20250911,36.7783,17.2,64.21,2.2,0.1
20250912,36.7783,18.67,55.18,2.18,0.07
20250913,36.7783,20.67,45.4,2.26,0.0
20250914,36.7783,20.79,37.79,2.32,0.0
20250915,36.7783,22.5,27.48,2.4,0.0
20250916,36.7783,24.54,26.5,2.3,0.0
20250917,36.7783,25.54,27.12,2.53,0.0
20250918,36.7783,22.49,44.09,1.46,4.48
20250919,36.7783,18.38,80.81,1.98,14.77
20250920,36.7783,20.38,61.36,2.06,0.01
20250921,36.7783,20.8,56.99,2.23,0.05
20250922,36.7783,22.49,49.69,2.08,0.0
20250923,36.7783,24.2,40.9,2.36,0.0
20250924,36.7783,22.8,51.02,2.09,0.05
20250925,36.7783,19.11,66.14,2.15,4.52
20250926,36.7783,20.59,60.57,1.59,0.09
20250927,36.7783,21.46,57.6,1.96,0.66
20250928,36.7783,19.45,70.18,1.54,1.02
20250929,36.7783,18.26,76.05,1.44,1.9
20250930,36.7783,16.57,70.75,1.45,0.82
20251001,36.7783,17.71,54.93,1.75,0.0
20251002,36.7783,17.61,67.97,1.54,6.35
20251003,36.7783,12.62,77.22,1.84,4.77
20251004,36.7783,13.56,63.56,2.0,0.01
20251005,36.7783,15.84,55.09,2.36,0.0
20251006,36.7783,18.27,46.34,2.43,0.0
20251007,36.7783,18.71,41.15,2.58,0.0
20251008,36.7783,17.8,45.22,2.71,0.0
20251009,36.7783,15.25,58.09,2.29,0.0
20251010,36.7783,15.87,57.14,1.84,0.04
20251011,36.7783,13.15,52.4,2.1,0.02
20251012,36.7783,12.25,38.72,2.16,0.0
20251013,36.7783,10.35,59.1,2.7,7.21
20251014,36.7783,6.02,88.86,2.94,30.04
20251015,36.7783,7.88,76.49,1.61,0.63
20251016,36.7783,10.72,61.14,1.86,0.01
20251017,36.7783,13.88,44.8,2.15,0.0
20251018,36.7783,16.58,41.18,2.14,0.0
20251019,36.7783,17.11,42.43,1.89,0.0
20251020,36.7783,17.5,47.33,2.08,0.0
20251021,36.7783,18.15,46.38,2.16,0.03
20251022,36.7783,12.63,81.45,1.96,3.58
20251023,36.7783,14.3,64.15,1.86,0.0
20251024,36.7783,15.05,53.18,1.94,0.0
20251025,36.7783,14.23,49.41,1.83,0.0
20251026,36.7783,12.02,63.87,2.03,0.0
20251027,36.7783,12.83,59.81,1.81,0.0
20251028,36.7783,16.47,42.25,2.39,0.0
20251029,36.7783,17.09,44.33,2.19,0.0
20251030,36.7783,17.7,44.38,2.06,0.0
20251031,36.7783,17.35,47.68,1.9,0.0
20251101,36.7783,17.48,42.17,1.93,0.0
20251102,36.7783,16.74,41.3,2.1,0.0
20251103,36.7783,16.43,40.16,1.98,0.0
20251104,36.7783,15.03,43.89,2.22,0.0
20251105,36.7783,11.64,65.78,2.39,0.58
20251106,36.7783,11.74,60.87,1.95,0.01
20251107,36.7783,14.04,61.1,1.87,0.0
20251108,36.7783,15.61,54.22,2.21,0.0
20251109,36.7783,17.83,40.45,2.35,0.0
20251110,36.7783,18.46,38.03,2.02,0.0
20251111,36.7783,17.09,42.41,2.1,0.0
20251112,36.7783,13.89,52.73,2.73,0.03
20251113,36.7783,13.44,66.62,3.4,7.25
20251114,36.7783,11.74,85.68,1.81,16.0
20251115,36.7783,11.07,89.67,1.8,21.68
20251116,36.7783,6.12,95.36,2.65,18.82
20251117,36.7783,5.58,92.51,2.53,19.72
20251118,36.7783,5.64,80.82,1.31,0.66
20251119,36.7783,6.84,80.0,1.64,0.02
20251120,36.7783,6.06,91.47,1.39,2.27
20251121,36.7783,6.86,76.63,1.77,0.12
20251122,36.7783,8.63,64.71,2.35,0.0
20251123,36.7783,9.24,63.42,1.72,0.0
20251124,36.7783,9.86,57.33,1.59,0.01
20251125,36.7783,10.45,48.57,1.63,0.0
20251126,36.7783,11.22,47.02,1.97,0.0
20251127,36.7783,13.3,45.66,1.93,0.0
20251128,36.7783,11.09,41.9,1.6,0.0
20251129,36.7783,8.92,54.52,2.08,0.0
20251130,36.7783,8.0,52.28,1.72,0.0
20251201,36.7783,8.44,56.31,1.9,0.0
20251202,36.7783,8.66,58.47,1.57,0.0
20251203,36.7783,5.5,49.9,2.63,0.0
20251204,36.7783,5.91,49.57,2.02,0.0
20251205,36.7783,8.65,62.7,1.85,0.0
20251206,36.7783,9.93,57.77,1.58,0.0
20251207,36.7783,10.55,56.86,1.69,0.01
20251208,36.7783,9.63,52.97,1.98,0.0
20251209,36.7783,11.53,42.56,2.34,0.0
20251210,36.7783,12.24,46.22,2.24,0.0
20251211,36.7783,13.38,42.77,2.34,0.0
20251212,36.7783,14.08,40.83,2.34,0.0
20251213,36.7783,13.32,46.95,2.28,0.0
20251214,36.7783,12.68,46.67,1.94,0.0
20251215,36.7783,11.59,47.1,1.87,0.0
20251216,36.7783,12.64,49.2,1.66,0.0
20251217,36.7783,11.72,64.23,1.92,0.0
20251218,36.7783,11.19,55.22,1.82,0.0
20251219,36.7783,10.26,48.04,1.86,0.05
20251220,36.7783,11.01,73.58,1.74,0.2
20251221,36.7783,11.08,77.7,2.2,0.16
20251222,36.7783,10.98,57.27,2.2,0.04
20251223,36.7783,11.36,60.16,3.19,0.12
20251224,36.7783,7.48,92.79,5.14,65.89
20251225,36.7783,5.66,94.97,5.15,33.35
20251226,36.7783,4.89,95.29,2.25,16.03
20251227,36.7783,4.28,78.26,1.73,0.37
20251228,36.7783,4.72,55.09,2.8,0.0
20251229,36.7783,6.36,57.63,4.0,0.0
20251230,36.7783,8.51,62.5,2.39,0.02
20251231,36.7783,10.38,82.03,2.01,7.28
20210101,35.6762,1.82,64.46,3.54,0.01
20210102,35.6762,2.47,72.19,3.2,0.0
20210103,35.6762,1.4,75.14,2.17,0.0
20210104,35.6762,3.91,68.93,1.99,0.0
20210105,35.6762,4.3,73.89,2.29,0.06
20210106,35.6762,3.45,78.71,2.65,0.37
20210107,35.6762,2.6,65.18,6.6,0.02
20210108,35.6762,-0.58,66.67,3.76,0.0
20210109,35.6762,-0.16,66.57,4.12,0.0
20210110,35.6762,-0.06,70.21,2.51,0.0
20210111,35.6762,-0.39,79.82,3.14,0.01
20210112,35.6762,1.69,86.28,2.01,2.2
20210113,35.6762,3.54,72.58,2.37,0.0
20210114,35.6762,4.74,75.78,2.88,0.0
20210115,35.6762,3.43,88.19,2.88,0.17
20210116,35.6762,6.51,86.33,4.95,0.03
20210117,35.6762,2.62,79.35,2.16,0.0
20210118,35.6762,1.47,76.71,2.91,0.0
20210119,35.6762,1.02,64.59,6.1,0.0
20210120,35.6762,0.71,68.17,3.7,0.0
20210121,35.6762,3.29,77.24,1.82,0.0
20210122,35.6762,6.85,78.24,2.63,0.1
20210123,35.6762,3.19,93.4,6.01,31.78
20210124,35.6762,1.76,95.65,6.92,33.13
20210125,35.6762,3.21,83.29,3.52,0.95
20210126,35.6762,4.67,79.7,1.95,0.48
20210127,35.6762,7.72,87.57,5.24,10.21
20210128,35.6762,2.33,84.54,4.57,5.89
20210129,35.6762,2.47,69.01,4.99,0.14
20210130,35.6762,1.1,62.5,3.3,0.0
20210131,35.6762,2.52,73.5,3.89,0.0
20210201,35.6762,5.11,77.79,4.17,0.19
20210202,35.6762,9.04,78.62,5.26,10.61
20210203,35.6762,3.29,64.71,2.65,0.0
20210204,35.6762,2.59,67.5,5.13,0.0
20210205,35.6762,3.8,69.16,2.53,0.0
20210206,35.6762,6.65,70.46,2.3,0.0
20210207,35.6762,7.31,69.81,2.72,0.0
20210208,35.6762,3.14,73.51,3.43,0.0
20210209,35.6762,0.93,62.1,3.96,0.0
20210210,35.6762,3.58,66.08,2.4,0.0
20210211,35.6762,4.53,69.58,4.46,0.0
20210212,35.6762,4.84,76.58,2.06,0.0
20210213,35.6762,6.93,87.34,3.28,0.01
20210214,35.6762,9.12,85.6,4.07,0.04
20210215,35.6762,11.26,88.84,6.59,58.17
20210216,35.6762,6.1,59.75,6.73,0.0
20210217,35.6762,3.25,59.28,7.99,0.01
20210218,35.6762,0.79,63.49,3.59,0.0
20210219,35.6762,3.01,71.02,3.42,0.0
20210220,35.6762,6.27,76.43,5.68,0.0
20210221,35.6762,10.78,73.38,3.57,0.0
20210222,35.6762,11.24,73.7,4.19,0.0
20210223,35.6762,8.04,68.3,5.8,0.0
20210224,35.6762,3.05,65.1,4.92,0.01
20210225,35.6762,3.28,72.58,3.17,0.0
20210226,35.6762,5.43,75.87,3.79,0.5
20210227,35.6762,1.93,67.14,6.94,0.0
20210228,35.6762,3.36,76.08,2.64,0.0
20210301,35.6762,9.55,86.1,4.15,0.13
20210302,35.6762,12.28,85.73,9.42,10.86
20210303,35.6762,4.14,66.5,6.47,0.03
20210304,35.6762,6.36,80.07,2.34,0.06
20210305,35.6762,10.05,84.31,1.62,3.62
20210306,35.6762,10.45,78.03,4.95,1.54
20210307,35.6762,4.73,73.08,4.3,0.0
20210308,35.6762,4.36,90.91,3.52,5.3
20210309,35.6762,6.47,84.81,3.03,0.11
20210310,35.6762,8.67,70.67,5.58,0.0
20210311,35.6762,6.75,75.34,2.87,0.0
20210312,35.6762,10.29,88.27,2.14,4.21
20210313,35.6762,9.89,93.33,5.33,54.91
20210314,35.6762,8.13,64.98,6.2,0.01
20210315,35.6762,8.78,67.86,3.84,0.0
20210316,35.6762,12.48,77.52,4.98,0.0
20210317,35.6762,9.59,69.43,4.14,0.0
20210318,35.6762,8.48,74.29,2.97,0.03
20210319,35.6762,8.88,75.67,3.62,0.05
20210320,35.6762,11.24,82.89,3.08,1.93
20210321,35.6762,16.03,93.79,8.83,32.82
20210322,35.6762,9.9,68.89,4.83,0.91
20210323,35.6762,7.34,67.9,2.66,0.06
20210324,35.6762,10.79,74.87,4.58,0.0
20210325,35.6762,11.3,86.37,3.75,0.97
20210326,35.6762,10.44,65.9,4.3,0.0
20210327,35.6762,9.35,74.48,3.14,0.0
20210328,35.6762,14.31,88.5,7.23,17.42
20210329,35.6762,17.25,79.47,4.05,23.2
20210330,35.6762,14.58,83.59,2.57,0.0
20210331,35.6762,14.17,74.08,3.63,0.02
20210401,35.6762,13.35,80.29,2.64,0.02
20210402,35.6762,13.17,79.56,3.88,0.1
20210403,35.6762,13.17,80.36,2.79,0.21
20210404,35.6762,15.52,87.24,5.86,11.46
20210405,35.6762,12.72,79.97,6.21,16.15
20210406,35.6762,8.13,74.67,4.82,0.0
20210407,35.6762,10.42,75.69,2.41,0.03
20210408,35.6762,10.07,70.92,3.37,0.58
20210409,35.6762,8.92,68.26,4.48,0.06
20210410,35.6762,7.49,65.41,3.74,0.03
20210411,35.6762,9.47,74.55,2.54,0.0
20210412,35.6762,11.7,73.59,2.9,0.0
20210413,35.6762,13.81,85.05,6.1,4.64
20210414,35.6762,16.03,83.93,6.35,10.5
20210415,35.6762,8.69,69.05,3.97,0.01
20210416,35.6762,11.41,77.63,2.96,0.32
20210417,35.6762,13.35,89.59,4.32,32.55
20210418,35.6762,12.43,66.87,6.13,2.95
20210419,35.6762,11.88,62.38,3.25,0.0
20210420,35.6762,15.12,61.92,2.62,0.0
20210421,35.6762,15.07,56.57,3.23,0.0
20210422,35.6762,14.17,55.42,4.91,0.0
20210423,35.6762,11.26,69.03,3.83,0.0
20210424,35.6762,12.65,73.29,2.5,0.0
20210425,35.6762,13.63,77.46,3.51,0.1
20210426,35.6762,9.58,60.96,5.85,0.0
20210427,35.6762,11.61,73.01,4.11,0.0
20210428,35.6762,14.93,80.82,5.59,0.11
20210429,35.6762,16.28,89.16,8.04,40.35
20210430,35.6762,16.85,70.09,4.33,0.37
20210501,35.6762,15.86,78.71,6.28,15.13
20210502,35.6762,14.41,66.58,7.04,1.41
20210503,35.6762,13.1,60.06,3.59,0.0
20210504,35.6762,16.12,58.86,3.05,0.0
20210505,35.6762,15.92,83.18,7.67,1.83
20210506,35.6762,17.72,78.61,3.74,4.01
20210507,35.6762,16.09,83.71,2.19,2.98
20210508,35.6762,17.87,77.68,4.01,0.01
20210509,35.6762,19.03,70.8,5.89,0.0
20210510,35.6762,16.46,64.59,3.03,0.0
20210511,35.6762,14.76,83.26,2.14,0.03
20210512,35.6762,14.94,78.16,3.03,0.08
20210513,35.6762,15.3,89.56,3.61,9.7
20210514,35.6762,19.57,80.56,2.94,0.1
20210515,35.6762,19.18,84.91,3.86,0.04
20210516,35.6762,19.0,85.82,5.2,1.69
20210517,35.6762,22.24,89.14,9.11,1.92
20210518,35.6762,21.32,87.33,3.51,1.98
20210519,35.6762,17.93,92.53,2.36,14.68
20210520,35.6762,19.09,88.35,2.76,12.61
20210521,35.6762,21.93,91.04,9.22,14.7
20210522,35.6762,18.59,85.68,4.22,3.24
20210523,35.6762,17.91,81.4,2.96,2.74
20210524,35.6762,19.55,75.62,3.49,0.04
20210525,35.6762,19.66,77.1,4.86,0.11
20210526,35.6762,17.33,66.04,2.52,0.01
20210527,35.6762,15.3,90.56,3.08,45.61
20210528,35.6762,18.76,80.17,3.88,0.0
20210529,35.6762,20.77,78.77,6.21,0.02
20210530,35.6762,18.91,76.66,2.98,0.74
20210531,35.6762,18.11,81.05,3.18,3.4
20210601,35.6762,18.15,79.27,3.13,3.9
20210602,35.6762,18.92,85.41,3.29,0.0
20210603,35.6762,19.48,79.14,2.86,0.63
20210604,35.6762,20.59,92.49,7.62,21.32
20210605,35.6762,19.94,78.77,2.89,0.09
20210606,35.6762,19.49,78.28,1.89,2.16
20210607,35.6762,22.55,71.57,2.13,0.02
20210608,35.6762,23.57,75.19,2.23,0.02
20210609,35.6762,22.06,73.14,2.89,0.0
20210610,35.6762,21.63,73.94,2.28,0.0
20210611,35.6762,20.95,77.98,2.97,0.0
20210612,35.6762,20.93,81.66,4.34,0.01
20210613,35.6762,22.24,82.11,3.77,0.19
20210614,35.6762,20.76,89.86,2.49,14.47
20210615,35.6762,22.06,81.64,2.6,5.16
20210616,35.6762,20.79,88.67,2.76,17.97
20210617,35.6762,20.25,84.73,4.14,2.42
20210618,35.6762,20.02,85.07,3.06,0.09
20210619,35.6762,20.32,89.5,4.57,15.16
20210620,35.6762,22.32,84.24,3.66,12.9
20210621,35.6762,21.18,81.64,3.03,0.56
20210622,35.6762,21.71,80.97,2.6,0.09
20210623,35.6762,20.03,87.23,2.76,2.21
20210624,35.6762,20.78,86.42,3.54,4.7
20210625,35.6762,21.43,87.43,2.64,3.23
20210626,35.6762,21.85,83.15,2.12,0.02
20210627,35.6762,21.62,85.79,1.81,0.81
20210628,35.6762,21.64,84.17,2.43,0.39
20210629,35.6762,22.24,87.28,4.86,28.78
20210630,35.6762,20.52,86.96,2.89,5.12
20210701,35.6762,20.65,94.7,2.86,77.84
20210702,35.6762,21.84,94.88,4.67,85.51
20210703,35.6762,23.69,90.14,3.57,83.36
20210704,35.6762,20.66,92.89,1.96,10.3
20210705,35.6762,24.25,90.82,1.55,2.81
20210706,35.6762,25.53,85.03,2.24,0.13
20210707,35.6762,26.09,85.93,2.93,0.55
20210708,35.6762,22.93,93.27,3.29,9.11
20210709,35.6762,24.36,90.04,2.19,11.26
20210710,35.6762,26.25,85.45,2.29,1.92
20210711,35.6762,25.28,87.31,1.52,8.66
20210712,35.6762,25.27,85.55,1.7,1.6
20210713,35.6762,24.02,87.37,1.72,7.61
20210714,35.6762,22.7,92.71,2.34,3.65
20210715,35.6762,23.85,88.62,2.33,4.75
20210716,35.6762,24.93,83.67,1.96,0.14
20210717,35.6762,24.82,83.23,2.2,0.0
20210718,35.6762,25.38,85.74,3.75,0.0
20210719,35.6762,26.61,85.88,2.43,0.0
20210720,35.6762,25.88,86.42,2.21,0.02
20210721,35.6762,25.4,82.94,2.2,0.05
20210722,35.6762,25.51,82.45,2.64,0.06
20210723,35.6762,25.52,83.65,2.76,0.8
20210724,35.6762,25.73,83.1,2.31,1.76
20210725,35.6762,25.85,81.25,2.15,0.0
20210726,35.6762,24.46,84.07,3.2,0.69
20210727,35.6762,25.07,83.3,4.47,16.56
20210728,35.6762,26.34,85.05,3.65,5.59
20210729,35.6762,26.19,85.88,5.47,3.42
20210730,35.6762,25.33,88.71,3.08,14.79
20210731,35.6762,25.59,83.33,1.76,2.1
20210801,35.6762,26.22,84.36,3.5,0.49
20210802,35.6762,26.34,85.43,2.65,3.63
20210803,35.6762,26.65,87.08,4.86,3.8
20210804,35.6762,27.23,84.54,2.74,0.04
20210805,35.6762,26.47,81.74,1.92,0.0
20210806,35.6762,26.19,85.02,2.22,0.08
20210807,35.6762,26.18,88.91,2.98,19.1
20210808,35.6762,26.55,89.08,6.26,66.96
20210809,35.6762,26.7,88.62,10.8,7.39
20210810,35.6762,27.97,74.72,6.81,0.0
20210811,35.6762,25.77,79.91,2.0,0.08
20210812,35.6762,24.92,90.0,2.56,6.84
20210813,35.6762,24.05,89.96,4.98,21.78
20210814,35.6762,24.97,91.25,8.67,32.65
20210815,35.6762,21.27,93.97,3.62,76.78
20210816,35.6762,20.66,91.14,3.37,7.64
20210817,35.6762,23.19,91.38,3.53,14.53
20210818,35.6762,25.28,89.96,7.91,23.2
20210819,35.6762,24.82,91.11,5.88,4.52
20210820,35.6762,25.29,88.37,4.84,0.64
20210821,35.6762,25.07,88.22,4.26,1.35
20210822,35.6762,25.35,90.24,4.43,1.16
20210823,35.6762,25.31,89.75,2.15,3.19
20210824,35.6762,25.35,89.25,3.43,0.06
20210825,35.6762,27.43,83.6,3.59,0.38
20210826,35.6762,27.67,83.91,2.07,0.02
20210827,35.6762,27.11,86.62,2.66,0.14
20210828,35.6762,27.65,83.36,1.65,0.0
20210829,35.6762,25.79,85.5,3.34,0.24
20210830,35.6762,27.36,85.78,2.63,0.5
20210831,35.6762,25.44,82.31,2.75,1.58
20210901,35.6762,22.99,90.98,2.81,6.13
20210902,35.6762,19.76,94.89,4.08,40.36
20210903,35.6762,20.24,91.75,3.1,9.03
20210904,35.6762,20.81,92.12,3.47,12.67
20210905,35.6762,19.71,90.72,4.35,11.65
20210906,35.6762,19.37,88.66,4.6,4.55
20210907,35.6762,17.96,82.97,3.72,0.05
20210908,35.6762,19.55,86.72,2.82,2.37
20210909,35.6762,21.96,92.34,2.29,31.46
20210910,35.6762,23.16,86.17,2.73,0.06
20210911,35.6762,23.8,86.61,2.11,0.39
20210912,35.6762,22.58,89.73,2.13,0.3
20210913,35.6762,22.09,80.02,2.72,0.01
20210914,35.6762,20.75,90.75,1.91,7.39
20210915,35.6762,21.33,88.94,2.81,6.13
20210916,35.6762,19.99,87.49,3.85,0.11
20210917,35.6762,20.14,91.11,2.59,2.29
20210918,35.6762,24.02,92.37,6.06,41.64
20210919,35.6762,20.83,79.09,5.49,1.31
20210920,35.6762,19.2,80.96,3.44,0.0
20210921,35.6762,20.19,85.0,2.39,0.11
20210922,35.6762,23.0,91.63,4.11,2.27
20210923,35.6762,24.73,74.96,2.85,1.11
20210924,35.6762,22.51,77.89,2.05,0.02
20210925,35.6762,19.95,88.17,4.67,1.49
20210926,35.6762,17.7,87.74,3.12,1.19
20210927,35.6762,18.02,86.85,4.03,0.0
20210928,35.6762,18.58,85.69,3.45,0.0
20210929,35.6762,19.54,87.72,2.51,0.02
20210930,35.6762,21.6,87.3,1.9,4.41
20211001,35.6762,18.57,90.83,9.73,84.73
20211002,35.6762,20.82,81.85,3.02,5.3
20211003,35.6762,19.79,81.18,2.82,2.96
20211004,35.6762,21.3,87.14,3.94,0.0
20211005,35.6762,21.72,84.78,2.83,0.0
20211006,35.6762,20.24,82.23,3.95,0.24
20211007,35.6762,19.61,89.72,2.62,1.51
20211008,35.6762,22.29,87.48,2.98,1.05
20211009,35.6762,20.52,90.81,3.63,0.78
20211010,35.6762,20.1,89.94,2.79,0.7
20211011,35.6762,21.58,87.15,3.82,0.0
20211012,35.6762,19.16,91.66,4.31,0.81
20211013,35.6762,17.43,91.8,4.07,14.06
20211014,35.6762,17.79,86.74,2.49,0.48
20211015,35.6762,19.51,84.1,1.77,0.1
20211016,35.6762,20.5,89.87,3.52,3.04
20211017,35.6762,14.47,85.55,5.77,9.46
20211018,35.6762,10.79,78.75,4.42,0.0
20211019,35.6762,11.85,87.1,3.3,7.17
20211020,35.6762,12.87,73.22,4.94,0.3
20211021,35.6762,12.03,74.56,3.12,0.42
20211022,35.6762,10.34,91.45,4.79,8.37
20211023,35.6762,10.61,75.56,5.2,0.02
20211024,35.6762,11.74,74.03,2.32,0.0
20211025,35.6762,11.97,84.88,4.15,9.12
20211026,35.6762,13.94,87.8,5.0,20.79
20211027,35.6762,13.6,93.82,1.85,3.6
20211028,35.6762,13.32,80.38,3.88,0.31
20211029,35.6762,11.13,78.86,4.96,0.0
20211030,35.6762,12.51,80.65,2.24,0.08
20211031,35.6762,13.54,88.22,1.72,3.54
20211101,35.6762,14.76,87.99,2.23,1.51
20211102,35.6762,14.26,90.13,3.25,0.38
20211103,35.6762,14.77,79.52,2.71,0.14
20211104,35.6762,13.62,77.22,2.46,0.27
20211105,35.6762,12.95,76.98,2.86,0.08
20211106,35.6762,11.82,83.85,2.76,0.39
20211107,35.6762,12.54,89.62,3.41,2.02
20211108,35.6762,13.78,86.47,3.45,1.11
20211109,35.6762,16.29,94.59,3.77,51.76
20211110,35.6762,11.73,76.24,4.97,0.01
20211111,35.6762,10.84,78.67,4.79,0.0
20211112,35.6762,10.1,73.41,4.37,0.01
20211113,35.6762,9.52,68.67,2.5,0.0
20211114,35.6762,10.88,76.01,3.56,0.0
20211115,35.6762,11.55,73.22,2.59,0.0
20211116,35.6762,10.56,88.64,3.23,0.13
20211117,35.6762,10.65,82.97,2.58,0.15
20211118,35.6762,10.32,88.14,1.68,0.0
20211119,35.6762,10.62,76.16,2.02,0.0
20211120,35.6762,10.07,86.06,3.43,0.0
20211121,35.6762,9.89,92.38,1.67,3.8
20211122,35.6762,14.92,95.33,4.4,31.06
20211123,35.6762,8.92,71.19,3.52,0.0
20211124,35.6762,7.38,69.06,4.72,0.0
20211125,35.6762,8.08,76.48,3.96,0.0
20211126,35.6762,9.07,74.2,2.51,0.0
20211127,35.6762,5.46,71.58,4.91,0.0
20211128,35.6762,5.11,76.23,4.32,0.0
20211129,35.6762,5.79,80.96,2.75,0.0
20211130,35.6762,9.46,83.46,4.3,1.97
20211201,35.6762,12.59,76.47,7.37,45.42
20211202,35.6762,6.13,71.7,3.07,0.02
20211203,35.6762,6.35,77.37,4.0,0.06
20211204,35.6762,6.24,77.31,3.95,0.0
20211205,35.6762,4.26,75.23,3.47,0.0
20211206,35.6762,5.68,90.42,3.24,0.4
20211207,35.6762,9.65,95.42,5.58,10.93
20211208,35.6762,7.52,89.66,8.6,24.64
20211209,35.6762,6.49,84.18,4.81,0.17
20211210,35.6762,6.06,83.77,2.16,0.0
20211211,35.6762,8.44,81.33,1.92,0.0
20211212,35.6762,9.84,81.3,3.69,0.0
20211213,35.6762,5.23,73.41,4.96,0.01
20211214,35.6762,3.63,81.29,1.44,2.78
20211215,35.6762,5.51,81.44,2.63,0.0
20211216,35.6762,7.8,78.75,2.58,0.02
20211217,35.6762,8.48,83.44,4.87,19.5
20211218,35.6762,0.58,65.11,5.15,0.05
20211219,35.6762,2.57,67.64,2.66,0.0
20211220,35.6762,4.25,71.56,2.34,0.0
20211221,35.6762,5.8,77.62,2.79,0.0
20211222,35.6762,5.35,76.91,4.6,0.0
20211223,35.6762,4.25,73.48,3.97,0.0
20211224,35.6762,5.78,81.57,2.37,0.19
20211225,35.6762,5.7,81.86,3.9,3.89
20211226,35.6762,-0.21,70.34,4.39,0.07
20211227,35.6762,0.6,65.04,2.92,0.01
20211228,35.6762,0.87,72.47,3.55,0.0
20211229,35.6762,2.88,78.02,2.92,0.0
20211230,35.6762,4.27,79.81,4.6,0.02
20211231,35.6762,0.07,77.55,3.5,0.17
20220101,35.6762,-0.9,67.95,4.91,0.0
20220102,35.6762,0.78,74.95,3.08,0.0
20220103,35.6762,2.89,72.27,2.46,0.0
20220104,35.6762,2.32,75.72,4.53,0.0
20220105,35.6762,0.01,72.71,4.64,0.0
20220106,35.6762,-0.41,83.47,2.51,4.25
20220107,35.6762,0.5,75.98,4.9,0.0
20220108,35.6762,1.98,77.1,2.73,0.0
20220109,35.6762,4.01,77.89,2.83,0.0
20220110,35.6762,3.78,85.8,3.52,0.01
20220111,35.6762,2.42,96.54,2.74,13.11
20220112,35.6762,0.69,67.14,4.69,0.05
20220113,35.6762,1.88,69.39,4.52,0.02
20220114,35.6762,0.3,67.94,4.94,0.0
20220115,35.6762,1.94,71.03,3.45,0.0
20220116,35.6762,3.25,71.67,2.72,0.0
20220117,35.6762,3.2,74.96,2.6,0.0
20220118,35.6762,0.57,67.94,4.77,0.0
20220119,35.6762,1.22,68.89,2.62,0.0
20220120,35.6762,1.09,71.68,4.27,0.0
20220121,35.6762,-0.34,67.58,5.98,0.0
20220122,35.6762,1.07,69.85,2.77,0.0
20220123,35.6762,1.74,77.44,2.08,0.98
20220124,35.6762,2.54,79.43,4.82,0.36
20220125,35.6762,1.39,81.79,2.13,0.52
20220126,35.6762,3.53,82.95,2.42,0.13
20220127,35.6762,3.28,74.26,4.26,0.0
20220128,35.6762,2.26,74.72,3.07,0.0
20220129,35.6762,2.34,73.46,2.58,0.0
20220130,35.6762,2.1,74.5,3.88,0.01
20220131,35.6762,1.45,65.27,4.88,0.0
20220201,35.6762,2.43,68.17,3.18,0.0
20220202,35.6762,2.64,63.79,3.84,0.0
20220203,35.6762,3.07,69.39,2.76,0.0
20220204,35.6762,2.44,74.92,2.41,0.0
20220205,35.6762,0.27,72.17,3.77,0.0
20220206,35.6762,0.01,70.33,2.53,0.0
20220207,35.6762,0.75,69.75,3.34,0.0
20220208,35.6762,2.23,75.75,2.54,0.0
20220209,35.6762,2.29,75.85,3.53,0.0
20220210,35.6762,0.92,94.27,5.4,23.02
20220211,35.6762,0.7,85.82,4.41,1.43
20220212,35.6762,1.89,76.01,2.13,0.0
20220213,35.6762,1.61,88.34,4.06,19.1
20220214,35.6762,0.49,84.15,4.89,4.43
20220215,35.6762,2.14,90.26,3.28,0.14
20220216,35.6762,1.91,73.84,3.97,0.04
20220217,35.6762,0.09,67.09,4.49,0.0
20220218,35.6762,1.81,69.33,5.36,0.07
20220219,35.6762,3.04,88.49,2.04,8.58
20220220,35.6762,4.81,77.47,4.81,10.44
20220221,35.6762,0.18,64.0,5.15,0.0
20220222,35.6762,1.46,67.29,3.16,0.0
20220223,35.6762,1.17,68.08,3.44,0.0
20220224,35.6762,0.36,68.14,4.22,0.0
20220225,35.6762,2.71,66.53,2.74,0.0
20220226,35.6762,4.72,70.25,3.64,0.0
20220227,35.6762,5.39,69.65,5.23,0.0
20220228,35.6762,6.1,64.56,2.31,0.0
20220301,35.6762,7.33,76.71,3.69,0.44
20220302,35.6762,7.58,77.39,3.67,0.42
20220303,35.6762,6.01,73.32,3.11,0.03
20220304,35.6762,4.4,72.77,2.77,0.02
20220305,35.6762,6.82,73.19,4.92,0.1
20220306,35.6762,3.41,62.39,4.72,0.01
20220307,35.6762,4.68,65.85,3.73,0.03
20220308,35.6762,3.8,84.2,4.4,1.49
20220309,35.6762,4.91,81.49,2.42,0.0
20220310,35.6762,6.54,76.78,2.19,0.0
20220311,35.6762,8.31,76.05,4.4,0.0
20220312,35.6762,11.14,69.36,2.56,0.0
20220313,35.6762,11.22,81.93,4.73,0.21
20220314,35.6762,15.45,83.29,4.89,2.2
20220315,35.6762,11.08,77.7,3.37,0.69
20220316,35.6762,10.57,76.45,3.01,0.0
20220317,35.6762,11.35,75.72,2.71,1.4
20220318,35.6762,2.41,92.9,7.09,35.56
20220319,35.6762,6.5,82.13,4.54,11.94
20220320,35.6762,6.38,72.88,4.3,0.15
20220321,35.6762,6.49,73.41,3.22,0.08
20220322,35.6762,1.98,92.16,5.55,17.37
20220323,35.6762,2.67,76.32,3.69,1.2
20220324,35.6762,6.56,76.69,2.84,0.25
20220325,35.6762,9.14,71.95,3.19,0.08
20220326,35.6762,13.83,91.37,8.11,14.65
20220327,35.6762,14.24,80.98,3.99,1.45
20220328,35.6762,10.53,72.41,4.02,0.0
20220329,35.6762,7.87,83.55,2.32,0.81
20220330,35.6762,12.32,89.98,4.17,0.75
20220331,35.6762,13.92,84.23,4.21,8.18
20220401,35.6762,5.69,72.78,6.2,16.07
20220402,35.6762,5.01,72.3,2.86,0.09
20220403,35.6762,5.96,91.63,4.21,23.63
20220404,35.6762,7.56,92.82,6.6,41.94
20220405,35.6762,11.13,80.78,4.97,1.01
20220406,35.6762,13.17,80.46,3.83,0.08
20220407,35.6762,11.77,84.23,3.75,0.05
20220408,35.6762,11.93,73.61,3.13,0.0
20220409,35.6762,13.49,83.65,5.49,0.0
20220410,35.6762,16.17,70.65,2.87,0.0
20220411,35.6762,15.85,84.22,5.08,0.0
20220412,35.6762,16.88,77.16,3.12,0.0
20220413,35.6762,18.59,81.52,3.05,0.19
20220414,35.6762,11.56,91.85,5.52,1.39
20220415,35.6762,9.42,92.49,5.05,17.15
20220416,35.6762,10.59,79.72,4.64,1.01
20220417,35.6762,10.34,85.22,2.33,3.66
20220418,35.6762,13.7,83.83,2.7,17.56
20220419,35.6762,13.29,72.07,3.02,1.8
20220420,35.6762,10.26,93.26,3.26,4.53
20220421,35.6762,13.67,86.5,2.75,16.28
20220422,35.6762,18.74,82.37,3.24,21.59
20220423,35.6762,18.19,75.67,2.61,0.0
20220424,35.6762,15.18,92.48,4.43,8.73
20220425,35.6762,17.44,77.01,2.7,0.03
20220426,35.6762,19.38,91.93,7.92,4.03
20220427,35.6762,21.01,87.36,5.32,4.91
20220428,35.6762,13.37,73.43,4.39,0.01
20220429,35.6762,11.41,89.76,5.2,45.47
20220430,35.6762,10.12,75.21,4.83,0.16
20220501,35.6762,12.1,85.93,3.64,12.34
20220502,35.6762,11.75,75.39,3.62,1.1
20220503,35.6762,12.1,71.59,2.73,0.08
20220504,35.6762,15.44,72.8,4.29,0.0
20220505,35.6762,17.24,78.9,3.02,0.0
20220506,35.6762,16.45,84.17,3.3,0.1
20220507,35.6762,16.98,83.22,2.17,2.63
20220508,35.6762,15.44,74.45,3.68,0.27
20220509,35.6762,11.42,90.19,4.37,11.42
20220510,35.6762,14.05,75.39,3.76,1.7
20220511,35.6762,15.28,78.27,2.29,0.02
20220512,35.6762,17.93,88.75,3.02,6.46
20220513,35.6762,18.52,95.09,3.28,40.76
20220514,35.6762,20.29,85.86,4.66,28.61
20220515,35.6762,15.76,75.03,3.6,0.55
20220516,35.6762,14.07,89.2,3.09,8.37
20220517,35.6762,15.12,84.82,1.43,0.69
20220518,35.6762,16.21,81.17,2.38,0.0
20220519,35.6762,17.72,81.26,3.87,0.0
20220520,35.6762,18.7,82.89,2.93,0.23
20220521,35.6762,16.9,91.13,2.79,8.47
20220522,35.6762,17.36,82.45,3.04,3.85
20220523,35.6762,18.51,80.56,2.96,2.54
20220524,35.6762,18.1,84.85,3.82,0.0
20220525,35.6762,18.86,84.68,3.53,0.01
20220526,35.6762,18.62,86.08,3.7,0.59
20220527,35.6762,19.69,87.97,5.7,32.65
20220528,35.6762,20.34,64.03,1.93,0.3
20220529,35.6762,21.94,62.12,2.73,0.0
20220530,35.6762,20.33,77.1,3.86,1.94
20220531,35.6762,18.97,87.84,2.74,10.9
20220601,35.6762,18.58,76.92,2.6,0.1
20220602,35.6762,19.82,84.64,4.4,0.85
20220603,35.6762,19.47,82.96,2.51,4.76
20220604,35.6762,18.12,80.16,3.17,0.06
20220605,35.6762,19.44,84.32,2.82,0.74
20220606,35.6762,16.28,93.94,6.42,46.56
20220607,35.6762,16.7,86.7,4.22,5.41
20220608,35.6762,16.47,86.93,2.84,2.81
20220609,35.6762,17.66,86.13,2.29,1.71
20220610,35.6762,19.34,85.02,2.26,3.26
20220611,35.6762,19.55,89.83,2.59,5.67
20220612,35.6762,19.35,80.7,4.0,5.68
20220613,35.6762,18.2,73.75,3.36,0.38
20220614,35.6762,16.24,88.4,4.37,5.57
20220615,35.6762,16.71,91.44,3.01,10.47
20220616,35.6762,20.2,86.96,3.15,0.02
20220617,35.6762,21.62,85.23,3.0,0.06
20220618,35.6762,20.94,91.36,3.17,5.73
20220619,35.6762,22.93,83.36,3.48,0.17
20220620,35.6762,24.18,83.7,2.62,0.6
20220621,35.6762,22.99,90.14,2.72,8.21
20220622,35.6762,22.52,90.2,2.56,21.61
20220623,35.6762,22.79,87.91,2.72,1.08
20220624,35.6762,24.88,87.05,8.15,0.1
20220625,35.6762,26.42,83.21,6.8,0.11
20220626,35.6762,25.66,80.39,5.24,0.05
20220627,35.6762,27.11,75.75,1.85,0.07
20220628,35.6762,27.11,78.28,2.84,0.0
20220629,35.6762,27.67,76.18,3.22,0.0
20220630,35.6762,28.04,75.31,2.34,0.09
20220701,35.6762,27.4,81.01,2.76,0.03
20220702,35.6762,26.74,83.41,3.09,0.0
20220703,35.6762,26.51,80.02,3.02,0.56
20220704,35.6762,24.58,90.07,3.97,4.42
20220705,35.6762,23.74,91.67,3.45,11.71
20220706,35.6762,24.28,87.5,4.51,1.94
20220707,35.6762,23.56,85.57,3.65,0.13
20220708,35.6762,22.53,83.55,2.7,0.2
20220709,35.6762,24.1,81.55,2.59,1.92
20220710,35.6762,24.4,87.58,4.29,0.59
20220711,35.6762,25.5,82.66,1.92,0.34
20220712,35.6762,24.41,89.37,2.8,16.97
20220713,35.6762,24.35,90.02,2.61,27.3
20220714,35.6762,23.37,90.03,2.51,22.35
20220715,35.6762,23.16,94.19,3.03,30.57
20220716,35.6762,23.57,90.81,5.14,21.18
20220717,35.6762,25.45,90.08,5.45,8.7
20220718,35.6762,25.87,82.85,2.85,0.05
20220719,35.6762,25.56,90.26,7.29,21.9
20220720,35.6762,26.97,76.52,3.39,0.0
20220721,35.6762,25.64,83.8,3.05,0.21
20220722,35.6762,26.54,88.32,6.2,3.73
20220723,35.6762,26.8,81.44,2.42,0.44
20220724,35.6762,25.58,80.79,3.91,0.05
20220725,35.6762,26.49,85.69,4.4,1.58
20220726,35.6762,26.05,90.65,6.23,19.31
20220727,35.6762,26.46,88.52,6.56,2.15
20220728,35.6762,26.39,88.37,4.52,12.94
20220729,35.6762,27.01,85.78,4.49,8.01
20220730,35.6762,27.78,82.45,2.96,0.23
20220731,35.6762,28.35,81.89,1.91,0.33
20220801,35.6762,28.03,84.03,2.3,7.05
20220802,35.6762,29.31,79.84,1.53,2.76
20220803,35.6762,29.56,78.99,1.71,0.52
20220804,35.6762,25.95,89.57,2.27,22.16
20220805,35.6762,23.04,87.84,3.98,1.59
20220806,35.6762,23.74,86.45,2.54,0.26
20220807,35.6762,25.74,87.37,2.81,0.95
20220808,35.6762,27.0,87.11,5.98,1.56
20220809,35.6762,27.47,86.13,7.45,0.12
20220810,35.6762,27.53,85.23,7.1,0.21
20220811,35.6762,26.56,88.34,6.65,5.61
20220812,35.6762,26.2,88.81,7.53,26.32
20220813,35.6762,25.96,92.6,7.22,59.88
20220814,35.6762,27.19,89.76,4.6,7.66
20220815,35.6762,27.81,82.74,2.51,0.01
20220816,35.6762,28.27,85.8,6.22,2.0
20220817,35.6762,26.76,83.89,2.8,5.84
20220818,35.6762,25.66,89.18,4.71,9.74
20220819,35.6762,24.71,78.02,2.63,0.01
20220820,35.6762,25.02,87.01,2.38,3.58
20220821,35.6762,25.25,91.86,2.79,2.95
20220822,35.6762,24.9,88.33,2.76,0.09
20220823,35.6762,26.24,90.11,4.15,0.07
20220824,35.6762,26.02,85.05,3.72,5.82
20220825,35.6762,24.25,86.34,3.17,1.14
20220826,35.6762,26.42,91.39,3.55,2.67
20220827,35.6762,26.6,86.56,3.87,1.9
20220828,35.6762,22.6,88.49,3.86,8.78
20220829,35.6762,21.3,80.97,3.41,1.07
20220830,35.6762,22.77,89.04,2.5,3.99
20220831,35.6762,25.99,88.57,5.54,3.94
20220901,35.6762,26.85,88.92,6.46,21.16
20220902,35.6762,23.03,90.3,4.08,14.56
20220903,35.6762,23.4,86.53,2.14,0.47
20220904,35.6762,24.49,87.13,1.98,0.12
20220905,35.6762,24.81,87.72,1.95,0.28
20220906,35.6762,25.26,87.88,4.98,0.54
20220907,35.6762,26.49,89.17,3.3,10.5
20220908,35.6762,22.93,91.91,4.17,10.02
20220909,35.6762,23.6,87.97,3.04,0.85
20220910,35.6762,22.7,81.79,4.04,1.57
20220911,35.6762,21.9,84.22,4.7,0.01
20220912,35.6762,23.19,85.79,4.23,0.45
20220913,35.6762,24.33,87.3,2.67,1.71
20220914,35.6762,24.16,83.77,3.52,0.0
20220915,35.6762,21.04,82.62,2.81,0.0
20220916,35.6762,22.25,80.35,1.96,0.0
20220917,35.6762,23.67,85.96,2.37,0.96
20220918,35.6762,25.19,94.03,4.47,61.41
20220919,35.6762,25.97,90.15,7.68,22.85
20220920,35.6762,22.09,84.84,8.1,19.32
20220921,35.6762,17.29,84.05,4.21,0.98
20220922,35.6762,17.69,84.72,4.61,1.42
20220923,35.6762,20.95,93.25,3.28,34.1
20220924,35.6762,24.16,92.79,4.79,62.26
20220925,35.6762,19.96,78.86,3.46,0.01
20220926,35.6762,21.56,82.92,1.6,0.0
20220927,35.6762,21.26,86.1,2.59,0.06
20220928,35.6762,19.64,80.6,3.34,0.31
20220929,35.6762,19.85,87.58,1.55,3.78
20220930,35.6762,19.93,85.09,3.26,0.23
20221001,35.6762,19.96,81.52,3.69,0.06
20221002,35.6762,20.12,73.08,2.67,0.0
20221003,35.6762,19.49,86.68,2.01,0.0
20221004,35.6762,21.57,87.11,6.02,0.02
20221005,35.6762,18.23,90.36,4.99,14.38
20221006,35.6762,12.19,90.22,5.33,11.44
20221007,35.6762,11.31,92.92,5.04,45.06
20221008,35.6762,15.28,83.21,2.98,0.37
20221009,35.6762,15.66,88.39,4.5,10.23
20221010,35.6762,19.79,93.37,5.52,8.54
20221011,35.6762,17.37,75.83,3.47,0.0
20221012,35.6762,15.02,84.08,3.65,0.67
20221013,35.6762,14.05,91.02,5.49,7.08
20221014,35.6762,16.39,92.51,5.29,6.37
20221015,35.6762,18.03,90.11,3.44,0.47
20221016,35.6762,18.35,89.77,2.56,0.13
20221017,35.6762,19.89,93.07,2.3,2.43
20221018,35.6762,15.51,89.69,3.91,5.86
20221019,35.6762,12.69,79.24,4.0,0.4
20221020,35.6762,12.54,71.74,2.97,0.0
20221021,35.6762,14.28,81.12,4.1,0.0
20221022,35.6762,16.22,83.83,3.58,0.0
20221023,35.6762,16.87,82.67,2.85,0.69
20221024,35.6762,11.54,86.81,5.26,4.51
20221025,35.6762,10.08,80.2,5.8,1.82
20221026,35.6762,10.64,76.98,5.78,0.67
20221027,35.6762,11.03,78.15,1.57,0.0
20221028,35.6762,12.9,79.57,1.89,0.0
20221029,35.6762,12.63,79.35,3.8,0.0
20221030,35.6762,11.82,76.08,2.55,0.0
20221031,35.6762,11.82,80.55,3.39,0.01
20221101,35.6762,11.58,94.35,2.97,0.58
20221102,35.6762,14.59,82.31,2.46,0.02
20221103,35.6762,14.81,82.31,3.92,0.0
20221104,35.6762,14.0,79.18,3.87,0.01
20221105,35.6762,11.82,76.8,2.81,0.0
20221106,35.6762,11.19,77.63,3.1,0.0
20221107,35.6762,10.43,88.37,2.21,0.49
20221108,35.6762,11.68,79.56,3.81,0.01
20221109,35.6762,11.27,79.09,2.17,0.0
20221110,35.6762,12.38,80.58,3.19,0.09
20221111,35.6762,12.85,82.55,3.15,0.0
20221112,35.6762,13.81,89.84,2.52,0.24
20221113,35.6762,16.1,93.58,5.04,2.71
20221114,35.6762,11.56,77.71,4.97,0.07
20221115,35.6762,9.59,91.74,2.8,5.08
20221116,35.6762,9.88,73.12,2.93,0.05
20221117,35.6762,9.32,79.21,2.76,0.05
20221118,35.6762,10.19,84.26,2.23,0.0
20221119,35.6762,9.84,78.88,3.71,0.0
20221120,35.6762,8.8,91.48,4.48,5.84
20221121,35.6762,11.9,90.66,3.42,10.58
20221122,35.6762,13.04,84.92,3.38,0.77
20221123,35.6762,9.35,95.02,5.47,45.32
20221124,35.6762,11.23,80.88,4.74,0.22
20221125,35.6762,10.79,80.19,2.77,0.23
20221126,35.6762,12.95,94.97,3.24,6.29
20221127,35.6762,10.33,81.51,4.24,0.0
20221128,35.6762,9.36,86.56,1.8,0.45
20221129,35.6762,16.74,87.97,7.78,15.33
20221130,35.6762,14.75,83.03,4.48,6.23
20221201,35.6762,8.36,81.17,2.98,0.16
20221202,35.6762,6.57,79.48,3.74,0.0
20221203,35.6762,6.54,83.0,2.8,0.02
20221204,35.6762,8.37,77.01,3.53,0.0
20221205,35.6762,5.65,83.7,3.77,10.83
20221206,35.6762,5.38,87.2,3.14,6.78
20221207,35.6762,6.33,71.42,2.37,0.0
20221208,35.6762,6.71,74.91,2.73,0.0
20221209,35.6762,6.76,75.88,2.32,0.0
20221210,35.6762,8.21,77.59,2.38,0.05
20221211,35.6762,7.45,85.65,3.69,0.61
20221212,35.6762,5.05,79.47,3.41,0.29
20221213,35.6762,5.14,90.56,3.12,4.39
20221214,35.6762,4.77,69.96,5.14,0.0
20221215,35.6762,4.05,62.81,2.48,0.0
20221216,35.6762,5.15,71.2,3.33,0.0
20221217,35.6762,3.91,86.43,2.46,5.32
20221218,35.6762,2.25,71.28,4.47,0.26
20221219,35.6762,1.18,68.87,4.25,0.0
20221220,35.6762,3.24,64.72,2.24,0.0
20221221,35.6762,3.51,78.21,2.64,0.82
20221222,35.6762,4.1,91.45,4.22,20.34
20221223,35.6762,0.46,61.96,8.02,0.01
20221224,35.6762,2.09,70.47,5.59,0.1
20221225,35.6762,2.9,72.51,4.19,0.0
20221226,35.6762,2.21,73.12,4.65,0.0
20221227,35.6762,2.9,77.13,4.18,0.0
20221228,35.6762,4.37,79.15,2.55,0.0
20221229,35.6762,4.46,72.27,3.06,0.0
20221230,35.6762,3.48,73.8,2.45,0.0
20221231,35.6762,3.67,72.73,2.27,0.0
20230101,35.6762,4.34,71.61,2.48,0.0
20230102,35.6762,2.95,74.73,3.34,0.0
20230103,35.6762,2.05,66.52,3.05,0.0
20230104,35.6762,2.3,69.64,3.04,0.0
20230105,35.6762,1.26,68.56,3.89,0.0
20230106,35.6762,2.88,70.36,2.58,0.03
20230107,35.6762,3.31,75.53,1.88,0.04
20230108,35.6762,4.02,77.72,2.57,0.0
20230109,35.6762,5.11,76.49,2.84,0.0
20230110,35.6762,1.94,69.7,6.4,0.0
20230111,35.6762,2.88,67.83,2.54,0.0
20230112,35.6762,4.71,67.61,2.35,0.0
20230113,35.6762,6.57,82.2,3.09,0.08
20230114,35.6762,11.44,96.26,3.72,7.33
20230115,35.6762,7.88,88.15,3.48,3.07
20230116,35.6762,4.21,91.3,4.12,4.62
20230117,35.6762,2.37,75.89,2.6,0.37
20230118,35.6762,4.87,81.25,3.45,0.17
20230119,35.6762,3.57,79.51,2.46,0.15
20230120,35.6762,4.76,73.67,2.97,0.17
20230121,35.6762,1.21,69.62,5.08,0.01
20230122,35.6762,1.68,75.82,2.2,0.0
20230123,35.6762,1.78,90.13,2.42,0.37
20230124,35.6762,3.21,75.74,4.92,1.3
20230125,35.6762,-3.43,57.08,6.34,0.03
20230126,35.6762,0.3,64.02,2.77,0.0
20230127,35.6762,1.25,84.81,2.43,2.2
20230128,35.6762,0.29,70.13,3.74,0.01
20230129,35.6762,0.62,73.46,2.54,0.0
20230130,35.6762,1.48,74.53,4.38,0.0
20230131,35.6762,0.72,70.8,3.64,0.13
20230201,35.6762,3.3,78.18,5.13,0.0
20230202,35.6762,2.02,71.27,4.76,0.0
20230203,35.6762,1.31,76.91,3.72,0.01
20230204,35.6762,2.53,81.38,2.68,0.06
20230205,35.6762,3.68,76.71,2.45,0.0
20230206,35.6762,4.62,71.99,2.44,0.0
20230207,35.6762,6.68,82.34,3.34,0.07
20230208,35.6762,5.49,82.68,3.31,0.47
20230209,35.6762,2.33,71.79,5.35,0.0
20230210,35.6762,-0.14,91.94,4.65,27.7
20230211,35.6762,3.72,83.35,4.89,0.15
20230212,35.6762,6.99,92.6,2.85,0.05
20230213,35.6762,5.37,92.18,4.84,13.43
20230214,35.6762,2.18,71.05,5.91,1.39
20230215,35.6762,-0.25,68.48,6.19,0.04
20230216,35.6762,1.42,71.63,2.86,0.0
20230217,35.6762,3.6,70.61,1.99,0.0
20230218,35.6762,6.57,77.88,2.78,0.17
20230219,35.6762,11.64,85.02,6.59,3.41
20230220,35.6762,6.08,70.35,3.09,0.41
20230221,35.6762,0.85,65.78,6.03,0.18
20230222,35.6762,2.25,74.16,3.58,0.01
20230223,35.6762,6.49,79.66,3.28,0.71
20230224,35.6762,6.53,80.73,2.02,1.05
20230225,35.6762,4.51,70.92,5.85,0.22
20230226,35.6762,2.25,65.06,6.07,0.0
20230227,35.6762,5.05,69.47,4.05,0.0
20230228,35.6762,7.59,75.88,5.94,0.0
20230301,35.6762,10.1,78.44,5.14,0.28
20230302,35.6762,10.16,69.76,7.46,2.35
20230303,35.6762,4.93,69.85,2.96,0.03
20230304,35.6762,7.13,72.97,3.32,0.1
20230305,35.6762,5.56,82.04,3.68,4.78
20230306,35.6762,7.15,87.45,3.14,2.69
20230307,35.6762,9.86,74.92,1.78,0.0
20230308,35.6762,11.1,64.69,3.63,0.0
20230309,35.6762,12.89,70.84,4.03,0.02
20230310,35.6762,13.7,77.95,4.93,1.24
20230311,35.6762,11.03,66.17,2.33,0.0
20230312,35.6762,11.19,82.26,2.97,0.14
20230313,35.6762,11.09,83.3,5.7,8.9
20230314,35.6762,6.93,71.03,3.51,0.0
20230315,35.6762,9.17,83.33,2.75,0.0
20230316,35.6762,12.12,80.83,3.4,0.0
20230317,35.6762,10.38,82.5,3.58,6.31
20230318,35.6762,5.18,92.55,5.34,28.81
20230319,35.6762,7.19,71.82,3.13,0.19
20230320,35.6762,10.19,75.0,4.11,0.0
20230321,35.6762,11.74,85.84,2.82,0.24
20230322,35.6762,14.48,81.62,2.66,0.04
20230323,35.6762,15.7,94.77,4.31,16.73
20230324,35.6762,17.5,84.9,5.13,11.14
20230325,35.6762,8.9,90.98,5.91,20.0
20230326,35.6762,9.89,93.71,4.01,24.54
20230327,35.6762,9.2,76.56,4.25,0.06
20230328,35.6762,7.61,86.01,4.03,1.98
20230329,35.6762,10.15,82.84,2.72,2.47
20230330,35.6762,11.6,84.02,2.53,0.5
20230331,35.6762,13.15,83.95,3.25,0.05
20230401,35.6762,12.99,74.02,3.84,0.19
20230402,35.6762,11.25,82.37,5.11,0.93
20230403,35.6762,9.74,79.03,4.99,0.0
20230404,35.6762,11.04,73.89,2.68,0.0
20230405,35.6762,13.04,77.42,5.12,0.01
20230406,35.6762,15.52,82.41,8.45,1.05
20230407,35.6762,17.0,88.11,10.74,14.56
20230408,35.6762,13.56,70.97,3.63,1.09
20230409,35.6762,8.87,59.28,3.35,0.0
20230410,35.6762,11.27,71.13,5.13,0.0
20230411,35.6762,14.97,78.47,6.97,0.0
20230412,35.6762,15.41,83.09,7.46,0.27
20230413,35.6762,11.8,68.03,3.59,0.0
20230414,35.6762,14.71,76.55,5.36,0.03
20230415,35.6762,12.82,88.54,4.05,36.9
20230416,35.6762,15.77,75.2,2.94,5.97
20230417,35.6762,11.99,68.81,4.56,0.16
20230418,35.6762,11.85,74.71,3.12,0.22
20230419,35.6762,17.43,81.25,3.33,0.08
20230420,35.6762,17.3,82.02,4.84,0.0
20230421,35.6762,18.09,77.68,4.1,0.01
20230422,35.6762,12.89,60.11,4.63,0.0
20230423,35.6762,11.42,61.44,3.33,0.0
20230424,35.6762,10.31,57.8,3.68,0.0
20230425,35.6762,11.34,73.6,3.51,0.13
20230426,35.6762,15.15,90.34,6.66,35.11
20230427,35.6762,13.88,69.82,3.87,0.0
20230428,35.6762,15.64,80.53,5.12,0.02
20230429,35.6762,16.39,83.64,7.35,2.02
20230430,35.6762,19.25,88.6,6.2,20.06
20230501,35.6762,15.12,72.6,3.39,0.9
20230502,35.6762,13.49,63.78,4.71,0.36
20230503,35.6762,15.6,75.1,3.32,0.0
20230504,35.6762,17.81,76.96,3.86,0.0
20230505,35.6762,17.65,79.46,7.15,0.0
20230506,35.6762,19.71,78.7,10.73,0.04
20230507,35.6762,19.2,92.49,7.57,43.38
20230508,35.6762,16.15,78.91,7.66,37.07
20230509,35.6762,12.11,69.65,3.88,0.0
20230510,35.6762,15.22,72.39,2.77,0.0
20230511,35.6762,14.94,73.14,2.73,3.64
20230512,35.6762,14.32,79.83,3.25,1.22
20230513,35.6762,15.7,85.95,4.54,13.73
20230514,35.6762,15.34,84.69,4.14,7.93
20230515,35.6762,14.41,89.32,3.19,18.46
20230516,35.6762,18.0,68.58,2.73,0.0
20230517,35.6762,21.3,64.35,2.46,0.0
20230518,35.6762,22.67,63.51,4.07,0.0
20230519,35.6762,17.97,86.1,4.65,25.31
20230520,35.6762,18.18,88.37,5.07,7.19
20230521,35.6762,19.15,87.23,2.71,0.02
20230522,35.6762,20.83,83.59,3.0,3.11
20230523,35.6762,14.06,88.43,4.46,22.26
20230524,35.6762,15.38,69.42,4.88,0.24
20230525,35.6762,14.79,82.48,2.78,0.0
20230526,35.6762,17.12,81.84,3.76,0.0
20230527,35.6762,18.81,82.56,3.19,0.0
20230528,35.6762,18.82,82.5,5.63,0.12
20230529,35.6762,21.03,92.36,3.11,18.73
20230530,35.6762,20.33,86.12,2.45,8.85
20230531,35.6762,17.83,83.18,3.45,5.63
20230601,35.6762,18.76,85.26,3.9,8.5
20230602,35.6762,20.66,94.42,9.62,186.69
20230603,35.6762,19.22,82.65,5.37,54.12
20230604,35.6762,19.04,77.37,3.45,0.0
20230605,35.6762,20.61,69.0,2.42,0.0
20230606,35.6762,18.61,84.37,4.16,6.89
20230607,35.6762,20.46,82.67,3.16,5.58
20230608,35.6762,20.67,87.1,2.84,21.6
20230609,35.6762,21.25,94.34,6.27,35.45
20230610,35.6762,21.05,90.3,2.57,0.69
20230611,35.6762,20.69,92.89,2.02,17.37
20230612,35.6762,21.21,92.74,2.26,14.87
20230613,35.6762,22.67,87.77,3.26,6.21
20230614,35.6762,21.64,89.18,2.57,6.44
20230615,35.6762,20.74,92.65,2.4,20.06
20230616,35.6762,22.06,79.45,2.79,8.72
20230617,35.6762,22.48,75.99,3.37,0.0
20230618,35.6762,23.78,77.27,3.02,0.0
20230619,35.6762,21.23,85.48,4.49,0.03
20230620,35.6762,19.74,83.56,2.6,0.0
20230621,35.6762,20.6,79.82,2.46,0.04
20230622,35.6762,19.3,87.16,2.82,24.34
20230623,35.6762,20.84,89.4,2.7,3.83
20230624,35.6762,22.54,88.15,2.19,0.52
20230625,35.6762,23.46,86.24,1.98,0.0
20230626,35.6762,23.84,86.42,2.22,0.0
20230627,35.6762,24.09,89.37,2.58,0.06
20230628,35.6762,25.0,87.96,2.88,1.86
20230629,35.6762,26.69,80.54,2.33,4.01
20230630,35.6762,25.07,88.68,5.65,7.07
20230701,35.6762,25.17,90.15,6.63,19.87
20230702,35.6762,25.01,81.78,2.43,10.23
20230703,35.6762,25.26,85.83,1.8,2.42
20230704,35.6762,24.0,86.38,2.7,11.26
20230705,35.6762,22.89,89.59,4.91,5.47
20230706,35.6762,26.22,77.35,3.13,3.95
20230707,35.6762,25.85,76.41,3.29,0.26
20230708,35.6762,25.8,90.22,6.96,1.75
20230709,35.6762,26.63,90.42,6.72,1.53
20230710,35.6762,27.86,84.24,5.03,1.1
20230711,35.6762,28.0,83.0,2.3,0.61
20230712,35.6762,26.78,84.55,3.59,1.81
20230713,35.6762,25.63,89.86,4.07,1.82
20230714,35.6762,26.12,86.4,2.85,0.84
20230715,35.6762,26.06,85.74,6.06,0.09
20230716,35.6762,28.49,78.11,3.71,0.13
20230717,35.6762,28.35,78.5,2.43,0.06
20230718,35.6762,28.78,76.2,2.03,0.01
20230719,35.6762,27.58,79.85,3.64,0.08
20230720,35.6762,25.17,84.83,2.93,0.67
20230721,35.6762,24.74,84.14,2.65,0.44
20230722,35.6762,24.89,83.03,2.52,0.18
20230723,35.6762,24.85,81.2,2.33,0.0
20230724,35.6762,25.62,82.65,3.39,0.0
20230725,35.6762,26.59,78.62,2.57,0.0
20230726,35.6762,27.55,76.76,2.32,0.51
20230727,35.6762,27.54,81.66,2.61,1.43
20230728,35.6762,27.3,82.39,3.32,0.02
20230729,35.6762,27.23,81.15,4.09,0.0
20230730,35.6762,27.9,79.95,4.34,0.0
20230731,35.6762,27.32,84.29,5.08,2.5
20230801,35.6762,27.01,81.52,2.27,9.5
20230802,35.6762,26.83,81.91,4.04,1.26
20230803,35.6762,27.35,80.92,5.27,0.05
20230804,35.6762,28.4,75.97,3.72,0.21
20230805,35.6762,27.7,81.67,4.58,0.7
20230806,35.6762,27.02,85.37,4.34,13.22
20230807,35.6762,26.74,84.28,3.37,4.16
20230808,35.6762,27.53,82.71,2.4,5.07
20230809,35.6762,26.72,91.52,3.45,20.6
20230810,35.6762,26.88,83.48,3.53,0.87
20230811,35.6762,26.87,81.98,3.54,0.11
20230812,35.6762,27.48,79.54,2.34,0.34
20230813,35.6762,27.09,86.12,3.24,19.77
20230814,35.6762,27.34,87.63,4.16,23.08
20230815,35.6762,26.61,90.19,5.17,18.43
20230816,35.6762,26.65,87.21,6.1,8.34
20230817,35.6762,27.58,83.82,4.9,0.81
20230818,35.6762,27.55,82.03,3.62,0.07
20230819,35.6762,27.93,83.02,2.1,2.81
20230820,35.6762,28.52,76.54,1.87,0.02
20230821,35.6762,28.08,80.52,2.04,1.32
20230822,35.6762,27.28,88.07,2.24,12.69
20230823,35.6762,26.88,90.53,3.55,11.08
20230824,35.6762,26.81,86.48,4.53,1.17
20230825,35.6762,27.03,80.89,3.75,0.23
20230826,35.6762,26.81,82.43,2.24,5.11
20230827,35.6762,25.52,85.62,2.87,0.86
20230828,35.6762,27.14,81.25,2.89,0.05
20230829,35.6762,27.36,79.94,4.26,0.0
20230830,35.6762,26.61,85.04,4.44,0.0
20230831,35.6762,26.38,80.7,4.89,0.0
20230901,35.6762,26.54,80.26,4.97,0.2
20230902,35.6762,27.43,79.22,2.81,2.85
20230903,35.6762,27.16,80.86,3.62,1.35
20230904,35.6762,26.57,88.35,3.94,25.64
20230905,35.6762,27.44,84.6,5.41,2.38
20230906,35.6762,25.97,83.54,4.07,7.84
20230907,35.6762,23.93,81.18,3.39,9.39
20230908,35.6762,23.32,94.16,4.32,92.73
20230909,35.6762,25.4,91.32,3.81,5.3
20230910,35.6762,25.61,88.23,3.82,0.07
20230911,35.6762,24.99,90.16,2.28,0.29
20230912,35.6762,25.26,84.6,2.24,0.02
20230913,35.6762,25.46,79.53,1.69,0.0
20230914,35.6762,25.8,84.11,3.41,0.14
20230915,35.6762,26.67,86.64,2.04,5.33
20230916,35.6762,26.93,87.95,2.13,0.91
20230917,35.6762,26.85,86.84,4.15,0.21
20230918,35.6762,26.44,84.34,5.6,0.07
20230919,35.6762,26.32,82.63,4.44,0.13
20230920,35.6762,26.73,80.03,1.43,1.39
20230921,35.6762,25.51,88.91,6.59,3.82
20230922,35.6762,25.39,85.92,2.92,29.46
20230923,35.6762,21.08,89.7,3.96,44.24
20230924,35.6762,19.85,80.99,5.31,0.2
20230925,35.6762,19.64,83.86,3.91,0.0
20230926,35.6762,22.15,83.11,1.96,0.0
20230927,35.6762,24.37,84.94,2.0,0.0
20230928,35.6762,25.88,83.46,3.03,0.01
20230929,35.6762,23.76,85.41,2.64,0.36
20230930,35.6762,24.23,85.44,3.4,0.97
20231001,35.6762,24.87,87.98,3.89,6.1
20231002,35.6762,20.2,75.46,3.6,0.01
20231003,35.6762,19.39,74.08,2.66,0.24
20231004,35.6762,18.97,90.48,2.16,26.88
20231005,35.6762,18.37,77.54,3.71,0.06
20231006,35.6762,16.38,66.16,4.7,0.0
20231007,35.6762,16.23,69.28,4.68,0.01
20231008,35.6762,15.66,78.18,3.23,3.49
20231009,35.6762,15.63,94.08,4.96,30.79
20231010,35.6762,19.07,83.55,2.66,13.11
20231011,35.6762,16.66,77.31,3.99,0.0
20231012,35.6762,16.14,80.11,3.13,0.01
20231013,35.6762,15.53,74.28,3.16,0.01
20231014,35.6762,16.52,77.4,3.23,2.4
20231015,35.6762,15.71,87.84,4.17,44.4
20231016,35.6762,17.06,74.6,2.34,0.0
20231017,35.6762,16.81,73.97,2.71,0.0
20231018,35.6762,16.48,76.43,2.37,0.0
20231019,35.6762,17.46,83.35,3.84,0.0
20231020,35.6762,18.52,87.15,6.04,0.57
20231021,35.6762,15.27,71.84,3.55,0.05
20231022,35.6762,12.58,73.66,3.05,0.0
20231023,35.6762,14.74,64.83,1.79,0.0
20231024,35.6762,15.35,77.25,2.22,0.0
20231025,35.6762,15.19,84.32,2.29,2.09
20231026,35.6762,16.16,73.7,2.41,0.59
20231027,35.6762,16.05,77.35,2.22,0.1
20231028,35.6762,14.82,81.51,2.41,0.94
20231029,35.6762,13.54,78.29,4.56,1.39
20231030,35.6762,14.51,76.13,2.68,0.0
20231031,35.6762,14.97,90.39,1.86,0.21
20231101,35.6762,15.64,84.69,2.51,0.0
20231102,35.6762,16.32,70.41,2.24,0.0
20231103,35.6762,16.61,80.19,2.92,0.0
20231104,35.6762,17.58,84.92,3.21,0.0
20231105,35.6762,17.3,90.09,2.26,0.06
20231106,35.6762,19.62,89.48,6.1,4.95
20231107,35.6762,19.28,80.48,7.48,11.49
20231108,35.6762,13.71,76.42,3.23,0.0
20231109,35.6762,13.72,83.98,2.15,0.03
20231110,35.6762,15.96,92.29,2.58,4.72
20231111,35.6762,11.01,72.56,5.79,0.03
20231112,35.6762,8.36,88.28,2.1,1.08
20231113,35.6762,7.62,74.6,4.78,0.1
20231114,35.6762,9.11,68.4,2.96,0.01
20231115,35.6762,8.94,84.66,3.15,0.34
20231116,35.6762,10.32,84.11,2.41,0.8
20231117,35.6762,12.83,93.55,4.38,39.54
20231118,35.6762,8.13,68.46,6.27,0.03
20231119,35.6762,10.02,72.79,3.02,0.0
20231120,35.6762,8.58,74.14,4.8,0.0
20231121,35.6762,9.01,80.31,3.23,0.0
20231122,35.6762,11.52,86.16,3.18,0.03
20231123,35.6762,13.53,89.46,4.18,0.81
20231124,35.6762,12.59,75.85,5.04,0.0
20231125,35.6762,6.36,71.07,4.26,0.0
20231126,35.6762,6.48,85.1,1.68,0.47
20231127,35.6762,10.21,87.87,2.43,0.03
20231128,35.6762,11.17,75.85,5.15,0.56
20231129,35.6762,7.89,67.64,3.96,0.0
20231130,35.6762,7.85,69.72,4.53,0.0
20231201,35.6762,5.08,76.93,2.57,0.0
20231202,35.6762,5.74,76.43,2.5,0.0
20231203,35.6762,6.01,73.08,3.86,0.0
20231204,35.6762,6.63,69.76,2.42,0.0
20231205,35.6762,5.31,81.03,2.22,0.28
20231206,35.6762,9.42,84.14,3.13,0.59
20231207,35.6762,9.79,73.26,5.34,0.09
20231208,35.6762,8.44,71.13,2.74,0.0
20231209,35.6762,9.47,79.43,2.83,0.0
20231210,35.6762,11.32,74.72,2.51,0.0
20231211,35.6762,10.05,83.54,3.23,0.39
20231212,35.6762,10.36,91.74,3.89,12.68
20231213,35.6762,7.73,71.94,3.31,0.01
20231214,35.6762,9.34,76.72,1.71,0.0
20231215,35.6762,12.08,92.83,4.87,4.99
20231216,35.6762,17.47,83.32,6.63,0.74
20231217,35.6762,5.98,56.24,5.67,0.0
20231218,35.6762,3.15,67.84,3.31,0.0
20231219,35.6762,4.93,74.73,1.85,0.02
20231220,35.6762,5.9,72.55,2.22,0.03
20231221,35.6762,2.86,64.05,5.64,0.0
20231222,35.6762,1.36,66.13,4.43,0.0
20231223,35.6762,2.58,61.34,2.35,0.0
20231224,35.6762,3.16,75.05,2.43,0.0
20231225,35.6762,3.99,71.0,2.6,0.0
20231226,35.6762,4.81,69.34,3.14,0.0
20231227,35.6762,5.14,73.75,3.29,0.0
20231228,35.6762,4.21,77.43,2.12,0.0
20231229,35.6762,6.11,78.95,2.59,0.0
20231230,35.6762,6.36,81.58,2.59,0.0
20231231,35.6762,8.02,89.09,2.94,4.75
20240101,35.6762,5.26,69.6,6.57,0.0
20240102,35.6762,3.74,87.32,2.06,0.81
20240103,35.6762,5.77,80.1,1.94,0.54
20240104,35.6762,5.91,76.41,5.55,0.11
20240105,35.6762,5.75,72.13,2.88,0.0
20240106,35.6762,7.04,77.82,3.66,0.0
20240107,35.6762,4.8,69.63,3.68,0.0
20240108,35.6762,1.87,66.27,4.22,0.0
20240109,35.6762,3.18,69.89,2.93,0.0
20240110,35.6762,4.79,73.87,3.31,0.01
20240111,35.6762,1.79,68.75,4.62,0.03
20240112,35.6762,4.83,72.47,3.06,0.0
20240113,35.6762,3.38,74.03,3.65,1.47
20240114,35.6762,2.57,69.52,4.89,0.0
20240115,35.6762,3.55,67.52,5.64,0.01
20240116,35.6762,0.1,62.89,6.47,0.0
20240117,35.6762,3.9,74.99,2.83,0.0
20240118,35.6762,6.45,73.41,2.63,0.0
20240119,35.6762,6.8,79.95,3.98,0.01
20240120,35.6762,2.73,87.36,4.28,7.29
20240121,35.6762,4.6,92.88,5.58,32.62
20240122,35.6762,7.1,87.51,3.31,0.28
20240123,35.6762,5.04,74.75,2.6,0.08
20240124,35.6762,0.65,61.51,4.91,0.05
20240125,35.6762,0.49,62.17,4.81,0.0
20240126,35.6762,1.62,65.71,4.72,0.0
20240127,35.6762,2.48,69.9,4.32,0.0
20240128,35.6762,2.8,75.08,2.74,0.0
20240129,35.6762,3.94,70.62,2.78,0.0
20240130,35.6762,5.9,71.27,2.1,0.0
20240131,35.6762,7.08,81.62,3.63,0.03
20240201,35.6762,8.04,71.97,5.81,2.5
20240202,35.6762,2.31,68.79,3.91,0.0
20240203,35.6762,3.35,69.83,3.61,0.66
20240204,35.6762,3.24,80.16,3.23,4.96
20240205,35.6762,0.54,89.48,5.39,27.98
20240206,35.6762,0.5,92.4,4.34,5.01
20240207,35.6762,1.51,75.59,2.19,0.12
20240208,35.6762,2.58,77.83,2.92,0.11
20240209,35.6762,3.35,76.27,3.1,0.0
20240210,35.6762,4.1,74.8,2.66,0.0
20240211,35.6762,4.36,72.27,3.1,0.41
20240212,35.6762,3.64,75.09,3.79,0.23
20240213,35.6762,6.59,72.66,4.54,0.0
20240214,35.6762,8.57,72.99,2.44,0.0
20240215,35.6762,11.82,80.89,7.19,1.18
20240216,35.6762,7.06,69.52,6.93,2.4
20240217,35.6762,5.29,77.21,3.05,0.01
20240218,35.6762,9.66,86.96,2.6,0.2
20240219,35.6762,13.37,87.91,7.84,4.36
20240220,35.6762,15.3,80.51,5.33,4.03
20240221,35.6762,6.49,88.83,4.19,6.61
20240222,35.6762,3.54,89.18,5.69,15.45
20240223,35.6762,0.9,92.11,4.95,8.56
20240224,35.6762,2.09,77.92,3.49,0.02
20240225,35.6762,1.94,91.08,4.89,14.01
20240226,35.6762,4.62,70.55,8.68,0.69
20240227,35.6762,3.37,63.73,9.42,0.01
20240228,35.6762,4.43,66.84,5.64,0.0
20240229,35.6762,5.15,78.02,2.31,8.43
20240301,35.6762,7.24,76.07,5.23,14.72
20240302,35.6762,3.08,64.0,4.16,0.03
20240303,35.6762,3.81,63.16,3.41,0.0
20240304,35.6762,6.1,67.17,3.9,0.0
20240305,35.6762,3.56,82.95,3.49,17.32
20240306,35.6762,3.0,90.75,7.53,13.24
20240307,35.6762,4.05,76.0,4.05,1.43
20240308,35.6762,4.35,82.23,2.94,11.09
20240309,35.6762,2.67,65.37,5.31,0.0
20240310,35.6762,3.93,68.54,3.78,0.0
20240311,35.6762,5.26,72.65,3.35,0.0
20240312,35.6762,7.78,91.24,5.31,36.72
20240313,35.6762,5.77,69.28,6.52,1.69
20240314,35.6762,6.36,65.74,2.77,0.0
20240315,35.6762,8.0,65.03,3.37,0.0
20240316,35.6762,10.2,67.23,3.96,0.0
20240317,35.6762,12.88,81.61,5.74,0.05
20240318,35.6762,5.34,58.03,8.37,0.0
20240319,35.6762,4.96,68.6,3.67,0.0
20240320,35.6762,6.3,69.28,8.18,0.7
20240321,35.6762,2.77,58.53,7.11,0.0
20240322,35.6762,4.01,62.17,3.82,0.0
20240323,35.6762,3.77,89.9,1.9,5.12
20240324,35.6762,8.34,84.23,1.86,2.37
20240325,35.6762,10.24,90.99,3.25,6.93
20240326,35.6762,7.93,94.12,5.73,47.51
20240327,35.6762,7.79,70.5,4.32,0.34
20240328,35.6762,8.23,85.69,4.01,6.86
20240329,35.6762,14.77,85.84,8.51,29.04
20240330,35.6762,14.92,73.42,3.18,0.0
20240331,35.6762,16.77,75.34,5.06,0.06
20240401,35.6762,12.56,74.61,3.3,2.51
20240402,35.6762,11.16,70.84,3.08,0.0
20240403,35.6762,12.16,88.89,3.2,12.91
20240404,35.6762,14.03,85.65,3.31,10.78
20240405,35.6762,8.98,88.33,3.32,2.51
20240406,35.6762,10.87,90.44,2.27,3.38
20240407,35.6762,14.85,86.66,2.34,3.96
20240408,35.6762,15.49,92.55,2.24,1.92
20240409,35.6762,13.61,86.67,8.36,47.15
20240410,35.6762,8.54,69.14,4.23,0.0
20240411,35.6762,11.01,80.15,2.32,0.06
20240412,35.6762,13.34,81.74,3.48,0.5
20240413,35.6762,14.72,80.87,3.98,0.0
20240414,35.6762,15.82,82.44,2.19,0.0
20240415,35.6762,16.08,81.19,3.42,0.0
20240416,35.6762,15.38,84.76,6.35,0.03
20240417,35.6762,17.93,79.47,3.06,4.81
20240418,35.6762,14.81,82.55,3.38,4.39
20240419,35.6762,14.49,68.28,7.21,0.13
20240420,35.6762,16.48,62.81,2.43,0.0
20240421,35.6762,15.65,83.06,2.36,6.0
20240422,35.6762,15.12,92.64,3.75,10.01
20240423,35.6762,15.19,87.63,2.94,0.36
20240424,35.6762,13.82,91.71,3.49,16.13
20240425,35.6762,17.61,77.59,2.96,0.43
20240426,35.6762,16.92,78.27,2.45,0.0
20240427,35.6762,17.42,85.91,2.1,1.04
20240428,35.6762,18.84,81.16,2.97,0.0
20240429,35.6762,18.46,85.06,3.64,0.06
20240430,35.6762,19.36,88.3,2.59,3.51
20240501,35.6762,15.47,89.01,5.27,32.14
20240502,35.6762,13.25,78.21,5.07,4.82
20240503,35.6762,15.52,80.48,2.9,0.0
20240504,35.6762,17.91,71.16,3.01,0.0
20240505,35.6762,18.59,72.79,5.08,0.0
20240506,35.6762,17.74,85.4,7.49,0.07
20240507,35.6762,18.36,92.4,7.15,10.23
20240508,35.6762,16.44,82.81,4.0,4.13
20240509,35.6762,12.08,75.54,3.59,2.9
20240510,35.6762,15.12,72.88,4.28,0.0
20240511,35.6762,16.52,81.13,6.59,0.0
20240512,35.6762,17.6,84.38,6.31,0.95
20240513,35.6762,18.72,92.96,7.19,51.3
20240514,35.6762,14.91,77.35,3.8,0.06
20240515,35.6762,16.28,82.71,2.32,8.3
20240516,35.6762,16.65,84.4,6.06,7.94
20240517,35.6762,17.62,71.03,3.31,0.0
20240518,35.6762,18.97,73.85,3.33,0.0
20240519,35.6762,18.7,81.21,1.89,5.82
20240520,35.6762,16.58,86.15,2.46,24.95
20240521,35.6762,20.49,78.41,2.1,0.11
20240522,35.6762,17.83,79.88,3.21,0.21
20240523,35.6762,18.99,86.73,4.28,0.0
20240524,35.6762,21.21,77.38,2.59,0.0
20240525,35.6762,18.38,74.67,3.59,0.02
20240526,35.6762,18.51,82.01,4.2,0.02
20240527,35.6762,20.33,90.78,7.04,2.39
20240528,35.6762,22.49,92.42,9.38,33.5
20240529,35.6762,20.73,78.44,3.79,10.45
20240530,35.6762,20.4,83.02,2.56,1.71
20240531,35.6762,18.73,89.83,3.22,31.37
20240601,35.6762,19.52,80.99,2.54,3.57
20240602,35.6762,18.67,87.68,3.7,21.83
20240603,35.6762,17.89,81.12,3.41,6.29
20240604,35.6762,18.24,80.71,2.74,4.66
20240605,35.6762,18.85,78.92,2.56,0.0
20240606,35.6762,19.46,83.59,3.48,0.0
20240607,35.6762,19.67,80.69,2.48,0.0
20240608,35.6762,19.69,80.4,2.46,0.03
20240609,35.6762,19.7,86.01,3.63,1.86
20240610,35.6762,19.5,85.59,2.68,12.1
20240611,35.6762,21.89,81.74,3.12,0.0
20240612,35.6762,21.99,85.68,3.25,0.02
20240613,35.6762,20.78,85.69,1.41,0.05
20240614,35.6762,23.21,77.99,3.02,0.01
20240615,35.6762,21.77,79.58,2.26,4.28
20240616,35.6762,22.85,86.24,4.1,6.45
20240617,35.6762,23.92,78.84,2.11,0.71
20240618,35.6762,18.91,91.66,3.21,122.43
20240619,35.6762,21.75,73.83,3.14,0.0
20240620,35.6762,22.16,81.3,4.13,0.04
20240621,35.6762,19.24,91.16,4.91,44.17
20240622,35.6762,22.05,81.0,4.21,3.97
20240623,35.6762,23.94,93.85,6.22,19.31
20240624,35.6762,27.22,78.83,2.52,0.2
20240625,35.6762,25.67,79.57,3.14,0.09
20240626,35.6762,25.18,76.4,2.22,2.28
20240627,35.6762,22.99,84.2,2.37,0.18
20240628,35.6762,22.19,93.75,4.0,75.15
20240629,35.6762,22.55,88.89,2.83,8.38
20240630,35.6762,23.75,89.11,5.75,1.46
20240701,35.6762,25.68,91.2,7.43,6.02
20240702,35.6762,25.97,83.25,2.12,2.09
20240703,35.6762,26.33,85.0,2.5,0.14
20240704,35.6762,28.92,79.15,1.94,0.01
20240705,35.6762,27.6,78.41,2.54,0.27
20240706,35.6762,27.88,85.15,1.94,4.21
20240707,35.6762,29.47,79.71,1.95,0.0
20240708,35.6762,30.01,75.03,1.83,0.0
20240709,35.6762,27.52,81.44,4.27,0.02
20240710,35.6762,27.19,83.03,4.64,2.03
20240711,35.6762,25.97,91.05,6.3,5.7
20240712,35.6762,24.28,92.96,3.02,24.97
20240713,35.6762,24.42,82.0,3.53,3.71
20240714,35.6762,25.63,88.24,3.07,7.15
20240715,35.6762,26.12,89.25,2.61,7.6
20240716,35.6762,24.66,89.75,2.55,17.21
20240717,35.6762,25.31,89.88,1.51,15.8
20240718,35.6762,26.93,83.91,2.21,0.01
20240719,35.6762,27.88,82.49,3.95,0.08
20240720,35.6762,29.7,78.23,2.33,1.29
20240721,35.6762,27.95,86.11,2.8,9.87
20240722,35.6762,29.28,79.06,2.22,0.38
20240723,35.6762,28.52,81.93,2.72,1.07
20240724,35.6762,29.18,75.83,2.16,0.61
20240725,35.6762,27.16,83.68,2.33,0.77
20240726,35.6762,28.44,81.63,2.25,1.58
20240727,35.6762,29.59,76.3,1.5,1.66
20240728,35.6762,29.9,75.89,1.54,0.0
20240729,35.6762,29.79,74.06,2.38,0.03
20240730,35.6762,28.67,76.7,2.06,7.21
20240731,35.6762,28.32,79.55,2.46,7.68
20240801,35.6762,26.76,83.36,2.51,0.84
20240802,35.6762,26.91,83.25,2.18,0.0
20240803,35.6762,27.5,82.61,1.91,0.08
20240804,35.6762,28.27,79.24,1.91,5.23
20240805,35.6762,27.99,82.8,2.1,3.43
20240806,35.6762,27.77,84.27,1.67,4.08
20240807,35.6762,27.25,85.15,1.44,10.05
20240808,35.6762,27.33,86.05,1.84,9.91
20240809,35.6762,27.62,83.98,2.57,8.5
20240810,35.6762,28.04,79.42,3.15,0.93
20240811,35.6762,29.0,78.15,2.23,0.36
20240812,35.6762,28.73,82.9,3.68,0.85
20240813,35.6762,28.47,82.77,4.1,1.97
20240814,35.6762,27.86,84.06,3.16,3.38
20240815,35.6762,28.03,80.52,2.24,3.49
20240816,35.6762,26.14,92.27,8.67,51.76
20240817,35.6762,28.77,79.34,3.07,3.43
20240818,35.6762,27.4,91.23,2.33,1.03
20240819,35.6762,28.4,86.95,1.81,6.55
20240820,35.6762,28.08,80.76,2.09,3.13
20240821,35.6762,26.93,84.74,2.48,3.2
20240822,35.6762,25.84,92.46,4.09,16.79
20240823,35.6762,27.35,87.65,4.47,1.07
20240824,35.6762,27.48,88.03,4.24,2.96
20240825,35.6762,27.1,86.59,5.13,5.8
20240826,35.6762,26.51,86.46,4.41,5.37
20240827,35.6762,26.07,90.33,5.29,33.86
20240828,35.6762,26.01,88.87,3.73,25.62
20240829,35.6762,25.46,92.45,3.41,43.17
20240830,35.6762,25.96,94.41,5.47,108.13
20240831,35.6762,26.93,91.05,4.92,28.06
20240901,35.6762,26.48,92.33,4.1,26.69
20240902,35.6762,26.99,90.4,6.05,6.43
20240903,35.6762,24.01,88.84,3.67,23.12
20240904,35.6762,22.77,87.74,4.07,17.28
20240905,35.6762,24.68,85.58,2.58,0.12
20240906,35.6762,26.14,83.72,2.18,0.0
20240907,35.6762,26.41,85.23,2.71,0.03
20240908,35.6762,26.47,87.85,2.57,1.43
20240909,35.6762,26.13,86.83,2.28,2.18
20240910,35.6762,26.5,87.44,3.0,0.39
20240911,35.6762,27.5,87.37,3.07,0.68
20240912,35.6762,27.12,88.13,3.48,4.08
20240913,35.6762,26.79,86.61,5.49,1.4
20240914,35.6762,26.6,88.05,5.4,2.81
20240915,35.6762,26.84,87.61,6.42,5.72
20240916,35.6762,25.79,90.05,3.83,7.19
20240917,35.6762,25.48,87.96,3.27,0.35
20240918,35.6762,28.09,83.87,1.92,1.94
20240919,35.6762,27.38,83.44,1.39,2.49
20240920,35.6762,27.73,80.93,2.86,0.02
20240921,35.6762,26.89,88.22,5.94,0.1
20240922,35.6762,25.29,91.47,6.43,7.64
20240923,35.6762,20.98,84.27,5.16,5.44
20240924,35.6762,18.44,83.54,5.48,0.52
20240925,35.6762,19.31,85.6,5.91,3.48
20240926,35.6762,22.51,84.57,2.8,1.21
20240927,35.6762,22.43,94.85,3.65,23.41
20240928,35.6762,21.72,89.42,3.23,3.22
20240929,35.6762,20.69,92.53,3.57,3.1
20240930,35.6762,20.36,87.44,3.42,2.33
20241001,35.6762,22.06,85.32,3.77,1.56
20241002,35.6762,23.79,87.83,3.53,0.67
20241003,35.6762,21.76,91.9,4.41,16.12
20241004,35.6762,24.48,92.14,5.62,19.87
20241005,35.6762,20.34,92.83,3.24,13.45
20241006,35.6762,20.57,91.37,2.61,3.11
20241007,35.6762,23.11,90.84,4.24,1.9
20241008,35.6762,17.98,91.25,4.99,32.65
20241009,35.6762,15.93,91.42,6.42,83.56
20241010,35.6762,15.92,87.49,4.98,0.72
20241011,35.6762,16.9,83.07,1.98,0.01
20241012,35.6762,18.12,86.66,2.37,0.0
20241013,35.6762,18.0,87.78,3.49,0.0
20241014,35.6762,17.76,86.05,3.4,0.06
20241015,35.6762,19.05,87.09,2.39,0.22
20241016,35.6762,21.08,90.1,2.02,0.11
20241017,35.6762,20.5,90.38,2.88,0.68
20241018,35.6762,20.66,93.93,2.96,8.39
20241019,35.6762,22.18,89.67,4.66,5.37
20241020,35.6762,13.62,77.87,6.28,1.16
20241021,35.6762,12.49,83.82,3.89,0.01
20241022,35.6762,16.08,86.23,2.64,0.22
20241023,35.6762,21.63,94.04,5.39,5.7
20241024,35.6762,20.73,88.34,2.51,0.43
20241025,35.6762,17.86,88.83,3.5,0.53
20241026,35.6762,16.38,90.42,2.93,0.05
20241027,35.6762,17.7,91.67,2.12,1.92
20241028,35.6762,17.57,88.35,3.34,9.85
20241029,35.6762,13.62,87.26,4.52,29.47
20241030,35.6762,15.07,85.6,5.93,15.28
20241031,35.6762,13.91,76.94,2.71,0.0
20241101,35.6762,16.72,89.17,2.36,0.7
20241102,35.6762,16.02,94.87,3.73,61.71
20241103,35.6762,14.76,80.0,4.65,0.27
20241104,35.6762,15.09,86.28,3.91,0.0
20241105,35.6762,13.7,88.93,3.57,0.09
20241106,35.6762,12.81,87.6,2.4,1.31
20241107,35.6762,10.18,75.69,5.38,0.0
20241108,35.6762,9.21,76.56,3.03,0.0
20241109,35.6762,9.83,79.69,3.51,0.04
20241110,35.6762,11.59,89.9,2.68,1.53
20241111,35.6762,14.67,88.24,3.25,2.36
20241112,35.6762,14.49,85.83,2.75,0.3
20241113,35.6762,13.18,82.7,3.95,0.0
20241114,35.6762,13.39,84.79,2.13,1.54
20241115,35.6762,15.41,89.04,1.84,7.86
20241116,35.6762,13.95,91.21,3.35,0.3
20241117,35.6762,16.93,89.69,3.08,0.98
20241118,35.6762,10.31,75.08,7.0,0.16
20241119,35.6762,6.26,76.02,5.0,0.0
20241120,35.6762,5.62,91.21,3.71,15.06
20241121,35.6762,10.1,87.28,2.8,6.8
20241122,35.6762,11.3,77.35,2.57,0.0
20241123,35.6762,7.87,76.15,5.29,0.01
20241124,35.6762,7.51,80.3,3.3,0.39
20241125,35.6762,6.88,77.63,3.01,0.0
20241126,35.6762,9.31,90.49,2.7,11.33
20241127,35.6762,14.1,83.04,5.15,32.63
20241128,35.6762,8.25,73.59,5.39,0.0
20241129,35.6762,7.71,76.66,3.76,0.0
20241130,35.6762,7.2,74.6,3.72,0.0
20241201,35.6762,8.46,76.44,2.32,0.0
20241202,35.6762,9.05,80.03,2.24,0.0
20241203,35.6762,9.75,84.29,3.47,0.0
20241204,35.6762,9.01,80.92,3.58,0.0
20241205,35.6762,7.61,76.41,2.55,0.0
20241206,35.6762,6.94,74.29,3.93,0.0
20241207,35.6762,5.78,75.82,2.52,0.0
20241208,35.6762,4.83,77.13,3.99,0.01
20241209,35.6762,3.87,75.76,3.51,0.04
20241210,35.6762,6.31,70.46,2.62,0.02
20241211,35.6762,6.12,75.69,3.49,0.0
20241212,35.6762,2.59,72.84,4.83,0.0
20241213,35.6762,3.8,77.12,2.19,0.13
20241214,35.6762,3.35,76.26,4.63,0.05
20241215,35.6762,3.42,69.72,3.44,0.0
20241216,35.6762,4.84,75.11,2.47,0.0
20241217,35.6762,5.05,74.62,2.65,0.0
20241218,35.6762,4.43,78.91,3.7,0.1
20241219,35.6762,2.05,82.64,4.17,0.15
20241220,35.6762,4.14,76.05,3.29,0.0
20241221,35.6762,5.94,79.27,4.99,0.97
20241222,35.6762,2.62,72.48,5.26,0.0
20241223,35.6762,2.21,69.93,3.5,0.0
20241224,35.6762,2.71,73.96,3.55,0.0
20241225,35.6762,3.64,76.57,2.83,0.0
20241226,35.6762,6.21,78.17,3.61,0.02
20241227,35.6762,3.72,75.62,2.98,0.01
20241228,35.6762,2.93,78.64,2.83,0.0
20241229,35.6762,3.29,75.42,2.89,0.0
20241230,35.6762,2.93,73.18,2.32,0.0
20241231,35.6762,4.94,78.82,4.96,0.0
20250101,35.6762,3.23,70.14,3.22,0.0
20250102,35.6762,5.18,72.36,2.51,0.01
20250103,35.6762,2.52,83.67,2.56,0.11
20250104,35.6762,1.69,79.31,3.32,0.19
20250105,35.6762,2.33,76.63,2.81,0.0
20250106,35.6762,4.8,89.79,2.99,24.31
20250107,35.6762,5.57,73.62,4.58,0.13
20250108,35.6762,2.7,67.75,5.93,0.0
20250109,35.6762,2.31,68.83,5.87,0.0
20250110,35.6762,0.67,64.03,4.96,0.0
20250111,35.6762,2.45,70.23,3.17,0.01
20250112,35.6762,2.51,84.07,2.12,0.21
20250113,35.6762,3.02,73.73,4.53,0.0
20250114,35.6762,4.7,65.82,1.81,0.0
20250115,35.6762,4.02,76.11,5.07,0.01
20250116,35.6762,1.51,71.53,2.56,0.01
20250117,35.6762,1.19,72.3,5.29,0.0
20250118,35.6762,1.8,70.75,3.75,0.0
20250119,35.6762,3.47,84.1,2.01,0.88
20250120,35.6762,6.67,83.8,2.48,0.12
20250121,35.6762,5.75,82.62,3.95,0.73
20250122,35.6762,4.71,70.59,3.14,0.0
20250123,35.6762,4.86,81.54,2.64,0.0
20250124,35.6762,5.3,81.38,3.01,0.02
20250125,35.6762,3.69,77.08,4.91,0.08
20250126,35.6762,2.79,74.98,5.3,0.0
20250127,35.6762,3.31,80.9,2.31,0.07
20250128,35.6762,4.8,77.89,3.18,0.62
20250129,35.6762,2.53,70.65,5.25,0.03
20250130,35.6762,2.15,67.18,4.14,0.0
20250131,35.6762,2.6,69.36,3.52,0.0
20250201,35.6762,3.99,72.89,2.49,0.43
20250202,35.6762,1.89,93.51,4.62,6.82
20250203,35.6762,3.72,87.18,2.92,0.0
20250204,35.6762,2.22,71.52,2.97,0.22
20250205,35.6762,0.68,63.07,5.13,0.01
20250206,35.6762,0.63,64.56,4.9,0.01
20250207,35.6762,1.34,65.77,4.14,0.01
20250208,35.6762,0.94,61.17,6.13,0.05
20250209,35.6762,1.78,65.84,4.92,0.01
20250210,35.6762,2.35,67.85,2.47,0.0
20250211,35.6762,1.68,69.35,4.92,0.0
20250212,35.6762,3.44,74.57,4.56,2.07
20250213,35.6762,4.68,70.29,7.42,3.03
20250214,35.6762,3.21,68.79,3.51,0.0
20250215,35.6762,5.18,75.22,3.44,0.07
20250216,35.6762,7.88,83.0,2.26,0.49
20250217,35.6762,5.54,66.59,4.91,0.08
20250218,35.6762,1.18,64.07,4.24,0.0
20250219,35.6762,0.06,64.14,5.26,0.0
20250220,35.6762,1.12,65.25,3.45,0.0
20250221,35.6762,1.73,65.07,3.51,0.0
20250222,35.6762,0.95,67.38,3.54,0.0
20250223,35.6762,1.5,65.49,3.13,0.0
20250224,35.6762,0.87,70.51,4.59,0.07
20250225,35.6762,3.42,67.06,4.21,0.0
20250226,35.6762,6.51,63.98,4.42,0.0
20250227,35.6762,6.82,61.4,2.19,0.0
20250228,35.6762,8.21,72.91,2.94,0.0
20250301,35.6762,9.57,76.97,3.05,0.0
20250302,35.6762,11.76,77.82,2.68,1.16
20250303,35.6762,3.03,91.26,6.49,35.76
20250304,35.6762,0.55,81.37,4.95,12.36
20250305,35.6762,3.12,96.88,5.59,11.35
20250306,35.6762,5.69,76.05,5.91,0.23
20250307,35.6762,2.85,67.55,7.02,0.05
20250308,35.6762,1.07,79.76,2.91,5.47
20250309,35.6762,3.57,78.33,4.27,0.11
20250310,35.6762,5.51,69.75,3.03,0.0
20250311,35.6762,8.12,84.09,3.08,2.04
20250312,35.6762,10.35,95.53,2.35,22.43
20250313,35.6762,12.12,77.78,3.32,5.1
20250314,35.6762,9.03,69.68,3.1,0.0
20250315,35.6762,4.89,77.14,3.22,3.94
20250316,35.6762,4.17,95.93,5.27,24.19
20250317,35.6762,5.66,73.78,5.51,0.04
20250318,35.6762,4.43,70.55,3.08,0.87
20250319,35.6762,3.11,86.05,5.58,21.56
20250320,35.6762,4.0,69.15,2.25,0.0
20250321,35.6762,7.49,73.8,3.81,0.0
20250322,35.6762,11.8,72.19,4.85,0.0
20250323,35.6762,13.88,70.23,3.98,0.0
20250324,35.6762,11.33,88.68,2.97,0.85
20250325,35.6762,14.42,78.44,4.62,0.24
20250326,35.6762,16.46,72.51,5.09,0.09
20250327,35.6762,14.64,84.66,5.7,1.45
20250328,35.6762,17.68,82.78,5.73,10.45
20250329,35.6762,6.65,83.53,4.84,10.41
20250330,35.6762,7.05,73.28,3.11,0.92
20250331,35.6762,5.21,75.77,4.35,1.84
20250401,35.6762,3.83,95.21,6.65,32.25
20250402,35.6762,8.9,93.67,5.62,21.87
20250403,35.6762,7.62,90.31,2.55,9.52
20250404,35.6762,8.86,75.21,3.49,1.21
20250405,35.6762,8.72,76.97,3.13,0.6
20250406,35.6762,11.76,88.31,4.73,1.47
20250407,35.6762,11.22,76.67,2.7,0.71
20250408,35.6762,12.09,74.42,3.59,0.0
20250409,35.6762,12.6,68.68,3.37,0.0
20250410,35.6762,14.12,85.72,5.14,3.19
20250411,35.6762,14.44,89.7,3.03,6.66
20250412,35.6762,12.99,81.72,3.89,1.1
20250413,35.6762,11.91,93.63,5.17,26.14
20250414,35.6762,14.6,77.8,5.65,7.49
20250415,35.6762,12.33,73.61,7.37,6.15
20250416,35.6762,11.09,64.23,3.94,0.0
20250417,35.6762,14.42,75.61,4.26,0.0
20250418,35.6762,16.26,86.11,4.37,0.0
20250419,35.6762,19.02,82.27,3.59,0.0
20250420,35.6762,16.89,90.93,5.88,0.03
20250421,35.6762,15.76,74.94,3.8,0.07
20250422,35.6762,15.36,84.94,5.93,0.43
20250423,35.6762,17.6,93.3,5.56,17.61
20250424,35.6762,18.29,86.61,3.11,0.3
20250425,35.6762,16.62,76.41,2.93,0.0
20250426,35.6762,12.74,76.03,2.98,0.5
20250427,35.6762,14.13,69.61,4.99,0.0
20250428,35.6762,15.3,82.16,4.76,23.77
20250429,35.6762,13.92,68.41,3.61,0.84
20250430,35.6762,13.41,65.8,3.25,0.0
20250501,35.6762,15.39,79.7,3.94,0.02
20250502,35.6762,14.9,91.69,5.21,68.49
20250503,35.6762,15.09,75.22,3.93,1.43
20250504,35.6762,17.28,76.0,3.86,0.09
20250505,35.6762,14.53,70.5,3.37,0.0
20250506,35.6762,13.76,89.78,4.03,28.47
20250507,35.6762,15.42,74.99,4.45,4.79
20250508,35.6762,13.91,80.76,3.21,0.02
20250509,35.6762,15.8,86.15,4.43,3.13
20250510,35.6762,18.92,93.05,7.0,9.59
20250511,35.6762,18.74,71.85,2.08,1.61
20250512,35.6762,17.48,83.42,2.12,5.34
20250513,35.6762,17.56,80.9,2.81,0.0
20250514,35.6762,17.69,82.06,2.18,0.0
20250515,35.6762,17.94,83.58,3.31,0.0
20250516,35.6762,18.99,84.79,3.01,0.04
20250517,35.6762,20.07,94.57,8.56,40.59
20250518,35.6762,22.65,85.94,6.29,0.2
20250519,35.6762,17.37,88.83,2.74,0.7
20250520,35.6762,22.17,81.18,5.44,0.0
20250521,35.6762,21.99,87.29,4.68,0.05
20250522,35.6762,21.82,87.87,3.91,3.03
20250523,35.6762,16.75,80.84,4.92,1.52
20250524,35.6762,16.17,83.99,3.95,10.15
20250525,35.6762,19.93,88.13,5.23,24.58
20250526,35.6762,16.3,76.48,3.37,0.0
20250527,35.6762,15.34,85.82,3.14,0.54
20250528,35.6762,17.53,82.21,3.44,2.43
20250529,35.6762,17.43,80.69,1.79,5.06
20250530,35.6762,14.4,90.6,7.0,20.57
20250531,35.6762,14.96,87.72,7.13,18.03
20250601,35.6762,18.2,78.93,1.42,1.14
20250602,35.6762,18.29,85.31,2.96,0.2
20250603,35.6762,18.05,92.81,4.34,34.87
20250604,35.6762,21.42,78.05,2.37,1.27
20250605,35.6762,20.57,74.08,2.94,0.12
20250606,35.6762,20.13,81.9,5.77,0.0
20250607,35.6762,20.98,82.34,4.58,0.01
20250608,35.6762,21.53,83.19,3.0,0.19
20250609,35.6762,19.94,89.13,2.93,4.95
20250610,35.6762,20.55,93.18,3.83,14.83
20250611,35.6762,23.17,92.78,4.62,11.97
20250612,35.6762,21.54,79.03,1.54,0.01
20250613,35.6762,20.23,84.22,2.34,0.0
20250614,35.6762,20.06,90.88,5.28,5.91
20250615,35.6762,25.45,90.42,6.35,19.77
20250616,35.6762,26.21,87.21,3.42,0.51
20250617,35.6762,27.95,83.12,2.89,0.0
20250618,35.6762,26.31,76.67,2.88,0.01
20250619,35.6762,25.44,83.59,2.13,0.29
20250620,35.6762,24.38,85.1,2.78,0.0
20250621,35.6762,23.58,83.07,4.75,0.0
20250622,35.6762,24.56,82.4,8.11,0.08
20250623,35.6762,24.93,88.25,7.24,3.31
20250624,35.6762,24.66,89.49,3.1,4.56
20250625,35.6762,25.45,89.02,2.64,17.78
20250626,35.6762,26.12,87.36,4.17,8.37
20250627,35.6762,25.5,81.64,2.18,3.95
20250628,35.6762,25.29,78.76,2.32,0.02
20250629,35.6762,25.19,82.04,3.14,0.0
20250630,35.6762,26.36,82.47,3.57,0.05
20250701,35.6762,26.65,84.91,2.6,1.84
20250702,35.6762,26.06,88.3,2.49,3.63
20250703,35.6762,25.7,85.65,3.75,4.41
20250704,35.6762,25.61,84.17,3.67,3.85
20250705,35.6762,27.47,82.61,1.79,3.77
20250706,35.6762,27.7,83.06,2.16,2.71
20250707,35.6762,27.59,79.51,2.11,0.86
20250708,35.6762,27.31,81.35,2.92,0.6
20250709,35.6762,26.98,84.86,4.82,1.55
20250710,35.6762,26.55,85.56,2.67,22.24
20250711,35.6762,23.62,88.94,4.52,8.86
20250712,35.6762,22.83,85.49,2.96,0.03
20250713,35.6762,24.98,85.54,2.28,1.1
20250714,35.6762,24.84,88.57,4.76,10.96
20250715,35.6762,25.79,91.93,7.95,35.52
20250716,35.6762,25.28,90.87,7.74,17.17
20250717,35.6762,25.24,88.93,6.77,8.44
20250718,35.6762,25.39,86.27,5.33,0.44
20250719,35.6762,25.4,86.19,4.86,0.27
20250720,35.6762,26.65,84.01,4.58,0.0
20250721,35.6762,27.68,84.15,2.96,0.08
20250722,35.6762,26.86,86.17,3.07,0.51
20250723,35.6762,27.4,82.57,2.96,1.08
20250724,35.6762,27.62,83.5,2.63,1.2
20250725,35.6762,27.54,83.24,3.34,3.72
20250726,35.6762,27.56,83.78,4.53,1.48
20250727,35.6762,27.44,82.7,4.36,0.11
20250728,35.6762,27.51,81.67,2.68,0.71
20250729,35.6762,27.38,76.16,2.43,0.01
20250730,35.6762,25.73,79.56,3.64,0.01
20250731,35.6762,25.51,81.26,4.76,0.09
20250801,35.6762,25.73,85.68,7.29,7.59
20250802,35.6762,28.64,78.77,5.04,10.52
20250803,35.6762,28.47,83.04,2.63,0.93
20250804,35.6762,28.59,80.72,6.46,0.21
20250805,35.6762,30.13,76.39,4.05,0.01
20250806,35.6762,31.07,71.7,1.5,1.79
20250807,35.6762,28.62,78.53,4.47,4.17
20250808,35.6762,27.89,66.89,1.97,1.84
20250809,35.6762,26.06,78.91,2.88,0.24
20250810,35.6762,25.62,88.85,7.39,22.38
20250811,35.6762,26.84,84.96,10.49,8.68
20250812,35.6762,27.42,86.43,6.57,2.28
20250813,35.6762,26.41,79.14,2.67,1.75
20250814,35.6762,25.45,80.7,1.58,3.1
20250815,35.6762,27.39,80.27,2.42,1.71
20250816,35.6762,26.64,82.67,4.42,1.9
20250817,35.6762,28.02,82.25,4.18,0.71
20250818,35.6762,29.17,73.06,2.11,0.48
20250819,35.6762,28.72,76.52,2.76,0.02
20250820,35.6762,28.83,74.05,2.66,0.22
20250821,35.6762,29.25,72.18,1.72,0.89
20250822,35.6762,28.67,76.87,1.72,0.01
20250823,35.6762,29.2,73.81,2.34,0.09
20250824,35.6762,29.72,70.73,1.88,0.74
20250825,35.6762,28.52,76.38,2.14,1.06
20250826,35.6762,28.49,76.78,4.38,0.34
20250827,35.6762,29.36,72.42,4.51,0.56
20250828,35.6762,27.41,68.74,3.14,0.07
20250829,35.6762,27.87,75.08,2.35,0.0
20250830,35.6762,30.01,68.01,2.07,0.0
20250831,35.6762,29.6,70.43,2.81,0.03
20250901,35.6762,29.02,74.91,4.93,0.03
20250902,35.6762,28.75,73.9,5.76,0.15
20250903,35.6762,28.89,72.12,3.02,0.38
20250904,35.6762,26.04,86.35,2.5,9.41
20250905,35.6762,25.36,93.03,4.79,150.5
20250906,35.6762,24.64,77.82,3.16,0.0
20250907,35.6762,25.96,82.28,3.77,0.01
20250908,35.6762,27.94,76.92,1.94,0.57
20250909,35.6762,27.56,83.46,2.1,0.52
20250910,35.6762,27.21,83.37,3.9,1.29
20250911,35.6762,26.69,84.69,2.79,20.88
20250912,35.6762,23.61,93.15,3.23,36.15
20250913,35.6762,25.04,89.98,5.31,10.17
20250914,35.6762,27.81,83.06,3.65,0.99
20250915,35.6762,25.59,85.25,1.91,0.07
20250916,35.6762,26.58,84.33,2.4,0.01
20250917,35.6762,27.25,84.03,3.03,0.12
20250918,35.6762,26.72,78.03,3.84,9.72
20250919,35.6762,20.96,81.58,3.72,18.29
20250920,35.6762,22.9,88.89,3.68,2.67
20250921,35.6762,24.55,78.02,5.07,6.12
20250922,35.6762,19.43,76.77,4.06,1.5
20250923,35.6762,18.86,79.3,2.9,0.0
20250924,35.6762,19.44,78.99,2.61,0.0
20250925,35.6762,21.87,80.49,2.65,0.0
20250926,35.6762,24.46,81.27,1.99,0.06
20250927,35.6762,22.44,78.11,3.16,0.38
20250928,35.6762,22.67,83.29,3.57,0.51
20250929,35.6762,25.59,77.56,4.8,0.94
20250930,35.6762,20.97,80.52,2.77,1.16
20251001,35.6762,19.5,90.67,2.29,17.54
20251002,35.6762,20.65,73.92,2.04,0.04
20251003,35.6762,19.72,80.6,2.34,0.01
20251004,35.6762,19.85,87.96,2.17,3.03
20251005,35.6762,21.55,89.01,1.87,0.48
20251006,35.6762,22.43,82.62,4.36,0.17
20251007,35.6762,19.38,79.37,4.52,0.31
20251008,35.6762,21.64,80.28,2.25,0.54
20251009,35.6762,18.48,81.5,6.81,4.83
20251010,35.6762,17.7,78.92,2.4,0.08
20251011,35.6762,17.67,91.19,2.83,8.89
20251012,35.6762,20.11,91.19,2.39,0.75
20251013,35.6762,20.23,91.2,4.36,2.1
20251014,35.6762,17.03,86.22,3.15,2.85
20251015,35.6762,16.26,89.38,3.8,7.37
20251016,35.6762,18.52,92.4,3.7,9.33
20251017,35.6762,18.12,81.01,4.01,0.35
20251018,35.6762,19.44,86.14,4.39,0.01
20251019,35.6762,17.91,83.72,3.35,1.86
20251020,35.6762,16.67,86.7,3.63,12.46
20251021,35.6762,13.04,83.12,3.95,1.32
20251022,35.6762,11.34,90.76,4.56,12.49
20251023,35.6762,11.47,81.66,4.4,0.12
20251024,35.6762,11.42,82.3,4.06,3.32
20251025,35.6762,11.37,92.33,4.52,7.32
20251026,35.6762,15.51,94.01,2.47,10.04
20251027,35.6762,16.9,77.76,2.85,0.11
20251028,35.6762,13.51,68.26,4.09,0.0
20251029,35.6762,10.56,72.81,4.19,0.0
20251030,35.6762,10.9,83.26,3.87,0.02
20251031,35.6762,13.82,89.74,4.1,71.64
20251101,35.6762,14.66,78.19,3.19,8.44
20251102,35.6762,12.94,78.08,3.18,0.0
20251103,35.6762,11.21,77.75,4.96,0.06
20251104,35.6762,10.01,74.31,2.65,0.0
20251105,35.6762,11.23,80.22,2.44,0.16
20251106,35.6762,12.45,85.37,4.96,1.94
20251107,35.6762,12.63,71.96,4.52,0.0
20251108,35.6762,11.06,75.3,2.94,0.13
20251109,35.6762,11.41,95.59,2.19,14.64
20251110,35.6762,12.0,76.85,4.18,0.08
20251111,35.6762,9.34,73.52,3.64,0.0
20251112,35.6762,8.93,76.05,3.17,0.02
20251113,35.6762,10.91,86.03,2.16,0.83
20251114,35.6762,12.45,77.24,3.39,0.0
20251115,35.6762,10.71,72.25,3.05,0.0
20251116,35.6762,10.76,82.43,1.89,0.0
20251117,35.6762,13.56,79.26,3.94,0.01
20251118,35.6762,9.41,73.38,3.46,0.23
20251119,35.6762,6.66,70.6,2.69,0.08
20251120,35.6762,7.33,76.31,2.32,0.1
20251121,35.6762,8.91,76.39,2.83,0.0
20251122,35.6762,9.69,75.32,2.18,0.01
20251123,35.6762,10.22,84.48,2.13,0.1
20251124,35.6762,10.21,73.25,2.37,0.0
20251125,35.6762,8.96,89.32,2.49,0.66
20251126,35.6762,8.99,80.25,4.36,0.0
20251127,35.6762,10.25,86.28,2.62,2.24
20251128,35.6762,11.52,76.4,4.56,1.4
20251129,35.6762,7.99,74.08,2.68,0.0
20251130,35.6762,9.14,71.96,1.97,0.0
20251201,35.6762,11.11,77.09,3.46,0.0
20251202,35.6762,11.21,89.14,2.36,0.01
20251203,35.6762,8.98,78.74,2.93,0.28
20251204,35.6762,3.73,60.08,3.51,0.08
20251205,35.6762,4.02,72.23,3.64,0.0
20251206,35.6762,4.35,77.81,2.68,0.0
20251207,35.6762,6.39,71.16,2.46,0.0
20251208,35.6762,8.54,75.63,3.9,0.0
20251209,35.6762,6.33,72.82,3.7,0.02
20251210,35.6762,5.94,76.22,2.53,0.0
20251211,35.6762,7.69,79.72,4.6,0.0
20251212,35.6762,3.22,62.17,7.09,0.0
20251213,35.6762,2.69,71.74,3.08,2.75
20251214,35.6762,4.68,87.99,3.87,22.95
20251215,35.6762,4.65,69.92,4.74,0.02
20251216,35.6762,4.82,73.9,2.58,0.0
20251217,35.6762,6.3,81.11,2.96,0.01
20251218,35.6762,4.94,74.76,4.45,0.0
20251219,35.6762,5.28,81.07,2.03,0.05
20251220,35.6762,10.92,93.98,3.0,5.32
20251221,35.6762,12.88,95.8,3.61,10.9
20251222,35.6762,6.02,70.78,6.32,0.11
20251223,35.6762,3.19,78.8,2.87,0.07
20251224,35.6762,5.15,95.82,2.4,12.05
20251225,35.6762,9.38,93.14,2.06,5.4
20251226,35.6762,3.13,73.21,5.59,1.65
20251227,35.6762,1.12,66.47,2.49,0.0
20251228,35.6762,3.57,72.14,2.74,0.02
20251229,35.6762,5.58,78.55,3.15,0.13
20251230,35.6762,7.01,77.47,3.22,0.0
20251231,35.6762,5.37,72.48,2.38,0.0
20210101,1.3521,25.68,92.2,5.04,52.21
20210102,1.3521,25.45,92.65,3.97,112.72
20210103,1.3521,25.56,93.71,3.52,48.63
20210104,1.3521,25.81,90.72,2.9,8.54
20210105,1.3521,26.09,92.11,3.39,6.57
20210106,1.3521,26.18,91.52,3.69,12.14
20210107,1.3521,25.58,91.58,3.19,34.1
20210108,1.3521,25.58,92.32,4.42,18.17
20210109,1.3521,25.8,92.45,4.6,42.97
20210110,1.3521,25.25,94.37,4.51,102.04
20210111,1.3521,25.31,93.5,5.1,27.43
20210112,1.3521,25.36,90.79,5.88,8.42
20210113,1.3521,24.77,91.19,4.98,6.84
20210114,1.3521,25.08,90.46,4.45,1.1
20210115,1.3521,25.62,87.68,3.36,0.15
20210116,1.3521,26.22,85.74,2.64,7.08
20210117,1.3521,25.76,88.89,4.71,9.32
20210118,1.3521,24.47,88.36,5.99,46.69
20210119,1.3521,24.78,87.47,4.49,14.79
20210120,1.3521,24.99,89.59,3.99,3.64
20210121,1.3521,25.38,88.95,3.57,1.87
20210122,1.3521,25.85,87.11,2.81,2.1
20210123,1.3521,25.46,89.43,3.52,10.72
20210124,1.3521,25.75,88.4,3.42,2.03
20210125,1.3521,25.92,87.54,3.43,1.36
20210126,1.3521,25.8,86.94,3.43,0.31
20210127,1.3521,25.77,88.47,3.35,1.24
20210128,1.3521,25.72,89.97,4.25,4.68
20210129,1.3521,25.68,87.35,4.68,0.39
20210130,1.3521,25.34,89.17,4.91,1.09
20210131,1.3521,25.78,88.67,4.18,14.14
20210201,1.3521,25.66,90.33,4.6,18.47
20210202,1.3521,25.76,89.02,4.72,71.77
20210203,1.3521,25.19,88.6,4.87,10.51
20210204,1.3521,25.16,87.15,4.99,1.06
20210205,1.3521,25.78,88.11,4.31,1.36
20210206,1.3521,26.01,87.81,4.67,0.18
20210207,1.3521,26.18,87.46,4.93,0.06
20210208,1.3521,26.13,88.13,4.51,0.43
20210209,1.3521,26.3,86.69,3.64,0.07
20210210,1.3521,26.31,86.47,3.28,0.7
20210211,1.3521,26.34,86.96,4.15,1.15
20210212,1.3521,26.37,87.25,4.65,5.64
20210213,1.3521,26.19,86.01,4.46,0.8
20210214,1.3521,25.78,85.93,4.88,0.75
20210215,1.3521,25.23,84.35,4.98,6.66
20210216,1.3521,24.87,84.59,4.62,11.42
20210217,1.3521,24.54,83.13,5.08,88.63
20210218,1.3521,24.66,83.78,5.2,6.94
20210219,1.3521,25.41,84.93,5.63,11.96
20210220,1.3521,25.5,86.61,5.45,12.48
20210221,1.3521,25.34,87.5,4.73,5.4
20210222,1.3521,25.11,85.56,4.51,88.38
20210223,1.3521,25.53,83.19,4.1,3.44
20210224,1.3521,25.64,85.17,3.89,16.38
20210225,1.3521,26.14,85.56,3.14,0.84
20210226,1.3521,27.02,83.33,2.28,0.42
20210227,1.3521,27.51,80.5,1.45,0.62
20210228,1.3521,27.07,82.31,2.34,8.1
20210301,1.3521,26.81,83.24,2.79,1.37
20210302,1.3521,26.34,84.32,3.49,0.21
20210303,1.3521,26.37,84.16,3.13,0.46
20210304,1.3521,26.23,87.78,3.48,1.06
20210305,1.3521,26.81,86.62,3.33,2.99
20210306,1.3521,26.81,86.45,4.5,3.28
20210307,1.3521,26.58,84.92,2.12,13.49
20210308,1.3521,26.18,84.4,3.57,3.99
20210309,1.3521,25.94,84.38,4.38,0.04
20210310,1.3521,26.41,83.61,4.38,0.22
20210311,1.3521,26.34,85.85,4.26,1.7
20210312,1.3521,26.31,85.78,3.22,9.17
20210313,1.3521,26.13,87.55,3.24,19.97
20210314,1.3521,26.1,88.28,3.1,12.32
20210315,1.3521,26.14,88.8,3.43,8.23
20210316,1.3521,26.45,88.31,2.77,7.87
20210317,1.3521,26.51,86.86,2.39,6.17
20210318,1.3521,26.78,86.15,2.75,3.93
20210319,1.3521,27.1,83.58,2.46,0.94
20210320,1.3521,27.26,82.93,2.08,0.54
20210321,1.3521,27.26,84.06,2.56,2.61
20210322,1.3521,27.02,85.49,3.89,3.89
20210323,1.3521,26.43,90.63,3.54,10.8
20210324,1.3521,26.18,90.65,2.93,29.16
20210325,1.3521,26.02,89.17,3.35,9.39
20210326,1.3521,27.09,83.53,2.8,1.35
20210327,1.3521,26.89,86.5,2.79,11.11
20210328,1.3521,27.86,79.85,1.66,3.84
20210329,1.3521,27.68,81.77,1.55,15.03
20210330,1.3521,28.59,77.79,1.29,14.97
20210331,1.3521,27.69,84.88,2.63,22.38
20210401,1.3521,27.76,84.51,3.67,2.86
20210402,1.3521,27.54,85.45,2.94,5.23
20210403,1.3521,27.15,85.14,2.1,9.12
20210404,1.3521,27.44,83.16,2.76,8.74
20210405,1.3521,27.12,87.24,2.06,17.77
20210406,1.3521,27.44,84.17,1.87,5.52
20210407,1.3521,27.54,82.98,2.03,4.0
20210408,1.3521,27.01,86.23,2.85,5.52
20210409,1.3521,27.21,85.44,2.57,6.06
20210410,1.3521,27.79,81.32,2.12,0.95
20210411,1.3521,27.49,84.56,2.68,6.91
20210412,1.3521,27.73,79.57,1.97,12.75
20210413,1.3521,27.83,79.53,1.79,17.15
20210414,1.3521,27.93,78.19,1.58,19.28
20210415,1.3521,28.33,75.66,1.12,27.88
20210416,1.3521,27.87,79.66,1.32,17.24
20210417,1.3521,27.42,82.92,1.52,40.88
20210418,1.3521,27.8,78.16,1.13,1.15
20210419,1.3521,28.53,74.65,1.33,2.1
20210420,1.3521,28.39,75.85,1.53,3.37
20210421,1.3521,28.23,79.89,2.25,3.21
20210422,1.3521,27.58,84.75,2.56,10.08
20210423,1.3521,27.32,81.43,2.54,2.45
20210424,1.3521,27.39,83.15,1.98,7.52
20210425,1.3521,27.79,81.54,1.96,2.38
20210426,1.3521,27.95,82.27,2.06,5.71
20210427,1.3521,28.26,78.91,1.41,3.51
20210428,1.3521,28.62,77.13,1.48,4.29
20210429,1.3521,28.37,78.28,2.02,3.01
20210430,1.3521,28.11,79.65,2.07,17.69
20210501,1.3521,28.23,79.08,1.94,6.23
20210502,1.3521,27.89,83.24,2.52,56.83
20210503,1.3521,27.81,84.23,2.63,31.62
20210504,1.3521,27.52,85.05,2.34,10.83
20210505,1.3521,27.22,86.11,2.02,16.97
20210506,1.3521,28.16,78.44,1.27,8.04
20210507,1.3521,27.65,84.61,2.3,6.52
20210508,1.3521,28.2,79.79,1.4,5.08
20210509,1.3521,28.28,81.52,1.22,7.11
20210510,1.3521,28.72,81.72,1.78,2.57
20210511,1.3521,28.34,85.64,2.69,10.45
20210512,1.3521,28.38,84.61,1.93,10.77
20210513,1.3521,28.51,83.0,1.86,5.84
20210514,1.3521,28.4,84.68,2.02,24.63
20210515,1.3521,28.08,86.18,2.35,13.13
20210516,1.3521,28.84,80.56,1.78,8.91
20210517,1.3521,28.09,85.83,2.11,20.1
20210518,1.3521,27.34,86.56,1.8,28.09
20210519,1.3521,28.24,76.73,0.87,8.45
20210520,1.3521,28.83,75.88,1.16,3.8
20210521,1.3521,28.19,84.91,2.2,12.38
20210522,1.3521,27.22,85.09,2.27,6.33
20210523,1.3521,28.14,80.88,2.61,2.84
20210524,1.3521,28.23,84.31,2.66,1.94
20210525,1.3521,28.09,85.37,2.91,4.06
20210526,1.3521,28.22,84.35,2.79,1.57
20210527,1.3521,28.49,81.68,2.09,3.58
20210528,1.3521,28.68,78.98,1.72,1.56
20210529,1.3521,28.03,84.03,2.33,9.32
20210530,1.3521,28.15,83.43,2.49,3.62
20210531,1.3521,27.74,86.05,2.75,4.92
20210601,1.3521,28.1,84.64,2.88,4.98
20210602,1.3521,28.07,86.67,3.35,7.27
20210603,1.3521,28.32,86.14,3.3,5.21
20210604,1.3521,28.35,85.79,3.06,3.08
20210605,1.3521,27.96,83.07,2.84,0.55
20210606,1.3521,27.95,83.14,2.76,1.09
20210607,1.3521,27.97,84.72,3.14,3.5
20210608,1.3521,27.68,83.99,2.96,2.57
20210609,1.3521,27.69,82.88,2.58,4.71
20210610,1.3521,27.54,83.65,1.85,19.83
20210611,1.3521,27.57,79.8,2.21,6.37
20210612,1.3521,27.7,85.46,2.77,11.18
20210613,1.3521,27.48,87.28,2.97,77.25
20210614,1.3521,27.72,84.77,2.23,40.34
20210615,1.3521,27.96,81.84,1.73,13.62
20210616,1.3521,27.39,83.82,2.2,13.37
20210617,1.3521,27.42,85.98,2.57,17.53
20210618,1.3521,27.36,81.23,1.96,11.32
20210619,1.3521,27.52,78.55,1.67,16.4
20210620,1.3521,27.73,79.06,1.93,32.0
20210621,1.3521,27.16,85.07,2.35,6.01
20210622,1.3521,27.22,83.78,2.35,3.21
20210623,1.3521,27.26,81.28,2.71,1.66
20210624,1.3521,27.7,79.86,1.83,2.59
20210625,1.3521,27.43,83.81,1.94,5.75
20210626,1.3521,27.19,84.83,2.35,10.99
20210627,1.3521,26.87,86.8,2.71,9.19
20210628,1.3521,27.13,83.32,1.92,3.79
20210629,1.3521,27.01,82.94,1.94,7.23
20210630,1.3521,26.74,85.71,3.1,4.34
20210701,1.3521,27.09,85.82,3.71,1.48
20210702,1.3521,27.58,82.91,1.84,4.29
20210703,1.3521,27.28,83.99,2.1,12.36
20210704,1.3521,26.95,86.11,2.53,1.92
20210705,1.3521,26.69,89.84,3.31,32.08
20210706,1.3521,27.07,85.6,2.79,83.05
20210707,1.3521,27.17,86.25,2.44,43.96
20210708,1.3521,27.11,86.87,2.76,51.91
20210709,1.3521,27.39,86.37,2.89,56.16
20210710,1.3521,26.71,88.01,2.37,17.97
20210711,1.3521,26.54,88.95,2.6,15.14
20210712,1.3521,26.29,88.0,2.24,14.65
20210713,1.3521,25.87,85.99,3.44,16.7
20210714,1.3521,26.17,83.66,3.36,0.78
20210715,1.3521,26.96,84.71,2.79,0.23
20210716,1.3521,27.57,84.21,3.21,0.44
20210717,1.3521,27.52,85.33,3.09,0.67
20210718,1.3521,27.68,83.72,2.92,1.02
20210719,1.3521,27.64,84.79,2.93,2.33
20210720,1.3521,27.37,86.1,2.27,6.68
20210721,1.3521,27.39,88.27,3.92,46.89
20210722,1.3521,27.37,86.93,3.42,37.91
20210723,1.3521,27.81,86.35,3.1,11.18
20210724,1.3521,27.38,87.82,3.27,9.64
20210725,1.3521,27.69,85.47,3.7,0.89
20210726,1.3521,27.4,86.51,3.57,0.45
20210727,1.3521,27.25,85.54,3.44,0.76
20210728,1.3521,27.27,85.38,3.8,0.52
20210729,1.3521,27.01,85.73,3.71,0.76
20210730,1.3521,27.47,85.43,2.88,2.45
20210731,1.3521,27.27,85.62,2.66,5.25
20210801,1.3521,26.41,88.9,2.87,10.33
20210802,1.3521,26.8,87.06,2.89,1.55
20210803,1.3521,27.36,85.54,2.65,7.79
20210804,1.3521,27.15,87.26,2.73,16.05
20210805,1.3521,26.75,89.52,3.69,37.19
20210806,1.3521,27.11,88.75,3.52,74.95
20210807,1.3521,27.37,88.47,2.68,61.96
20210808,1.3521,27.51,86.68,2.17,23.33
20210809,1.3521,27.53,84.26,1.9,15.93
20210810,1.3521,27.64,85.84,2.73,15.28
20210811,1.3521,27.62,85.1,3.7,4.83
20210812,1.3521,27.5,83.78,3.49,2.87
20210813,1.3521,27.23,84.92,2.96,5.05
20210814,1.3521,26.93,86.29,2.54,8.62
20210815,1.3521,27.2,83.86,2.21,12.47
20210816,1.3521,27.25,81.91,2.29,5.09
20210817,1.3521,27.01,81.29,1.51,9.27
20210818,1.3521,26.18,85.82,1.79,22.73
20210819,1.3521,26.03,85.06,2.67,7.47
20210820,1.3521,26.04,85.57,1.88,23.47
20210821,1.3521,26.12,87.46,3.14,1.43
20210822,1.3521,26.03,88.71,2.93,12.28
20210823,1.3521,26.72,83.71,1.88,10.14
20210824,1.3521,26.25,87.47,2.31,15.57
20210825,1.3521,26.17,88.87,3.89,7.65
20210826,1.3521,26.49,87.08,3.1,5.9
20210827,1.3521,26.55,87.63,3.32,5.74
20210828,1.3521,27.21,85.15,3.08,3.14
20210829,1.3521,26.69,87.51,3.02,14.73
20210830,1.3521,26.36,87.47,3.09,7.7
20210831,1.3521,26.89,86.37,2.89,15.07
20210901,1.3521,26.58,85.93,3.47,17.65
20210902,1.3521,26.09,88.33,3.21,37.69
20210903,1.3521,26.76,85.73,2.7,6.77
20210904,1.3521,26.98,83.54,2.76,14.01
20210905,1.3521,27.07,82.89,2.46,9.09
20210906,1.3521,26.96,83.24,2.15,7.03
20210907,1.3521,26.98,85.24,2.89,10.37
20210908,1.3521,26.84,85.26,3.88,6.96
20210909,1.3521,27.15,82.64,3.1,5.37
20210910,1.3521,26.78,87.73,2.53,78.18
20210911,1.3521,27.19,84.68,3.12,6.7
20210912,1.3521,27.33,87.42,2.87,12.45
20210913,1.3521,26.19,86.9,3.18,28.71
20210914,1.3521,26.15,83.13,2.26,2.51
20210915,1.3521,27.13,84.15,2.7,2.13
20210916,1.3521,27.32,85.67,3.19,5.16
20210917,1.3521,27.69,82.96,2.87,2.34
20210918,1.3521,27.54,82.77,2.23,2.14
20210919,1.3521,26.96,87.57,3.22,14.29
20210920,1.3521,27.09,83.95,2.76,2.57
20210921,1.3521,27.67,84.2,3.29,12.11
20210922,1.3521,27.76,84.58,2.81,8.0
20210923,1.3521,27.41,84.91,2.25,6.34
20210924,1.3521,27.82,83.18,2.56,4.14
20210925,1.3521,28.5,78.64,1.38,5.95
20210926,1.3521,27.5,86.46,3.27,10.12
20210927,1.3521,27.52,81.41,1.39,18.57
20210928,1.3521,27.8,80.81,1.3,4.04
20210929,1.3521,27.99,81.39,1.71,5.3
20210930,1.3521,26.48,87.43,3.99,24.21
20211001,1.3521,26.41,86.47,3.76,19.78
20211002,1.3521,26.27,84.56,2.9,4.07
20211003,1.3521,27.85,73.89,1.28,0.13
20211004,1.3521,28.11,77.57,2.38,0.62
20211005,1.3521,27.23,86.65,2.97,3.67
20211006,1.3521,27.45,82.66,3.56,0.67
20211007,1.3521,27.24,85.9,3.14,1.11
20211008,1.3521,27.32,86.19,3.02,1.71
20211009,1.3521,27.68,86.65,2.81,3.79
20211010,1.3521,27.59,86.24,2.83,13.29
20211011,1.3521,27.58,76.24,3.99,7.73
20211012,1.3521,27.9,84.36,2.75,4.18
20211013,1.3521,27.84,85.23,2.58,5.75
20211014,1.3521,27.44,87.64,4.08,3.36
20211015,1.3521,27.78,85.39,3.52,1.89
20211016,1.3521,27.5,85.46,3.28,3.38
20211017,1.3521,27.87,81.81,1.59,21.37
20211018,1.3521,26.9,84.77,2.08,11.63
20211019,1.3521,27.13,83.99,2.21,7.32
20211020,1.3521,26.79,84.13,2.32,33.37
20211021,1.3521,26.64,83.68,1.85,5.21
20211022,1.3521,27.27,80.96,1.39,14.18
20211023,1.3521,28.19,78.01,0.96,5.69
20211024,1.3521,28.02,79.55,1.16,4.6
20211025,1.3521,28.04,81.61,1.46,7.21
20211026,1.3521,28.32,81.59,1.77,7.92
20211027,1.3521,27.65,83.02,2.41,4.72
20211028,1.3521,27.62,80.65,2.15,5.94
20211029,1.3521,27.52,84.73,2.84,4.78
20211030,1.3521,28.08,80.59,1.83,4.79
20211031,1.3521,27.76,82.76,1.68,9.24
20211101,1.3521,27.29,84.56,1.79,20.68
20211102,1.3521,26.32,89.3,2.81,22.6
20211103,1.3521,26.4,86.52,2.56,4.01
20211104,1.3521,26.99,83.89,1.52,11.09
20211105,1.3521,27.93,81.67,1.3,14.86
20211106,1.3521,28.05,81.8,1.73,2.7
20211107,1.3521,27.54,83.55,1.97,13.06
20211108,1.3521,28.24,76.21,0.77,2.35
20211109,1.3521,27.55,87.26,2.69,5.15
20211110,1.3521,26.48,90.52,2.42,18.36
20211111,1.3521,26.46,86.69,3.21,4.75
20211112,1.3521,27.27,85.0,2.99,2.03
20211113,1.3521,27.26,86.23,2.5,6.02
20211114,1.3521,28.0,82.91,1.58,2.33
20211115,1.3521,27.85,80.36,2.0,5.37
20211116,1.3521,28.13,79.71,1.63,2.94
20211117,1.3521,27.81,82.08,1.44,13.84
20211118,1.3521,27.13,82.71,1.27,8.4
20211119,1.3521,27.57,83.17,1.49,8.62
20211120,1.3521,27.01,88.78,2.05,38.86
20211121,1.3521,27.89,81.03,1.52,9.76
20211122,1.3521,27.8,80.47,1.45,4.78
20211123,1.3521,28.03,79.87,0.78,11.18
20211124,1.3521,26.99,83.79,1.17,16.94
20211125,1.3521,27.11,81.57,1.64,1.99
20211126,1.3521,26.58,86.66,2.74,6.5
20211127,1.3521,26.59,85.8,2.42,6.3
20211128,1.3521,27.11,83.51,2.37,10.23
20211129,1.3521,27.07,84.37,3.37,1.22
20211130,1.3521,27.52,82.86,2.55,0.99
20211201,1.3521,28.16,77.89,2.12,2.35
20211202,1.3521,26.83,89.94,2.7,17.14
20211203,1.3521,26.04,90.05,3.01,4.58
20211204,1.3521,26.25,90.23,3.77,2.71
20211205,1.3521,25.89,91.22,2.99,3.02
20211206,1.3521,25.97,87.6,3.78,0.95
20211207,1.3521,26.43,89.04,4.49,2.58
20211208,1.3521,26.57,87.09,5.32,0.92
20211209,1.3521,26.76,85.89,4.35,0.24
20211210,1.3521,26.65,89.46,4.02,6.05
20211211,1.3521,26.27,91.59,3.26,16.79
20211212,1.3521,26.18,92.01,3.86,15.77
20211213,1.3521,26.42,89.53,4.03,6.95
20211214,1.3521,26.56,88.39,4.26,2.83
20211215,1.3521,26.44,90.73,3.43,6.82
20211216,1.3521,26.86,89.18,3.59,4.38
20211217,1.3521,26.68,90.29,3.82,6.62
20211218,1.3521,26.97,82.95,1.98,31.91
20211219,1.3521,26.44,87.2,3.14,14.83
20211220,1.3521,25.95,86.85,2.97,1.65
20211221,1.3521,26.77,86.15,2.21,3.5
20211222,1.3521,27.22,85.09,1.59,8.86
20211223,1.3521,27.24,82.92,1.3,18.52
20211224,1.3521,27.05,86.1,1.76,13.12
20211225,1.3521,26.7,89.52,3.41,9.38
20211226,1.3521,26.74,89.29,3.71,54.57
20211227,1.3521,26.73,87.04,3.9,18.09
20211228,1.3521,26.43,88.5,4.13,0.49
20211229,1.3521,26.58,88.29,3.27,2.08
20211230,1.3521,26.3,89.96,3.16,1.23
20211231,1.3521,25.76,92.63,3.66,24.93
20220101,1.3521,25.7,91.43,3.33,29.59
20220102,1.3521,25.89,89.25,2.28,38.6
20220103,1.3521,25.52,91.06,3.31,17.59
20220104,1.3521,26.24,89.47,3.11,2.7
20220105,1.3521,26.44,89.44,3.28,1.37
20220106,1.3521,26.38,89.97,3.43,3.19
20220107,1.3521,26.48,89.34,2.93,8.66
20220108,1.3521,26.11,91.46,3.68,7.24
20220109,1.3521,26.45,89.47,4.25,6.44
20220110,1.3521,26.14,87.35,4.69,2.21
20220111,1.3521,25.94,88.58,3.97,37.96
20220112,1.3521,25.91,88.24,4.5,25.35
20220113,1.3521,25.71,86.8,4.47,0.97
20220114,1.3521,25.34,87.49,4.65,0.93
20220115,1.3521,25.69,87.97,4.04,10.29
20220116,1.3521,26.16,89.16,4.07,5.83
20220117,1.3521,26.04,89.75,4.33,1.4
20220118,1.3521,25.96,88.04,4.58,1.04
20220119,1.3521,25.6,89.81,3.89,3.86
20220120,1.3521,25.75,87.33,3.11,3.44
20220121,1.3521,26.0,86.98,3.95,0.48
20220122,1.3521,26.38,85.06,3.07,0.41
20220123,1.3521,26.27,85.09,2.82,0.26
20220124,1.3521,26.47,83.63,2.34,0.22
20220125,1.3521,26.47,85.64,3.54,0.5
20220126,1.3521,26.24,85.64,3.83,2.03
20220127,1.3521,26.08,85.32,3.29,2.97
20220128,1.3521,26.37,83.81,3.47,0.66
20220129,1.3521,26.5,83.78,3.08,4.83
20220130,1.3521,26.45,86.79,3.4,14.4
20220131,1.3521,26.5,85.18,3.06,3.96
20220201,1.3521,26.37,85.86,3.77,0.4
20220202,1.3521,26.61,84.76,3.04,0.24
20220203,1.3521,26.66,87.36,3.25,2.87
20220204,1.3521,26.56,87.98,4.31,1.8
20220205,1.3521,26.48,88.23,3.88,9.85
20220206,1.3521,26.07,92.12,3.16,16.89
20220207,1.3521,25.43,90.9,3.83,20.39
20220208,1.3521,25.18,89.27,2.66,8.34
20220209,1.3521,25.57,89.8,2.24,48.4
20220210,1.3521,25.16,90.93,2.51,81.1
20220211,1.3521,25.0,91.23,3.34,23.5
20220212,1.3521,25.73,85.92,2.87,61.19
20220213,1.3521,26.84,83.63,1.96,15.56
20220214,1.3521,26.9,87.72,2.68,8.65
20220215,1.3521,26.48,89.46,2.73,8.97
20220216,1.3521,26.45,86.68,1.96,6.79
20220217,1.3521,27.24,80.87,1.24,2.26
20220218,1.3521,27.04,86.61,2.97,1.58
20220219,1.3521,26.48,88.07,2.31,2.51
20220220,1.3521,26.56,89.05,2.37,4.75
20220221,1.3521,26.64,86.81,3.07,2.75
20220222,1.3521,26.42,86.99,3.37,2.06
20220223,1.3521,26.13,91.38,2.96,19.91
20220224,1.3521,25.53,91.89,3.41,35.11
20220225,1.3521,26.09,89.09,2.68,7.79
20220226,1.3521,26.44,85.91,1.64,6.97
20220227,1.3521,26.45,89.9,3.3,6.85
20220228,1.3521,26.53,89.82,3.58,4.21
20220301,1.3521,26.74,87.23,3.07,6.83
20220302,1.3521,26.56,88.11,3.07,6.78
20220303,1.3521,26.35,89.9,3.22,7.41
20220304,1.3521,26.23,90.04,3.21,11.97
20220305,1.3521,25.95,89.19,2.59,8.41
20220306,1.3521,26.34,85.79,1.78,5.48
20220307,1.3521,26.66,86.23,2.42,13.63
20220308,1.3521,27.39,82.93,1.99,1.86
20220309,1.3521,26.8,88.24,2.99,3.92
20220310,1.3521,26.67,89.37,2.77,4.5
20220311,1.3521,27.26,84.87,2.57,1.58
20220312,1.3521,27.07,85.96,3.47,0.56
20220313,1.3521,27.63,84.32,2.25,0.39
20220314,1.3521,28.7,83.19,1.23,6.76
20220315,1.3521,27.47,87.75,1.62,19.12
20220316,1.3521,27.73,84.1,1.81,8.79
20220317,1.3521,27.8,85.13,1.85,10.64
20220318,1.3521,26.96,85.42,1.86,12.97
20220319,1.3521,27.81,80.43,1.33,1.17
20220320,1.3521,27.41,85.77,2.28,15.71
20220321,1.3521,27.76,81.83,2.22,4.74
20220322,1.3521,27.63,85.51,1.94,4.73
20220323,1.3521,28.12,83.31,1.78,3.65
20220324,1.3521,28.29,81.85,1.52,4.82
20220325,1.3521,27.74,85.85,2.3,6.51
20220326,1.3521,27.87,81.35,1.5,5.26
20220327,1.3521,27.99,81.89,1.8,4.46
20220328,1.3521,28.05,83.24,2.03,4.71
20220329,1.3521,27.82,85.06,2.21,3.93
20220330,1.3521,27.97,82.02,1.94,2.16
20220331,1.3521,27.76,84.13,2.05,3.47
20220401,1.3521,28.22,79.08,1.84,3.19
20220402,1.3521,28.19,79.18,1.41,14.13
20220403,1.3521,27.57,82.24,1.92,10.78
20220404,1.3521,27.37,82.6,1.84,5.13
20220405,1.3521,26.95,87.2,2.87,7.7
20220406,1.3521,27.0,85.62,2.26,10.99
20220407,1.3521,26.42,85.56,2.19,15.41
20220408,1.3521,27.29,82.63,1.99,6.78
20220409,1.3521,27.06,85.01,1.8,6.72
20220410,1.3521,27.51,82.67,1.23,6.84
20220411,1.3521,27.85,81.59,1.42,10.04
20220412,1.3521,28.82,74.99,1.22,9.38
20220413,1.3521,28.27,78.84,1.24,19.27
20220414,1.3521,28.04,81.14,1.9,5.91
20220415,1.3521,27.87,84.94,2.04,16.3
20220416,1.3521,28.1,81.78,2.13,5.25
20220417,1.3521,28.68,80.28,1.39,10.74
20220418,1.3521,27.85,84.83,2.15,12.09
20220419,1.3521,27.81,83.61,1.99,7.79
20220420,1.3521,28.21,80.69,1.74,5.54
20220421,1.3521,27.97,80.69,1.6,13.12
20220422,1.3521,27.92,84.26,2.58,3.37
20220423,1.3521,28.3,82.84,1.78,1.76
20220424,1.3521,28.6,80.27,1.57,1.89
20220425,1.3521,27.81,84.59,1.93,3.13
20220426,1.3521,28.01,81.2,1.76,42.83
20220427,1.3521,28.62,79.57,1.36,41.86
20220428,1.3521,28.91,82.48,1.3,21.27
20220429,1.3521,28.64,81.34,1.45,24.85
20220430,1.3521,28.58,80.82,1.17,12.09
20220501,1.3521,28.13,84.6,1.97,6.77
20220502,1.3521,27.62,87.04,2.35,18.37
20220503,1.3521,27.6,85.97,2.42,13.41
20220504,1.3521,27.72,86.43,2.9,7.55
20220505,1.3521,27.83,85.41,2.89,3.93
20220506,1.3521,28.04,87.94,2.92,4.19
20220507,1.3521,27.65,89.64,3.59,8.02
20220508,1.3521,27.7,86.32,3.25,3.56
20220509,1.3521,27.73,89.27,3.04,11.63
20220510,1.3521,28.35,86.94,2.65,12.18
20220511,1.3521,28.23,86.45,2.06,7.53
20220512,1.3521,28.23,83.06,2.88,1.82
20220513,1.3521,29.18,78.7,1.37,3.5
20220514,1.3521,28.78,89.23,2.47,13.1
20220515,1.3521,28.38,86.42,2.16,14.85
20220516,1.3521,27.69,87.76,2.03,12.44
20220517,1.3521,28.13,78.44,1.58,0.41
20220518,1.3521,28.19,85.29,2.52,0.35
20220519,1.3521,28.31,83.56,1.75,5.32
20220520,1.3521,28.69,78.96,1.25,3.64
20220521,1.3521,27.86,85.52,2.11,22.85
20220522,1.3521,27.94,83.99,2.3,38.46
20220523,1.3521,28.55,83.0,1.99,33.23
20220524,1.3521,28.63,84.41,1.71,48.44
20220525,1.3521,27.93,86.53,2.75,60.07
20220526,1.3521,28.16,78.19,1.73,2.14
20220527,1.3521,28.17,79.51,1.98,0.76
20220528,1.3521,28.06,80.96,2.43,0.54
20220529,1.3521,28.24,79.54,2.14,0.03
20220530,1.3521,28.6,77.58,1.59,0.71
20220531,1.3521,28.66,79.53,1.46,2.69
20220601,1.3521,28.75,78.38,1.67,6.69
20220602,1.3521,27.86,83.73,2.15,21.61
20220603,1.3521,27.31,82.59,2.71,8.17
20220604,1.3521,27.43,82.12,2.0,10.49
20220605,1.3521,27.58,81.7,1.99,10.0
20220606,1.3521,27.16,86.32,2.88,11.89
20220607,1.3521,27.62,83.54,2.02,11.16
20220608,1.3521,28.65,75.53,0.98,17.03
20220609,1.3521,27.52,80.92,1.65,9.41
20220610,1.3521,27.8,78.07,2.18,9.16
20220611,1.3521,27.48,82.44,2.04,4.8
20220612,1.3521,26.99,85.08,1.9,10.28
20220613,1.3521,28.72,74.48,1.42,5.23
20220614,1.3521,27.82,84.77,2.22,7.0
20220615,1.3521,27.38,84.69,2.41,8.63
20220616,1.3521,27.4,82.62,2.04,16.09
20220617,1.3521,27.28,80.98,1.98,2.67
20220618,1.3521,27.93,79.17,1.77,9.23
20220619,1.3521,28.55,77.28,1.25,6.42
20220620,1.3521,26.9,89.3,2.7,54.68
20220621,1.3521,27.05,87.34,2.77,33.06
20220622,1.3521,26.69,89.69,3.47,50.1
20220623,1.3521,26.67,87.69,2.41,26.77
20220624,1.3521,26.74,87.33,2.7,15.16
20220625,1.3521,26.77,86.7,2.42,6.02
20220626,1.3521,27.46,88.26,2.95,3.88
20220627,1.3521,28.01,79.94,2.16,1.74
20220628,1.3521,27.53,86.91,2.58,1.62
20220629,1.3521,27.13,86.64,3.0,3.2
20220630,1.3521,26.6,87.17,3.98,3.27
20220701,1.3521,27.33,85.32,3.69,0.09
20220702,1.3521,27.57,84.34,3.81,0.31
20220703,1.3521,27.54,85.86,3.06,0.43
20220704,1.3521,28.02,85.79,2.37,1.09
20220705,1.3521,27.67,86.34,2.1,9.35
20220706,1.3521,28.6,77.27,1.66,16.27
20220707,1.3521,28.09,83.72,2.37,7.09
20220708,1.3521,27.54,85.64,3.37,7.83
20220709,1.3521,27.55,84.9,2.6,2.83
20220710,1.3521,27.61,85.26,2.56,3.75
20220711,1.3521,27.47,84.93,2.44,1.45
20220712,1.3521,28.02,82.1,2.3,1.39
20220713,1.3521,27.42,85.4,1.89,1.2
20220714,1.3521,28.0,83.71,2.04,5.38
20220715,1.3521,27.76,85.17,2.78,5.1
20220716,1.3521,27.22,87.47,4.08,2.82
20220717,1.3521,27.79,84.89,2.82,1.13
20220718,1.3521,27.71,86.07,2.93,1.16
20220719,1.3521,28.07,86.52,3.12,5.27
20220720,1.3521,27.38,89.09,2.99,12.13
20220721,1.3521,27.53,86.43,2.46,10.86
20220722,1.3521,27.51,87.02,2.51,7.54
20220723,1.3521,27.96,81.22,1.75,2.74
20220724,1.3521,27.98,81.26,1.25,3.34
20220725,1.3521,27.3,84.43,1.72,13.99
20220726,1.3521,26.57,87.87,2.64,4.34
20220727,1.3521,27.34,87.03,3.72,2.79
20220728,1.3521,27.7,88.91,3.54,12.12
20220729,1.3521,27.38,87.68,3.24,5.26
20220730,1.3521,27.19,85.29,3.48,1.4
20220731,1.3521,27.49,84.24,3.45,8.74
20220801,1.3521,27.93,83.58,2.46,5.35
20220802,1.3521,27.16,86.86,2.4,16.13
20220803,1.3521,26.74,84.74,2.45,23.27
20220804,1.3521,26.29,87.03,2.39,6.17
20220805,1.3521,27.17,80.43,1.96,3.39
20220806,1.3521,27.93,76.31,1.91,4.55
20220807,1.3521,27.18,86.0,3.2,33.86
20220808,1.3521,27.67,84.31,3.47,21.66
20220809,1.3521,27.74,83.49,2.94,3.74
20220810,1.3521,27.41,86.29,3.67,1.69
20220811,1.3521,27.65,85.66,3.76,1.41
20220812,1.3521,27.9,87.34,3.06,4.99
20220813,1.3521,27.56,82.78,2.37,8.68
20220814,1.3521,27.93,78.11,2.23,4.95
20220815,1.3521,27.56,84.94,2.54,2.5
20220816,1.3521,27.69,83.08,2.3,2.34
20220817,1.3521,27.8,85.62,3.49,2.87
20220818,1.3521,27.59,85.25,3.61,2.76
20220819,1.3521,27.72,84.04,3.01,2.65
20220820,1.3521,27.61,84.83,2.47,7.4
20220821,1.3521,27.23,83.52,2.65,8.23
20220822,1.3521,27.21,85.29,2.61,1.6
20220823,1.3521,27.04,85.72,2.3,5.26
20220824,1.3521,27.2,85.88,2.67,7.84
20220825,1.3521,26.81,89.87,3.8,23.02
20220826,1.3521,26.96,86.39,2.81,13.11
20220827,1.3521,26.58,83.85,1.51,35.91
20220828,1.3521,27.23,80.28,1.9,5.04
20220829,1.3521,26.78,84.87,2.0,8.95
20220830,1.3521,26.79,86.66,2.62,3.95
20220831,1.3521,27.19,84.94,2.05,3.22
20220901,1.3521,27.52,82.58,2.03,5.76
20220902,1.3521,27.42,83.14,2.8,5.24
20220903,1.3521,27.01,85.23,3.56,16.31
20220904,1.3521,27.66,83.46,2.78,13.13
20220905,1.3521,28.09,78.91,1.83,11.55
20220906,1.3521,27.86,82.06,1.85,7.42
20220907,1.3521,27.18,84.75,2.63,11.29
20220908,1.3521,26.25,85.08,2.18,6.08
20220909,1.3521,26.47,86.66,2.4,19.65
20220910,1.3521,27.23,83.29,2.49,6.02
20220911,1.3521,26.82,83.73,2.47,14.54
20220912,1.3521,27.16,76.11,1.98,1.71
20220913,1.3521,26.84,80.3,2.1,3.5
20220914,1.3521,25.86,87.51,3.8,9.56
20220915,1.3521,26.68,86.23,2.32,5.61
20220916,1.3521,27.45,83.35,2.36,2.45
20220917,1.3521,26.93,88.01,3.27,4.57
20220918,1.3521,26.45,89.33,3.67,20.68
20220919,1.3521,26.73,83.2,2.68,3.78
20220920,1.3521,27.01,83.76,2.41,5.3
20220921,1.3521,27.43,82.41,2.69,3.9
20220922,1.3521,26.19,88.07,3.51,10.45
20220923,1.3521,26.6,85.96,2.66,14.38
20220924,1.3521,26.65,86.69,3.35,21.0
20220925,1.3521,26.49,88.02,3.34,22.34
20220926,1.3521,27.18,85.29,3.15,23.12
20220927,1.3521,27.1,84.59,2.58,69.94
20220928,1.3521,27.83,77.35,1.75,40.08
20220929,1.3521,27.08,84.61,2.14,5.58
20220930,1.3521,27.49,83.32,2.19,4.57
20221001,1.3521,27.51,83.02,1.22,5.29
20221002,1.3521,27.13,85.06,1.39,15.78
20221003,1.3521,27.55,81.62,1.14,20.34
20221004,1.3521,27.83,79.46,1.67,12.55
20221005,1.3521,26.95,84.06,2.05,12.34
20221006,1.3521,27.24,80.42,1.55,10.53
20221007,1.3521,26.07,88.67,2.76,16.7
20221008,1.3521,26.72,84.55,2.64,8.06
20221009,1.3521,27.52,81.39,2.09,3.18
20221010,1.3521,26.74,84.43,1.82,4.62
20221011,1.3521,27.61,78.99,1.63,7.18
20221012,1.3521,26.74,83.96,2.6,9.24
20221013,1.3521,27.27,82.43,2.75,4.28
20221014,1.3521,26.5,86.32,3.53,9.86
20221015,1.3521,27.28,86.73,3.36,11.54
20221016,1.3521,27.13,85.5,2.58,15.88
20221017,1.3521,27.48,82.73,2.13,62.36
20221018,1.3521,27.98,79.78,1.46,35.35
20221019,1.3521,27.69,80.4,1.81,8.02
20221020,1.3521,27.07,84.37,1.8,6.27
20221021,1.3521,28.15,77.74,0.94,16.23
20221022,1.3521,27.05,87.12,1.7,21.07
20221023,1.3521,26.8,86.96,2.62,2.51
20221024,1.3521,26.72,86.59,2.48,4.36
20221025,1.3521,26.73,86.75,2.31,7.03
20221026,1.3521,25.7,91.14,2.93,25.16
20221027,1.3521,26.79,86.76,3.65,3.3
20221028,1.3521,27.0,87.85,3.37,9.92
20221029,1.3521,26.88,86.84,2.89,13.9
20221030,1.3521,27.12,86.65,2.84,29.76
20221031,1.3521,27.16,85.66,2.73,25.62
20221101,1.3521,26.71,86.28,2.34,113.7
20221102,1.3521,27.57,77.06,1.45,70.89
20221103,1.3521,27.5,80.84,1.51,4.11
20221104,1.3521,27.34,82.88,1.94,16.99
20221105,1.3521,26.76,88.7,1.88,12.18
20221106,1.3521,27.1,83.01,0.97,9.44
20221107,1.3521,27.05,84.5,1.47,11.9
20221108,1.3521,26.34,89.72,2.65,23.75
20221109,1.3521,26.06,90.77,3.34,8.81
20221110,1.3521,26.48,87.61,2.17,30.61
20221111,1.3521,26.66,84.35,1.63,2.69
20221112,1.3521,26.26,90.61,2.47,16.95
20221113,1.3521,26.78,88.87,2.09,16.13
20221114,1.3521,26.71,85.8,2.77,12.66
20221115,1.3521,27.0,85.6,2.39,3.96
20221116,1.3521,27.26,86.22,2.29,14.69
20221117,1.3521,26.46,89.06,3.12,11.65
20221118,1.3521,26.79,88.14,2.92,2.67
20221119,1.3521,26.5,91.52,3.29,15.67
20221120,1.3521,27.04,89.12,4.0,8.71
20221121,1.3521,27.15,88.12,3.57,6.86
20221122,1.3521,27.32,86.76,3.2,3.49
20221123,1.3521,26.93,86.22,3.11,5.2
20221124,1.3521,27.29,83.77,2.56,6.55
20221125,1.3521,26.82,83.97,3.24,6.28
20221126,1.3521,27.81,79.24,1.53,1.25
20221127,1.3521,27.85,79.13,0.98,5.84
20221128,1.3521,27.32,82.51,1.45,8.75
20221129,1.3521,27.14,85.21,1.99,5.83
20221130,1.3521,26.84,85.13,2.27,24.55
20221201,1.3521,26.6,86.59,2.49,17.76
20221202,1.3521,26.35,87.67,3.47,22.31
20221203,1.3521,26.61,86.01,2.74,4.43
20221204,1.3521,26.83,84.8,2.34,3.8
20221205,1.3521,27.32,82.68,1.18,11.04
20221206,1.3521,27.01,83.95,1.76,4.09
20221207,1.3521,26.85,87.17,2.58,4.74
20221208,1.3521,26.29,90.54,2.85,12.16
20221209,1.3521,26.15,87.3,2.51,18.28
20221210,1.3521,26.32,86.25,3.19,9.44
20221211,1.3521,26.09,85.74,1.58,19.16
20221212,1.3521,25.88,89.12,2.04,10.04
20221213,1.3521,26.11,91.36,3.3,9.73
20221214,1.3521,25.92,92.93,3.47,12.67
20221215,1.3521,25.39,90.14,2.98,12.04
20221216,1.3521,26.57,85.6,3.17,1.79
20221217,1.3521,26.41,89.85,3.17,8.17
20221218,1.3521,26.79,86.03,2.49,7.84
20221219,1.3521,26.26,91.38,3.32,12.93
20221220,1.3521,26.34,89.58,2.74,6.2
20221221,1.3521,26.34,90.56,2.89,4.9
20221222,1.3521,25.73,91.67,3.91,5.76
20221223,1.3521,25.74,89.23,3.82,5.37
20221224,1.3521,25.87,86.16,4.22,0.73
20221225,1.3521,25.85,84.97,4.4,0.26
20221226,1.3521,25.93,85.95,4.54,0.04
20221227,1.3521,25.64,87.35,4.25,1.94
20221228,1.3521,25.85,86.2,3.6,1.91
20221229,1.3521,25.54,87.7,3.69,25.75
20221230,1.3521,26.14,85.39,4.1,87.6
20221231,1.3521,25.44,89.31,4.3,13.0
20230101,1.3521,25.93,87.3,3.49,1.41
20230102,1.3521,26.07,87.75,3.99,0.43
20230103,1.3521,25.73,90.13,3.7,4.66
20230104,1.3521,25.6,88.94,3.66,5.55
20230105,1.3521,25.76,87.59,3.8,0.62
20230106,1.3521,25.39,87.39,3.33,0.43
20230107,1.3521,26.22,84.74,2.51,1.92
20230108,1.3521,26.34,87.87,2.88,1.38
20230109,1.3521,26.5,85.59,1.88,0.82
20230110,1.3521,26.9,82.01,1.47,2.08
20230111,1.3521,26.88,82.43,1.13,12.43
20230112,1.3521,27.26,82.25,1.47,42.06
20230113,1.3521,27.14,81.81,1.48,27.8
20230114,1.3521,27.43,77.31,1.1,10.64
20230115,1.3521,27.43,78.28,2.01,11.15
20230116,1.3521,25.89,88.17,3.16,6.06
20230117,1.3521,26.22,84.49,4.08,0.34
20230118,1.3521,25.91,87.88,4.23,1.84
20230119,1.3521,25.73,88.91,4.07,8.86
20230120,1.3521,25.88,91.52,4.27,17.05
20230121,1.3521,26.35,88.58,3.59,18.09
20230122,1.3521,25.84,88.37,3.0,12.05
20230123,1.3521,26.19,88.89,2.67,30.95
20230124,1.3521,25.2,93.54,3.97,48.7
20230125,1.3521,24.94,92.81,4.31,92.09
20230126,1.3521,24.88,92.79,3.31,4.32
20230127,1.3521,25.65,91.23,3.62,2.79
20230128,1.3521,25.13,93.85,4.78,19.89
20230129,1.3521,24.96,93.75,5.06,9.42
20230130,1.3521,25.33,93.75,4.48,5.1
20230131,1.3521,25.29,93.85,4.29,9.0
20230201,1.3521,25.74,91.59,3.12,3.1
20230202,1.3521,25.79,91.92,1.9,4.42
20230203,1.3521,25.92,92.4,2.08,14.45
20230204,1.3521,25.53,92.51,3.11,14.56
20230205,1.3521,25.75,90.82,2.75,6.32
20230206,1.3521,25.5,90.75,3.05,8.17
20230207,1.3521,25.79,90.06,3.15,0.78
20230208,1.3521,26.15,89.05,3.04,0.99
20230209,1.3521,26.11,89.35,2.85,1.72
20230210,1.3521,26.37,89.12,3.48,4.46
20230211,1.3521,26.46,89.53,3.18,8.22
20230212,1.3521,26.22,88.31,2.03,15.47
20230213,1.3521,26.27,87.04,2.46,10.13
20230214,1.3521,26.21,89.47,2.33,15.57
20230215,1.3521,25.86,89.64,3.8,17.79
20230216,1.3521,26.01,85.63,3.79,0.45
20230217,1.3521,25.9,88.91,3.52,0.95
20230218,1.3521,26.37,88.62,3.97,1.48
20230219,1.3521,26.65,87.25,4.0,1.28
20230220,1.3521,26.18,88.81,3.93,12.29
20230221,1.3521,26.09,88.55,4.21,10.76
20230222,1.3521,25.98,88.7,3.76,115.44
20230223,1.3521,25.83,90.04,4.04,20.61
20230224,1.3521,25.99,85.46,4.69,0.42
20230225,1.3521,25.68,87.69,4.54,0.33
20230226,1.3521,25.78,89.48,5.5,5.9
20230227,1.3521,25.78,90.23,5.79,10.97
20230228,1.3521,25.2,93.76,3.83,135.15
20230301,1.3521,24.83,93.4,3.94,94.76
20230302,1.3521,25.13,90.9,3.0,34.9
20230303,1.3521,25.55,94.26,4.42,52.11
20230304,1.3521,25.15,93.23,4.9,48.73
20230305,1.3521,25.25,90.06,3.9,4.44
20230306,1.3521,25.49,89.44,4.14,3.06
20230307,1.3521,25.73,89.38,4.56,2.42
20230308,1.3521,26.06,89.27,4.46,0.71
20230309,1.3521,26.3,89.07,4.32,1.37
20230310,1.3521,26.44,88.64,4.53,3.4
20230311,1.3521,26.38,88.29,3.89,0.8
20230312,1.3521,26.32,87.56,3.56,8.42
20230313,1.3521,25.58,86.51,4.83,8.55
20230314,1.3521,25.55,86.71,4.48,51.17
20230315,1.3521,25.8,86.05,3.9,6.75
20230316,1.3521,26.11,87.66,3.91,66.09
20230317,1.3521,26.26,89.33,3.72,109.68
20230318,1.3521,26.64,87.54,3.28,5.34
20230319,1.3521,26.82,88.59,3.24,23.4
20230320,1.3521,26.57,89.47,3.3,30.75
20230321,1.3521,27.18,83.81,1.63,19.78
20230322,1.3521,26.93,86.02,2.2,2.29
20230323,1.3521,26.81,86.27,2.71,1.43
20230324,1.3521,27.1,85.38,2.11,1.7
20230325,1.3521,27.18,84.78,1.66,22.5
20230326,1.3521,27.73,81.51,1.74,9.93
20230327,1.3521,27.36,84.98,2.16,10.1
20230328,1.3521,27.04,83.39,2.47,6.26
20230329,1.3521,27.34,86.44,2.68,19.13
20230330,1.3521,26.93,87.86,3.15,16.16
20230331,1.3521,27.49,79.72,1.43,75.8
20230401,1.3521,27.53,81.89,1.22,46.0
20230402,1.3521,27.84,81.55,1.19,18.09
20230403,1.3521,26.19,88.52,2.68,8.18
20230404,1.3521,27.67,80.58,2.41,4.97
20230405,1.3521,27.2,85.0,2.39,4.66
20230406,1.3521,28.03,81.3,2.06,6.98
20230407,1.3521,28.12,81.86,1.46,6.18
20230408,1.3521,27.38,86.3,2.24,3.68
20230409,1.3521,27.33,86.31,3.22,1.75
20230410,1.3521,27.78,80.54,1.53,1.58
20230411,1.3521,27.65,82.87,2.05,0.62
20230412,1.3521,28.24,78.85,1.64,0.07
20230413,1.3521,29.13,77.69,1.01,1.59
20230414,1.3521,28.69,81.06,1.03,2.4
20230415,1.3521,28.37,87.12,1.86,17.29
20230416,1.3521,28.13,86.29,2.68,19.61
20230417,1.3521,28.65,78.81,1.87,3.37
20230418,1.3521,28.43,83.79,2.08,10.67
20230419,1.3521,28.32,82.24,2.16,4.99
20230420,1.3521,27.87,84.71,2.19,10.51
20230421,1.3521,28.3,83.0,1.94,5.49
20230422,1.3521,28.07,85.91,2.37,15.45
20230423,1.3521,28.54,85.62,2.64,21.22
20230424,1.3521,28.15,81.32,2.16,10.29
20230425,1.3521,28.31,80.94,2.09,4.81
20230426,1.3521,28.57,78.08,1.61,3.05
20230427,1.3521,28.39,80.74,2.12,1.59
20230428,1.3521,28.54,83.2,1.69,3.52
20230429,1.3521,28.74,82.85,1.75,5.8
20230430,1.3521,28.54,81.13,2.06,7.56
20230501,1.3521,28.5,84.19,2.6,4.46
20230502,1.3521,28.58,85.09,2.53,14.26
20230503,1.3521,28.76,81.17,2.33,9.9
20230504,1.3521,29.18,78.26,1.41,5.61
20230505,1.3521,28.88,81.77,1.8,10.68
20230506,1.3521,28.65,85.11,2.81,8.89
20230507,1.3521,27.85,87.26,4.24,4.61
20230508,1.3521,28.42,84.57,3.71,2.52
20230509,1.3521,28.9,78.39,2.87,2.01
20230510,1.3521,28.97,84.23,2.93,0.6
20230511,1.3521,28.67,85.36,2.94,2.22
20230512,1.3521,28.85,79.46,2.65,0.13
20230513,1.3521,29.29,75.75,1.97,0.38
20230514,1.3521,28.61,83.59,3.12,7.69
20230515,1.3521,28.56,82.87,2.55,5.79
20230516,1.3521,28.58,83.3,2.34,8.24
20230517,1.3521,28.77,81.3,1.81,13.52
20230518,1.3521,29.21,78.14,1.72,3.95
20230519,1.3521,28.05,85.86,2.66,8.99
20230520,1.3521,28.89,77.72,2.29,3.87
20230521,1.3521,27.77,84.63,1.88,14.4
20230522,1.3521,28.48,80.13,2.46,4.01
20230523,1.3521,28.38,81.37,2.24,5.1
20230524,1.3521,28.34,84.87,2.63,2.35
20230525,1.3521,28.2,87.09,3.04,6.7
20230526,1.3521,28.26,85.29,2.27,6.33
20230527,1.3521,28.31,84.42,2.16,5.81
20230528,1.3521,28.22,83.78,2.38,4.62
20230529,1.3521,28.45,82.68,2.79,3.37
20230530,1.3521,28.7,78.95,2.01,1.04
20230531,1.3521,28.31,83.39,2.6,3.0
20230601,1.3521,27.91,86.58,2.7,14.12
20230602,1.3521,28.57,81.83,2.42,4.03
20230603,1.3521,28.64,83.81,2.86,4.1
20230604,1.3521,27.86,85.57,2.31,14.98
20230605,1.3521,28.62,79.35,2.09,3.04
20230606,1.3521,28.31,81.23,2.21,4.56
20230607,1.3521,27.92,84.6,2.92,4.36
20230608,1.3521,27.71,86.77,3.08,12.97
20230609,1.3521,28.07,86.15,2.99,14.47
20230610,1.3521,28.2,85.32,3.44,5.95
20230611,1.3521,28.33,82.76,3.28,5.34
20230612,1.3521,27.84,85.75,3.51,10.67
20230613,1.3521,27.94,87.44,3.05,12.57
20230614,1.3521,27.95,85.57,2.34,7.81
20230615,1.3521,28.16,83.54,2.25,3.67
20230616,1.3521,28.22,84.88,3.28,1.96
20230617,1.3521,28.13,86.64,3.03,3.05
20230618,1.3521,28.97,76.6,1.56,2.68
20230619,1.3521,28.27,84.51,1.96,6.28
20230620,1.3521,28.13,84.93,2.48,4.15
20230621,1.3521,28.26,84.68,3.32,2.17
20230622,1.3521,28.34,82.23,2.76,0.35
20230623,1.3521,28.07,83.14,2.46,4.63
20230624,1.3521,28.4,79.92,1.82,5.94
20230625,1.3521,28.52,78.53,1.78,8.79
20230626,1.3521,27.3,85.56,2.85,24.27
20230627,1.3521,27.77,81.54,2.68,10.43
20230628,1.3521,27.83,81.64,2.18,7.97
20230629,1.3521,27.98,85.83,3.07,14.34
20230630,1.3521,28.17,86.95,3.09,14.76
20230701,1.3521,27.25,87.97,3.49,16.06
20230702,1.3521,27.65,85.16,3.36,1.29
20230703,1.3521,28.21,84.67,2.77,1.63
20230704,1.3521,28.43,83.22,2.35,1.47
20230705,1.3521,27.98,81.21,2.03,10.13
20230706,1.3521,28.22,75.52,1.06,4.86
20230707,1.3521,27.92,80.62,1.6,6.5
20230708,1.3521,27.91,85.61,2.9,44.97
20230709,1.3521,27.63,87.55,2.45,28.28
20230710,1.3521,27.58,86.11,2.17,14.74
20230711,1.3521,26.82,88.27,2.38,29.99
20230712,1.3521,27.63,84.26,2.5,9.69
20230713,1.3521,28.24,82.43,2.07,18.31
20230714,1.3521,27.25,88.51,2.91,74.29
20230715,1.3521,27.69,81.82,2.57,1.66
20230716,1.3521,27.76,86.35,3.18,57.47
20230717,1.3521,28.01,87.44,3.2,72.65
20230718,1.3521,27.43,90.0,2.9,26.62
20230719,1.3521,27.22,90.87,2.72,29.15
20230720,1.3521,26.73,89.6,3.3,18.59
20230721,1.3521,27.05,87.56,3.7,5.62
20230722,1.3521,27.92,86.36,3.43,1.72
20230723,1.3521,27.93,87.28,3.18,3.55
20230724,1.3521,28.05,85.56,2.99,1.91
20230725,1.3521,27.86,87.87,3.58,1.23
20230726,1.3521,28.02,88.48,3.77,12.88
20230727,1.3521,28.32,89.23,4.19,9.43
20230728,1.3521,28.48,89.38,3.72,6.38
20230729,1.3521,28.15,88.41,4.58,3.05
20230730,1.3521,27.88,85.37,4.78,0.62
20230731,1.3521,27.89,82.3,4.44,0.29
20230801,1.3521,28.07,84.01,3.37,14.05
20230802,1.3521,28.09,87.32,3.46,10.68
20230803,1.3521,27.41,88.74,3.55,9.94
20230804,1.3521,27.88,87.74,3.4,3.23
20230805,1.3521,28.02,85.27,4.02,1.87
20230806,1.3521,27.97,83.82,3.47,0.18
20230807,1.3521,27.92,85.02,3.37,0.64
20230808,1.3521,27.88,86.08,3.72,5.5
20230809,1.3521,27.61,87.49,3.64,85.25
20230810,1.3521,27.85,83.36,3.51,63.16
20230811,1.3521,27.83,83.15,3.53,60.46
20230812,1.3521,27.79,84.84,3.83,232.88
20230813,1.3521,27.83,84.8,3.65,59.13
20230814,1.3521,27.68,85.26,3.28,17.75
20230815,1.3521,27.46,86.02,1.85,6.67
20230816,1.3521,27.82,86.08,3.01,5.55
20230817,1.3521,27.9,84.78,2.55,6.07
20230818,1.3521,27.39,87.36,2.21,19.39
20230819,1.3521,27.56,89.86,2.53,28.5
20230820,1.3521,27.47,87.45,3.12,9.84
20230821,1.3521,27.16,88.45,3.0,9.3
20230822,1.3521,27.71,83.17,3.91,0.34
20230823,1.3521,27.69,84.9,3.97,0.26
20230824,1.3521,27.68,87.03,2.88,8.23
20230825,1.3521,27.31,88.01,3.12,13.1
20230826,1.3521,27.54,86.27,2.57,8.98
20230827,1.3521,27.74,83.13,2.29,3.56
20230828,1.3521,27.61,87.28,3.22,6.9
20230829,1.3521,27.66,86.25,3.69,8.12
20230830,1.3521,28.04,83.63,3.21,2.38
20230831,1.3521,27.95,84.5,4.06,0.75
20230901,1.3521,27.83,83.37,4.29,0.54
20230902,1.3521,28.03,80.87,3.87,0.16
20230903,1.3521,27.88,83.12,4.67,1.99
20230904,1.3521,27.78,82.18,4.65,2.8
20230905,1.3521,27.43,83.44,4.09,1.27
20230906,1.3521,26.94,87.33,2.47,49.99
20230907,1.3521,28.28,80.52,1.64,56.53
20230908,1.3521,28.01,86.41,3.33,35.47
20230909,1.3521,27.86,84.75,2.29,18.13
20230910,1.3521,27.19,87.31,2.91,11.97
20230911,1.3521,27.31,86.53,3.88,102.83
20230912,1.3521,27.61,84.82,3.81,3.92
20230913,1.3521,27.86,86.52,3.71,5.53
20230914,1.3521,27.71,84.03,4.19,0.47
20230915,1.3521,27.78,84.52,4.19,0.07
20230916,1.3521,27.85,85.87,3.64,0.97
20230917,1.3521,27.68,87.35,3.79,9.06
20230918,1.3521,27.39,87.46,3.25,6.45
20230919,1.3521,27.9,84.66,2.6,6.86
20230920,1.3521,28.01,83.65,1.96,17.17
20230921,1.3521,28.13,83.81,1.68,15.92
20230922,1.3521,26.89,86.19,3.11,55.42
20230923,1.3521,27.85,81.66,2.66,5.49
20230924,1.3521,27.52,85.72,2.3,17.89
20230925,1.3521,27.74,86.59,3.17,4.45
20230926,1.3521,27.82,86.05,4.07,2.36
20230927,1.3521,28.0,83.91,4.42,0.11
20230928,1.3521,27.99,83.79,4.08,0.05
20230929,1.3521,27.74,87.78,3.35,0.67
20230930,1.3521,27.9,86.09,2.29,5.5
20231001,1.3521,28.04,83.23,2.56,5.14
20231002,1.3521,27.99,85.97,2.86,1.88
20231003,1.3521,27.62,86.73,2.65,3.19
20231004,1.3521,28.32,83.39,2.46,0.7
20231005,1.3521,28.65,85.64,3.21,0.47
20231006,1.3521,28.49,86.4,3.22,0.62
20231007,1.3521,28.13,87.17,3.21,0.66
20231008,1.3521,27.89,85.24,2.75,42.88
20231009,1.3521,28.88,80.12,1.82,71.25
20231010,1.3521,28.82,82.05,1.99,48.34
20231011,1.3521,28.48,80.96,1.93,13.81
20231012,1.3521,28.8,77.87,2.06,3.05
20231013,1.3521,28.58,81.84,2.67,0.7
20231014,1.3521,28.56,82.83,2.64,0.09
20231015,1.3521,28.78,84.09,3.35,0.11
20231016,1.3521,28.33,83.79,3.22,0.36
20231017,1.3521,28.48,83.69,2.85,0.32
20231018,1.3521,28.4,80.18,2.46,10.32
20231019,1.3521,28.19,81.41,2.25,3.69
20231020,1.3521,28.16,80.71,2.25,16.35
20231021,1.3521,28.54,76.88,1.25,8.81
20231022,1.3521,28.22,79.46,1.23,7.52
20231023,1.3521,28.41,77.68,1.25,97.87
20231024,1.3521,28.64,78.12,1.12,56.57
20231025,1.3521,28.01,81.77,1.64,24.12
20231026,1.3521,28.25,82.0,1.88,15.47
20231027,1.3521,28.97,81.26,2.42,9.29
20231028,1.3521,27.71,84.41,2.15,21.21
20231029,1.3521,29.04,77.99,1.31,5.84
20231030,1.3521,29.09,77.21,1.36,14.59
20231031,1.3521,28.47,79.77,1.39,8.2
20231101,1.3521,28.75,78.39,1.29,15.37
20231102,1.3521,29.13,77.46,1.15,2.32
20231103,1.3521,28.6,82.88,1.92,2.72
20231104,1.3521,29.03,78.15,1.88,7.87
20231105,1.3521,28.89,79.31,1.63,10.65
20231106,1.3521,28.26,82.16,1.11,12.03
20231107,1.3521,28.3,82.6,1.29,10.54
20231108,1.3521,27.99,85.03,1.82,9.18
20231109,1.3521,28.29,83.32,1.86,10.13
20231110,1.3521,28.12,84.78,2.24,8.63
20231111,1.3521,29.27,78.71,1.29,4.46
20231112,1.3521,28.7,83.06,1.79,5.68
20231113,1.3521,28.62,85.23,2.56,5.25
20231114,1.3521,28.74,81.42,1.78,9.33
20231115,1.3521,28.41,82.53,1.73,10.0
20231116,1.3521,28.1,84.61,2.06,9.26
20231117,1.3521,28.07,83.97,1.93,9.63
20231118,1.3521,27.56,88.82,3.76,7.72
20231119,1.3521,26.9,91.23,4.18,2.69
20231120,1.3521,27.82,86.53,2.65,52.31
20231121,1.3521,28.02,86.1,2.13,20.13
20231122,1.3521,27.14,89.29,3.06,75.58
20231123,1.3521,27.34,87.05,2.94,71.35
20231124,1.3521,27.1,88.82,2.74,84.01
20231125,1.3521,27.36,87.28,2.9,87.51
20231126,1.3521,27.02,86.97,3.08,26.18
20231127,1.3521,26.6,89.57,2.63,22.71
20231128,1.3521,26.86,90.63,2.89,5.19
20231129,1.3521,27.76,87.68,1.89,2.77
20231130,1.3521,27.9,88.21,1.84,27.62
20231201,1.3521,26.83,91.47,3.23,58.21
20231202,1.3521,27.09,88.99,3.06,3.7
20231203,1.3521,27.21,88.97,2.13,4.97
20231204,1.3521,27.35,85.92,1.94,1.65
20231205,1.3521,27.42,84.96,2.07,2.8
20231206,1.3521,26.95,87.49,2.89,12.2
20231207,1.3521,26.86,87.78,2.66,8.79
20231208,1.3521,27.65,90.29,3.1,20.19
20231209,1.3521,27.39,90.29,2.99,2.6
20231210,1.3521,27.08,89.32,2.35,1.76
20231211,1.3521,27.35,88.83,3.07,4.5
20231212,1.3521,26.94,89.98,2.53,16.9
20231213,1.3521,27.28,87.09,2.22,67.38
20231214,1.3521,27.5,89.61,2.05,75.03
20231215,1.3521,27.45,88.66,1.85,33.31
20231216,1.3521,27.41,90.47,2.76,9.95
20231217,1.3521,27.45,91.6,3.54,11.7
20231218,1.3521,27.14,91.71,3.04,6.33
20231219,1.3521,26.8,88.98,3.19,3.12
20231220,1.3521,27.1,90.99,3.08,2.64
20231221,1.3521,27.28,90.9,3.11,7.13
20231222,1.3521,26.92,92.08,3.94,6.85
20231223,1.3521,27.27,90.57,2.76,30.61
20231224,1.3521,27.28,90.72,2.21,83.26
20231225,1.3521,27.05,91.45,4.48,26.01
20231226,1.3521,26.62,90.56,4.28,18.38
20231227,1.3521,26.67,91.28,3.53,15.59
20231228,1.3521,27.27,89.16,3.02,28.05
20231229,1.3521,27.23,89.95,3.09,15.45
20231230,1.3521,27.33,91.06,3.14,17.88
20231231,1.3521,26.87,92.43,3.26,25.34
20240101,1.3521,27.0,91.6,2.75,24.47
20240102,1.3521,26.73,92.63,3.43,13.82
20240103,1.3521,27.02,92.09,3.46,19.95
20240104,1.3521,26.61,93.19,2.96,44.88
20240105,1.3521,26.84,93.86,4.27,14.95
20240106,1.3521,26.86,91.6,3.23,40.83
20240107,1.3521,26.13,92.82,3.65,41.84
20240108,1.3521,26.58,90.91,3.09,14.06
20240109,1.3521,26.57,91.84,2.47,39.31
20240110,1.3521,26.73,91.57,3.61,14.8
20240111,1.3521,26.79,92.77,3.28,7.96
20240112,1.3521,26.02,93.48,3.73,14.2
20240113,1.3521,25.99,91.96,3.57,12.17
20240114,1.3521,26.44,92.56,3.48,1.79
20240115,1.3521,26.82,91.57,4.1,3.83
20240116,1.3521,26.7,91.36,4.25,8.74
20240117,1.3521,26.67,90.22,4.13,5.75
20240118,1.3521,26.62,91.51,3.69,3.89
20240119,1.3521,26.36,91.42,3.24,16.67
20240120,1.3521,25.57,92.03,4.69,19.39
20240121,1.3521,25.83,87.17,3.23,2.69
20240122,1.3521,27.17,87.35,2.27,45.94
20240123,1.3521,26.78,91.59,2.64,51.64
20240124,1.3521,26.71,93.12,3.23,45.49
20240125,1.3521,26.87,93.63,2.91,51.33
20240126,1.3521,26.73,93.01,4.43,29.9
20240127,1.3521,26.94,91.5,4.76,9.58
20240128,1.3521,26.76,90.39,4.48,3.54
20240129,1.3521,26.72,89.27,4.59,2.79
20240130,1.3521,26.68,87.22,4.42,0.52
20240131,1.3521,26.71,89.11,3.69,10.9
20240201,1.3521,26.72,91.61,3.65,112.58
20240202,1.3521,27.21,89.95,3.31,61.02
20240203,1.3521,26.89,89.4,3.43,6.95
20240204,1.3521,26.99,87.7,3.09,9.81
20240205,1.3521,27.08,88.13,3.62,2.17
20240206,1.3521,27.04,88.74,2.89,5.12
20240207,1.3521,27.14,89.69,3.05,6.69
20240208,1.3521,27.76,88.35,2.56,3.49
20240209,1.3521,27.18,89.58,4.0,21.82
20240210,1.3521,26.74,88.45,4.68,7.41
20240211,1.3521,26.85,88.62,4.89,7.26
20240212,1.3521,26.84,89.17,5.31,14.99
20240213,1.3521,26.89,92.23,4.94,13.98
20240214,1.3521,27.38,90.17,4.3,8.2
20240215,1.3521,27.2,90.46,4.57,21.23
20240216,1.3521,27.24,89.62,4.56,6.34
20240217,1.3521,26.97,86.21,4.42,0.95
20240218,1.3521,27.49,87.65,3.04,1.68
20240219,1.3521,27.68,88.14,3.32,0.64
20240220,1.3521,27.71,86.58,3.59,0.52
20240221,1.3521,27.47,85.18,3.32,0.29
20240222,1.3521,27.69,84.05,2.53,1.5
20240223,1.3521,27.47,85.45,4.05,0.77
20240224,1.3521,27.13,83.83,4.03,0.02
20240225,1.3521,27.3,86.74,4.23,11.68
20240226,1.3521,27.15,89.69,4.25,106.59
20240227,1.3521,27.34,88.36,4.22,27.81
20240228,1.3521,27.4,86.42,4.46,2.36
20240229,1.3521,27.41,87.36,3.9,5.89
20240301,1.3521,27.38,89.04,3.52,14.51
20240302,1.3521,27.23,90.66,3.99,11.13
20240303,1.3521,27.06,91.22,3.51,14.98
20240304,1.3521,27.26,90.79,2.78,26.84
20240305,1.3521,27.25,90.02,1.78,21.61
20240306,1.3521,28.32,83.45,1.24,12.65
20240307,1.3521,28.35,88.02,1.85,5.39
20240308,1.3521,27.37,87.36,1.87,24.18
20240309,1.3521,27.74,82.3,1.68,3.37
20240310,1.3521,27.74,86.53,3.17,0.77
20240311,1.3521,27.57,84.57,3.35,0.69
20240312,1.3521,27.35,88.77,3.42,206.04
20240313,1.3521,27.59,87.25,3.7,131.32
20240314,1.3521,27.65,87.79,4.0,13.12
20240315,1.3521,27.12,86.02,3.86,3.79
20240316,1.3521,27.26,85.56,3.24,6.21
20240317,1.3521,27.41,86.68,4.0,6.37
20240318,1.3521,27.75,86.46,3.61,0.72
20240319,1.3521,27.82,86.82,3.86,0.54
20240320,1.3521,27.55,86.49,4.65,0.5
20240321,1.3521,27.74,85.41,4.52,0.39
20240322,1.3521,27.67,83.95,3.82,8.16
20240323,1.3521,28.02,82.6,3.22,2.46
20240324,1.3521,28.18,83.14,3.11,6.04
20240325,1.3521,28.16,84.67,3.06,67.42
20240326,1.3521,28.06,87.09,3.19,189.76
20240327,1.3521,28.26,84.67,2.66,9.56
20240328,1.3521,27.82,88.63,3.02,1.64
20240329,1.3521,28.27,84.9,2.85,1.48
20240330,1.3521,28.27,84.02,2.65,4.58
20240331,1.3521,28.9,76.54,1.73,3.5
20240401,1.3521,29.41,77.62,1.56,3.34
20240402,1.3521,29.37,78.48,2.15,1.25
20240403,1.3521,28.93,83.16,2.2,7.65
20240404,1.3521,29.03,82.92,2.03,4.56
20240405,1.3521,29.08,84.54,2.45,3.5
20240406,1.3521,28.7,85.0,3.29,0.35
20240407,1.3521,29.13,84.52,2.91,0.77
20240408,1.3521,29.25,83.15,2.07,4.54
20240409,1.3521,28.89,86.23,2.97,13.43
20240410,1.3521,28.39,88.64,2.5,31.85
20240411,1.3521,28.64,87.38,3.43,3.67
20240412,1.3521,27.85,89.91,2.82,22.24
20240413,1.3521,28.17,87.47,2.77,6.15
20240414,1.3521,28.16,87.48,2.93,5.22
20240415,1.3521,28.3,87.38,2.82,2.12
20240416,1.3521,28.45,88.61,2.75,14.09
20240417,1.3521,28.89,82.62,1.42,11.12
20240418,1.3521,28.89,83.17,1.64,11.53
20240419,1.3521,29.14,80.2,1.92,3.79
20240420,1.3521,28.87,84.41,1.72,24.0
20240421,1.3521,29.41,81.28,1.59,6.81
20240422,1.3521,29.48,83.01,1.4,8.63
20240423,1.3521,29.73,80.92,2.12,12.85
20240424,1.3521,29.09,83.96,2.13,10.56
20240425,1.3521,29.5,78.18,1.86,8.05
20240426,1.3521,29.25,78.23,2.09,9.16
20240427,1.3521,29.72,75.71,1.82,2.18
20240428,1.3521,29.18,84.83,3.04,5.28
20240429,1.3521,29.33,84.07,2.24,3.5
20240430,1.3521,29.51,83.91,2.1,3.27
20240501,1.3521,29.1,86.13,2.72,11.25
20240502,1.3521,28.78,87.15,2.75,24.28
20240503,1.3521,29.15,85.51,2.86,17.36
20240504,1.3521,28.02,88.44,2.64,33.11
20240505,1.3521,28.8,84.25,2.59,1.54
20240506,1.3521,29.15,84.69,2.78,4.91
20240507,1.3521,29.23,82.31,2.33,14.43
20240508,1.3521,29.34,79.62,1.14,26.35
20240509,1.3521,29.15,79.38,2.12,65.57
20240510,1.3521,28.86,86.04,3.06,59.55
20240511,1.3521,28.75,85.06,2.62,6.27
20240512,1.3521,28.94,82.35,2.18,4.82
20240513,1.3521,29.66,81.46,1.09,12.51
20240514,1.3521,28.32,91.14,2.03,28.24
20240515,1.3521,29.1,84.5,2.13,5.25
20240516,1.3521,28.64,89.44,3.42,10.89
20240517,1.3521,29.18,84.68,2.4,4.2
20240518,1.3521,28.88,87.1,2.67,7.46
20240519,1.3521,28.59,90.93,3.45,34.24
20240520,1.3521,28.5,88.87,3.28,12.67
20240521,1.3521,28.79,87.74,2.84,93.1
20240522,1.3521,29.29,85.12,1.97,67.55
20240523,1.3521,29.5,82.96,1.27,60.55
20240524,1.3521,29.2,83.91,1.77,18.79
20240525,1.3521,28.42,89.06,2.37,15.41
20240526,1.3521,29.4,84.3,1.64,6.19
20240527,1.3521,28.98,88.36,2.61,9.59
20240528,1.3521,29.09,87.96,2.59,14.38
20240529,1.3521,29.02,86.21,2.92,8.22
20240530,1.3521,28.39,89.61,2.82,11.33
20240531,1.3521,28.7,88.29,2.72,8.82
20240601,1.3521,28.14,87.93,2.73,12.26
20240602,1.3521,27.45,88.21,2.35,16.21
20240603,1.3521,28.54,79.82,1.58,5.34
20240604,1.3521,28.49,83.34,2.08,5.03
20240605,1.3521,28.98,82.86,2.49,5.25
20240606,1.3521,28.75,83.37,2.21,10.01
20240607,1.3521,29.45,76.67,1.05,6.9
20240608,1.3521,29.0,84.31,1.82,9.38
20240609,1.3521,28.84,83.31,2.05,6.97
20240610,1.3521,29.17,81.51,2.22,10.16
20240611,1.3521,29.04,81.92,1.85,11.37
20240612,1.3521,28.88,81.23,1.81,9.4
20240613,1.3521,28.78,82.19,1.94,8.38
20240614,1.3521,29.09,82.43,1.26,24.32
20240615,1.3521,28.98,82.76,1.89,9.82
20240616,1.3521,28.31,86.72,2.37,5.7
20240617,1.3521,27.78,86.42,3.07,3.18
20240618,1.3521,28.13,85.52,2.76,10.44
20240619,1.3521,28.09,85.63,2.59,7.89
20240620,1.3521,28.57,82.33,2.22,7.23
20240621,1.3521,27.13,89.63,3.07,29.2
20240622,1.3521,26.73,86.08,3.47,11.31
20240623,1.3521,27.87,85.19,3.76,1.28
20240624,1.3521,28.35,84.44,3.45,1.21
20240625,1.3521,28.39,86.43,3.31,4.32
20240626,1.3521,28.37,83.71,2.86,6.04
20240627,1.3521,28.33,84.81,2.31,5.49
20240628,1.3521,28.66,80.2,1.7,1.43
20240629,1.3521,27.99,85.51,2.49,4.69
20240630,1.3521,27.69,85.85,3.1,7.09
20240701,1.3521,27.81,82.11,1.99,10.12
20240702,1.3521,27.86,83.41,2.32,3.27
20240703,1.3521,28.06,87.3,3.45,4.83
20240704,1.3521,28.29,81.95,3.18,1.71
20240705,1.3521,28.58,77.76,1.21,2.21
20240706,1.3521,28.05,83.77,1.7,3.78
20240707,1.3521,27.87,85.86,2.19,5.41
20240708,1.3521,27.34,87.19,2.19,6.93
20240709,1.3521,27.53,85.67,2.76,8.01
20240710,1.3521,27.38,85.01,2.7,3.84
20240711,1.3521,27.73,85.92,3.68,4.1
20240712,1.3521,27.83,85.22,2.49,5.59
20240713,1.3521,28.01,86.02,3.3,3.04
20240714,1.3521,27.67,85.16,3.47,7.6
20240715,1.3521,28.0,83.63,3.73,1.48
20240716,1.3521,27.74,85.61,3.94,4.61
20240717,1.3521,27.86,87.62,3.66,69.83
20240718,1.3521,27.94,89.62,4.21,41.83
20240719,1.3521,28.05,89.45,4.11,14.26
20240720,1.3521,28.44,87.26,4.14,1.58
20240721,1.3521,28.17,89.05,4.25,0.29
20240722,1.3521,28.21,89.14,3.9,0.45
20240723,1.3521,27.95,89.14,3.54,2.04
20240724,1.3521,28.21,87.66,4.03,0.91
20240725,1.3521,28.52,85.03,4.5,0.96
20240726,1.3521,28.48,85.17,4.77,0.72
20240727,1.3521,28.48,85.16,4.43,1.08
20240728,1.3521,28.22,84.4,4.57,1.16
20240729,1.3521,28.1,85.17,4.0,19.5
20240730,1.3521,28.09,85.86,3.6,26.9
20240731,1.3521,28.22,87.54,3.45,30.02
20240801,1.3521,27.87,87.49,3.5,9.13
20240802,1.3521,27.78,87.37,3.44,8.59
20240803,1.3521,27.82,85.71,3.47,11.15
20240804,1.3521,27.36,87.78,3.17,15.38
20240805,1.3521,27.76,84.28,2.82,2.37
20240806,1.3521,27.81,84.45,3.47,0.49
20240807,1.3521,27.54,85.3,3.77,1.39
20240808,1.3521,27.86,84.82,3.46,2.33
20240809,1.3521,27.93,87.8,3.65,13.24
20240810,1.3521,27.79,87.27,2.93,15.22
20240811,1.3521,27.64,86.88,3.37,13.66
20240812,1.3521,27.8,85.4,3.63,5.16
20240813,1.3521,27.78,87.15,3.97,30.49
20240814,1.3521,27.57,87.73,3.62,28.0
20240815,1.3521,27.85,85.71,3.2,6.5
20240816,1.3521,27.51,87.63,3.85,6.82
20240817,1.3521,27.43,87.39,3.54,3.4
20240818,1.3521,28.05,88.5,3.62,1.84
20240819,1.3521,28.06,84.91,2.78,11.52
20240820,1.3521,27.57,86.32,2.33,21.66
20240821,1.3521,27.41,85.17,2.22,8.08
20240822,1.3521,27.63,84.55,2.38,11.02
20240823,1.3521,27.97,83.94,2.47,17.66
20240824,1.3521,27.18,84.64,2.26,9.55
20240825,1.3521,26.97,86.14,3.04,14.4
20240826,1.3521,27.68,83.96,2.94,10.85
20240827,1.3521,27.42,87.05,3.14,11.16
20240828,1.3521,27.16,86.57,2.91,13.37
20240829,1.3521,27.57,85.86,3.74,0.36
20240830,1.3521,27.58,83.41,3.6,0.22
20240831,1.3521,27.94,86.51,3.1,1.44
20240901,1.3521,27.94,87.06,2.56,1.95
20240902,1.3521,28.34,87.53,3.85,0.47
20240903,1.3521,28.07,87.56,3.31,8.84
20240904,1.3521,27.39,88.16,2.44,16.69
20240905,1.3521,28.16,83.15,2.52,3.52
20240906,1.3521,28.19,87.51,4.05,2.22
20240907,1.3521,28.36,86.27,4.63,1.36
20240908,1.3521,28.14,86.23,2.94,8.31
20240909,1.3521,27.57,87.61,2.38,31.77
20240910,1.3521,27.38,83.28,2.61,15.44
20240911,1.3521,28.27,80.67,1.96,12.08
20240912,1.3521,27.9,85.45,2.85,121.58
20240913,1.3521,27.8,85.34,3.0,21.98
20240914,1.3521,27.28,88.41,2.77,7.09
20240915,1.3521,27.45,85.52,2.51,5.38
20240916,1.3521,27.52,86.17,3.32,2.06
20240917,1.3521,27.94,84.62,4.2,7.72
20240918,1.3521,28.11,83.96,4.57,3.03
20240919,1.3521,27.98,87.67,3.24,1.12
20240920,1.3521,27.74,87.85,3.03,8.62
20240921,1.3521,27.67,84.18,2.0,8.05
20240922,1.3521,28.5,82.5,2.28,3.47
20240923,1.3521,27.88,88.0,3.21,11.08
20240924,1.3521,28.72,78.51,1.53,10.21
20240925,1.3521,28.15,81.38,1.38,18.17
20240926,1.3521,28.11,79.27,2.15,2.16
20240927,1.3521,28.0,84.47,2.24,5.48
20240928,1.3521,28.18,85.59,2.67,9.94
20240929,1.3521,28.07,84.94,2.55,6.06
20240930,1.3521,27.55,86.47,2.71,12.32
20241001,1.3521,27.79,82.4,2.27,11.35
20241002,1.3521,28.08,79.53,1.91,1.87
20241003,1.3521,28.38,79.89,1.91,6.62
20241004,1.3521,27.46,83.5,1.76,11.38
20241005,1.3521,27.75,81.05,1.56,9.1
20241006,1.3521,27.39,82.22,1.65,19.2
20241007,1.3521,28.15,79.88,2.23,2.85
20241008,1.3521,27.55,85.55,2.89,5.89
20241009,1.3521,27.92,84.82,2.51,9.44
20241010,1.3521,28.13,84.33,2.13,7.08
20241011,1.3521,28.44,81.77,1.87,7.15
20241012,1.3521,28.34,83.93,1.72,26.0
20241013,1.3521,27.52,88.83,2.6,9.04
20241014,1.3521,26.85,87.13,2.15,10.18
20241015,1.3521,27.63,83.32,2.54,14.91
20241016,1.3521,27.64,85.43,2.06,4.11
20241017,1.3521,27.51,87.0,3.19,13.07
20241018,1.3521,28.17,83.73,2.25,7.56
20241019,1.3521,28.33,83.92,1.79,11.02
20241020,1.3521,27.61,83.19,2.22,4.19
20241021,1.3521,28.57,73.63,1.61,0.81
20241022,1.3521,28.85,76.45,1.34,1.89
20241023,1.3521,28.66,84.84,2.03,4.65
20241024,1.3521,28.58,84.68,1.6,6.11
20241025,1.3521,27.75,86.85,3.4,10.12
20241026,1.3521,28.19,83.75,2.93,19.88
20241027,1.3521,28.1,85.31,3.11,20.57
20241028,1.3521,28.26,84.89,2.63,7.94
20241029,1.3521,28.3,86.37,2.51,13.44
20241030,1.3521,28.43,84.6,2.18,83.83
20241031,1.3521,28.3,82.48,2.09,40.87
20241101,1.3521,28.24,85.84,3.2,18.28
20241102,1.3521,27.57,84.56,2.94,8.7
20241103,1.3521,27.82,83.67,2.62,3.91
20241104,1.3521,27.79,81.54,1.85,8.19
20241105,1.3521,28.72,80.74,1.61,2.22
20241106,1.3521,27.25,87.18,3.28,13.83
20241107,1.3521,27.81,83.36,1.6,9.19
20241108,1.3521,27.82,82.72,2.08,22.17
20241109,1.3521,28.07,83.72,1.72,15.58
20241110,1.3521,28.34,82.92,1.5,15.76
20241111,1.3521,28.07,83.54,1.47,7.87
20241112,1.3521,28.7,79.03,1.03,2.47
20241113,1.3521,28.79,79.28,0.99,9.23
20241114,1.3521,28.04,83.94,1.68,5.97
20241115,1.3521,28.57,79.63,1.21,5.89
20241116,1.3521,28.1,84.53,1.86,15.87
20241117,1.3521,27.66,87.3,2.79,11.93
20241118,1.3521,27.16,90.25,3.14,13.58
20241119,1.3521,26.68,87.15,2.09,11.65
20241120,1.3521,26.6,88.4,2.83,3.69
20241121,1.3521,27.18,84.62,2.05,11.42
20241122,1.3521,26.45,90.78,2.62,40.67
20241123,1.3521,27.48,84.21,1.84,9.8
20241124,1.3521,27.45,86.0,1.98,7.69
20241125,1.3521,27.68,84.79,2.28,6.17
20241126,1.3521,26.96,89.01,2.66,21.08
20241127,1.3521,26.9,88.49,2.69,16.16
20241128,1.3521,27.23,86.85,1.81,21.42
20241129,1.3521,26.53,88.1,1.71,49.02
20241130,1.3521,27.24,88.62,2.68,0.77
20241201,1.3521,27.46,85.91,3.59,3.09
20241202,1.3521,27.56,84.8,1.67,13.82
20241203,1.3521,26.32,86.63,2.7,26.41
20241204,1.3521,26.58,85.19,3.28,18.31
20241205,1.3521,27.32,80.94,3.01,3.52
20241206,1.3521,27.94,81.04,2.07,88.97
20241207,1.3521,27.64,83.62,2.84,38.4
20241208,1.3521,27.29,90.81,3.48,3.86
20241209,1.3521,26.74,91.22,4.17,5.21
20241210,1.3521,26.3,90.85,4.55,5.35
20241211,1.3521,27.1,88.04,3.23,11.65
20241212,1.3521,27.38,89.51,3.73,6.43
20241213,1.3521,26.86,86.5,3.29,2.43
20241214,1.3521,27.58,84.25,2.52,1.0
20241215,1.3521,27.88,83.57,1.88,1.29
20241216,1.3521,27.45,88.35,2.35,3.81
20241217,1.3521,26.91,92.45,3.23,3.66
20241218,1.3521,26.85,91.23,3.33,4.02
20241219,1.3521,26.49,91.69,3.87,1.42
20241220,1.3521,26.29,90.83,3.73,0.62
20241221,1.3521,26.71,90.07,3.44,1.58
20241222,1.3521,26.9,88.87,3.61,2.86
20241223,1.3521,26.88,87.04,2.64,15.71
20241224,1.3521,26.99,82.02,1.95,6.19
20241225,1.3521,26.6,85.62,3.13,4.26
20241226,1.3521,26.35,82.69,2.26,0.27
20241227,1.3521,26.64,84.52,2.47,0.83
20241228,1.3521,26.64,89.96,3.44,3.18
20241229,1.3521,26.86,90.3,3.63,16.18
20241230,1.3521,26.58,91.19,3.62,17.49
20241231,1.3521,26.3,92.86,3.08,9.11
20250101,1.3521,26.56,88.76,2.31,10.59
20250102,1.3521,26.93,89.05,2.74,25.48
20250103,1.3521,27.01,88.82,3.24,74.3
20250104,1.3521,26.57,91.09,3.52,100.55
20250105,1.3521,26.75,91.27,4.23,10.71
20250106,1.3521,26.69,89.97,3.98,4.69
20250107,1.3521,26.63,89.28,3.72,1.27
20250108,1.3521,26.46,90.4,3.92,0.81
20250109,1.3521,26.29,88.91,4.56,0.29
20250110,1.3521,25.78,93.47,3.61,163.57
20250111,1.3521,25.73,94.37,5.4,114.58
20250112,1.3521,26.08,92.3,5.84,56.69
20250113,1.3521,25.46,93.12,3.77,20.8
20250114,1.3521,25.85,91.99,3.68,12.19
20250115,1.3521,26.15,91.78,2.65,9.34
20250116,1.3521,26.22,91.95,4.15,6.91
20250117,1.3521,26.0,92.69,4.69,12.1
20250118,1.3521,25.98,92.76,4.29,17.72
20250119,1.3521,25.68,93.41,4.2,6.56
20250120,1.3521,25.67,91.55,3.92,2.32
20250121,1.3521,25.52,94.1,3.11,6.06
20250122,1.3521,25.39,92.96,3.42,3.19
20250123,1.3521,25.53,92.53,3.0,4.62
20250124,1.3521,25.8,91.16,3.01,4.56
20250125,1.3521,26.12,90.41,2.4,6.0
20250126,1.3521,26.24,91.07,2.75,21.18
20250127,1.3521,25.83,93.69,3.65,44.68
20250128,1.3521,25.37,90.78,5.18,63.77
20250129,1.3521,24.96,91.21,4.83,57.47
20250130,1.3521,25.39,88.04,4.49,2.19
20250131,1.3521,25.46,88.03,4.13,0.42
20250201,1.3521,25.5,87.49,3.68,0.29
20250202,1.3521,26.13,85.78,2.78,0.15
20250203,1.3521,26.07,86.3,3.21,0.1
20250204,1.3521,25.67,92.43,3.53,11.6
20250205,1.3521,25.47,91.81,3.91,21.66
20250206,1.3521,25.96,88.71,4.14,0.77
20250207,1.3521,26.27,87.44,3.93,0.26
20250208,1.3521,26.08,87.92,4.44,1.12
20250209,1.3521,25.81,87.63,4.84,0.78
20250210,1.3521,25.97,86.81,4.3,0.45
20250211,1.3521,26.18,86.15,3.34,0.11
20250212,1.3521,26.53,84.01,2.46,0.01
20250213,1.3521,26.79,85.03,2.41,0.73
20250214,1.3521,27.19,86.3,2.87,3.41
20250215,1.3521,26.95,87.64,2.55,8.27
20250216,1.3521,26.87,84.27,2.24,4.0
20250217,1.3521,26.62,88.47,2.85,7.4
20250218,1.3521,26.12,91.34,3.44,3.67
20250219,1.3521,26.26,87.6,2.85,0.4
20250220,1.3521,26.47,88.56,3.46,1.36
20250221,1.3521,26.68,89.14,3.27,1.31
20250222,1.3521,26.72,88.01,3.21,3.9
20250223,1.3521,26.77,88.77,2.51,18.12
20250224,1.3521,26.93,88.04,3.3,9.12
20250225,1.3521,26.39,89.26,4.26,8.76
20250226,1.3521,26.5,88.66,4.2,5.32
20250227,1.3521,26.8,87.51,4.01,3.8
20250228,1.3521,26.71,90.05,3.55,5.96
20250301,1.3521,27.05,88.25,3.62,1.23
20250302,1.3521,26.74,88.33,3.95,83.65
20250303,1.3521,26.92,84.89,3.12,70.02
20250304,1.3521,27.28,85.6,2.37,41.98
20250305,1.3521,27.42,86.88,1.66,35.94
20250306,1.3521,27.35,84.29,1.93,27.53
20250307,1.3521,27.65,85.56,1.9,79.8
20250308,1.3521,26.95,90.98,3.78,59.31
20250309,1.3521,26.58,91.62,3.66,27.71
20250310,1.3521,27.01,90.66,4.06,20.11
20250311,1.3521,27.61,89.76,3.15,24.01
20250312,1.3521,26.82,93.38,2.69,11.62
20250313,1.3521,27.27,86.37,2.27,4.66
20250314,1.3521,27.13,89.16,2.96,5.86
20250315,1.3521,27.39,88.2,2.5,3.97
20250316,1.3521,27.43,89.1,3.24,3.15
20250317,1.3521,27.19,87.95,3.64,10.07
20250318,1.3521,27.1,87.55,4.15,3.97
20250319,1.3521,26.49,93.77,4.64,73.25
20250320,1.3521,26.13,94.2,3.55,85.65
20250321,1.3521,26.22,92.96,4.05,13.37
20250322,1.3521,26.7,90.3,3.6,27.26
20250323,1.3521,26.51,91.02,3.61,12.41
20250324,1.3521,26.67,91.28,3.36,6.35
20250325,1.3521,27.3,86.7,2.33,3.44
20250326,1.3521,27.57,86.12,1.88,1.93
20250327,1.3521,27.85,87.04,1.57,14.73
20250328,1.3521,27.6,87.0,3.4,16.64
20250329,1.3521,27.67,86.71,1.9,33.63
20250330,1.3521,27.75,87.2,1.8,12.15
20250331,1.3521,27.1,88.34,2.18,21.26
20250401,1.3521,27.85,83.46,2.07,7.31
20250402,1.3521,27.79,87.02,1.83,11.93
20250403,1.3521,27.39,87.99,2.27,34.68
20250404,1.3521,26.94,91.87,3.28,7.5
20250405,1.3521,27.4,85.76,1.62,4.26
20250406,1.3521,27.49,89.55,3.12,4.98
20250407,1.3521,26.99,86.92,1.91,18.91
20250408,1.3521,27.42,83.72,1.62,5.47
20250409,1.3521,28.29,80.12,1.43,4.16
20250410,1.3521,28.18,84.63,1.73,11.83
20250411,1.3521,27.19,87.25,2.3,16.76
20250412,1.3521,27.94,86.64,2.64,5.74
20250413,1.3521,26.92,91.57,1.93,33.93
20250414,1.3521,27.56,84.44,2.18,4.75
20250415,1.3521,27.57,84.82,1.94,12.25
20250416,1.3521,28.48,78.97,2.0,10.4
20250417,1.3521,27.8,86.15,2.59,3.65
20250418,1.3521,28.42,84.45,1.97,2.84
20250419,1.3521,28.1,87.92,2.38,14.01
20250420,1.3521,28.41,80.53,1.56,3.92
20250421,1.3521,28.31,79.43,1.22,14.02
20250422,1.3521,28.09,76.06,1.6,11.34
20250423,1.3521,27.74,79.61,2.24,21.39
20250424,1.3521,28.49,74.1,1.68,4.26
20250425,1.3521,28.41,83.3,1.92,15.98
20250426,1.3521,27.83,86.21,2.34,7.56
20250427,1.3521,28.4,81.81,1.74,3.96
20250428,1.3521,28.32,83.08,1.71,4.3
20250429,1.3521,28.06,87.69,1.97,8.7
20250430,1.3521,28.19,85.09,1.98,20.75
20250501,1.3521,28.27,82.46,1.82,15.2
20250502,1.3521,28.67,81.12,1.7,93.54
20250503,1.3521,28.62,82.74,1.64,60.48
20250504,1.3521,27.94,86.05,2.31,22.04
20250505,1.3521,27.9,86.4,1.91,25.84
20250506,1.3521,28.33,86.09,2.56,15.32
20250507,1.3521,28.6,86.5,2.48,2.44
20250508,1.3521,29.26,79.77,1.35,2.52
20250509,1.3521,28.78,83.67,2.24,3.02
20250510,1.3521,28.88,82.52,1.84,10.26
20250511,1.3521,28.36,87.01,2.43,14.31
20250512,1.3521,28.84,81.59,1.3,10.86
20250513,1.3521,28.37,85.14,1.81,23.13
20250514,1.3521,27.32,81.55,1.24,10.35
20250515,1.3521,28.05,78.26,1.61,8.4
20250516,1.3521,28.67,81.04,2.12,2.56
20250517,1.3521,28.83,82.56,2.11,3.81
20250518,1.3521,28.47,86.52,2.35,21.38
20250519,1.3521,28.23,85.93,1.79,6.42
20250520,1.3521,28.65,85.73,3.29,2.9
20250521,1.3521,28.75,85.56,2.65,4.38
20250522,1.3521,28.35,86.03,2.59,5.03
20250523,1.3521,28.09,83.23,3.86,1.87
20250524,1.3521,28.9,82.13,2.37,1.94
20250525,1.3521,28.93,83.07,1.71,2.9
20250526,1.3521,28.61,83.28,1.46,5.95
20250527,1.3521,29.06,78.88,1.88,21.21
20250528,1.3521,29.34,79.34,1.97,59.81
20250529,1.3521,28.19,88.93,2.93,116.76
20250530,1.3521,28.75,82.2,2.7,12.34
20250531,1.3521,28.83,87.92,3.42,5.92
20250601,1.3521,28.78,87.47,3.29,2.07
20250602,1.3521,29.17,84.99,3.21,0.85
20250603,1.3521,28.73,85.97,2.36,1.37
20250604,1.3521,28.61,86.25,2.79,3.14
20250605,1.3521,28.2,85.63,2.57,5.26
20250606,1.3521,27.55,87.58,2.62,4.26
20250607,1.3521,28.29,84.39,3.78,6.91
20250608,1.3521,28.13,83.85,2.54,7.21
20250609,1.3521,28.53,84.31,2.72,16.58
20250610,1.3521,27.16,88.88,3.89,160.05
20250611,1.3521,27.92,81.14,3.63,38.72
20250612,1.3521,28.56,83.23,2.63,18.77
20250613,1.3521,28.42,86.91,3.36,13.62
20250614,1.3521,28.26,85.61,3.26,18.49
20250615,1.3521,28.38,85.89,2.56,8.54
20250616,1.3521,28.96,77.47,1.67,6.16
20250617,1.3521,27.13,87.79,2.63,18.6
20250618,1.3521,27.68,81.95,2.71,6.46
20250619,1.3521,27.92,79.26,2.24,1.93
20250620,1.3521,27.71,83.81,2.11,16.77
20250621,1.3521,27.93,85.36,2.87,49.4
20250622,1.3521,28.24,84.96,2.8,82.49
20250623,1.3521,27.8,85.52,2.29,73.75
20250624,1.3521,27.96,83.58,3.14,14.32
20250625,1.3521,27.98,86.9,4.18,5.75
20250626,1.3521,28.25,87.47,3.96,1.5
20250627,1.3521,28.23,86.79,3.2,1.89
20250628,1.3521,27.59,86.87,3.34,11.84
20250629,1.3521,28.33,74.79,2.55,0.7
20250630,1.3521,28.41,80.95,2.02,0.53
20250701,1.3521,28.02,84.42,2.83,2.4
20250702,1.3521,27.46,88.95,2.6,12.4
20250703,1.3521,28.06,82.6,1.98,5.19
20250704,1.3521,27.93,83.62,2.36,4.94
20250705,1.3521,27.65,81.55,2.91,2.83
20250706,1.3521,27.76,83.22,3.15,9.88
20250707,1.3521,28.14,86.26,3.38,11.21
20250708,1.3521,28.15,81.42,2.43,6.73
20250709,1.3521,27.73,83.49,3.33,5.26
20250710,1.3521,28.06,85.18,2.72,6.95
20250711,1.3521,28.12,81.45,2.42,8.74
20250712,1.3521,27.36,90.49,3.35,65.69
20250713,1.3521,27.7,87.89,2.97,25.49
20250714,1.3521,27.63,87.67,2.88,16.08
20250715,1.3521,27.4,88.24,4.06,7.34
20250716,1.3521,28.15,89.2,3.75,19.27
20250717,1.3521,28.15,87.65,2.88,15.99
20250718,1.3521,28.4,88.15,2.78,55.88
20250719,1.3521,28.04,87.59,3.47,86.89
20250720,1.3521,28.14,86.91,3.2,12.57
20250721,1.3521,27.83,85.39,3.34,12.16
20250722,1.3521,27.72,86.04,2.87,5.51
20250723,1.3521,27.75,83.04,2.94,3.91
20250724,1.3521,28.07,84.43,2.82,2.09
20250725,1.3521,27.9,85.84,2.38,6.13
20250726,1.3521,27.98,86.64,2.41,4.03
20250727,1.3521,27.84,87.1,2.63,1.14
20250728,1.3521,28.11,88.02,3.41,0.83
20250729,1.3521,28.43,87.28,4.16,0.91
20250730,1.3521,28.4,86.26,2.98,21.68
20250731,1.3521,28.0,88.3,3.42,132.57
20250801,1.3521,28.04,88.38,3.38,61.07
20250802,1.3521,28.23,86.87,3.18,17.81
20250803,1.3521,27.95,89.31,3.38,29.67
20250804,1.3521,27.64,84.9,2.6,23.13
20250805,1.3521,26.94,86.8,2.98,2.77
20250806,1.3521,28.01,83.94,2.92,1.69
20250807,1.3521,27.84,84.14,2.99,0.8
20250808,1.3521,27.69,85.62,2.76,1.16
20250809,1.3521,28.44,81.57,2.34,4.45
20250810,1.3521,27.44,87.03,2.04,15.6
20250811,1.3521,26.15,88.02,3.63,18.83
20250812,1.3521,27.35,85.2,2.66,14.6
20250813,1.3521,26.63,80.47,3.75,10.95
20250814,1.3521,26.98,83.83,3.42,18.55
20250815,1.3521,26.47,87.39,3.29,2.85
20250816,1.3521,27.18,85.45,3.04,1.73
20250817,1.3521,27.75,85.31,3.02,2.07
20250818,1.3521,27.29,83.48,2.82,3.45
20250819,1.3521,26.82,85.12,2.87,9.27
20250820,1.3521,27.06,82.92,2.67,4.94
20250821,1.3521,28.0,78.82,1.74,1.29
20250822,1.3521,28.19,83.66,2.07,2.39
20250823,1.3521,27.75,84.11,2.13,5.52
20250824,1.3521,26.99,85.99,2.81,3.38
20250825,1.3521,27.39,85.21,3.64,1.46
20250826,1.3521,27.85,85.85,3.24,1.76
20250827,1.3521,27.77,86.42,3.45,1.65
20250828,1.3521,27.54,82.42,2.26,3.08
20250829,1.3521,27.73,84.45,2.41,4.94
20250830,1.3521,27.19,85.98,2.51,7.15
20250831,1.3521,27.84,84.23,2.65,2.41
20250901,1.3521,26.72,89.85,3.32,18.42
20250902,1.3521,26.49,87.42,2.78,7.26
20250903,1.3521,27.22,86.76,2.11,8.24
20250904,1.3521,26.41,89.45,2.47,9.74
20250905,1.3521,26.88,87.44,3.03,17.97
20250906,1.3521,27.24,87.18,4.11,16.76
20250907,1.3521,26.94,87.06,3.0,8.81
20250908,1.3521,27.14,86.66,3.55,5.77
20250909,1.3521,26.86,85.67,2.69,13.76
20250910,1.3521,27.52,83.6,2.08,5.83
20250911,1.3521,26.84,89.11,1.6,24.81
20250912,1.3521,26.21,90.99,3.26,10.31
20250913,1.3521,26.28,86.41,2.38,14.06
20250914,1.3521,27.57,83.01,2.46,3.1
20250915,1.3521,27.24,85.54,2.08,13.16
20250916,1.3521,26.94,88.01,1.81,13.06
20250917,1.3521,26.4,88.01,2.78,8.07
20250918,1.3521,27.39,87.83,3.09,20.71
20250919,1.3521,27.71,87.22,2.33,20.66
20250920,1.3521,27.87,85.24,2.11,13.65
20250921,1.3521,27.69,85.44,2.8,115.38
20250922,1.3521,28.0,84.05,2.59,40.76
20250923,1.3521,28.79,81.02,2.22,2.04
20250924,1.3521,27.79,86.85,2.58,1.69
20250925,1.3521,27.84,83.95,2.51,4.38
20250926,1.3521,27.54,84.3,2.99,0.38
20250927,1.3521,28.28,83.17,1.77,2.81
20250928,1.3521,27.71,84.32,2.14,9.33
20250929,1.3521,26.95,83.36,3.61,6.26
20250930,1.3521,28.0,79.33,2.68,6.12
20251001,1.3521,27.54,84.67,2.12,11.16
20251002,1.3521,27.26,86.94,2.11,6.18
20251003,1.3521,27.14,87.08,2.51,46.0
20251004,1.3521,27.34,76.22,2.69,1.63
20251005,1.3521,27.63,80.22,2.43,20.63
20251006,1.3521,27.69,82.01,2.18,132.21
20251007,1.3521,27.21,86.48,3.26,99.82
20251008,1.3521,27.35,86.96,3.31,8.38
20251009,1.3521,27.41,87.44,2.18,17.49
20251010,1.3521,27.41,85.99,2.52,15.98
20251011,1.3521,27.99,84.24,2.41,30.07
20251012,1.3521,27.83,84.57,2.38,5.94
20251013,1.3521,27.86,87.37,2.36,5.2
20251014,1.3521,27.9,88.62,3.21,20.25
20251015,1.3521,27.91,88.14,2.7,93.1
20251016,1.3521,28.24,81.73,1.73,78.38
20251017,1.3521,28.44,79.74,1.36,21.52
20251018,1.3521,28.18,81.02,1.91,7.49
20251019,1.3521,28.83,74.75,1.2,1.7
20251020,1.3521,27.71,86.06,3.13,2.08
20251021,1.3521,27.32,87.5,3.07,2.61
20251022,1.3521,26.83,90.04,4.46,3.91
20251023,1.3521,27.17,86.97,3.65,13.84
20251024,1.3521,27.45,86.35,4.43,25.0
20251025,1.3521,27.04,86.46,3.81,142.63
20251026,1.3521,28.13,78.68,2.65,9.91
20251027,1.3521,27.55,82.29,2.18,28.69
20251028,1.3521,27.96,80.24,2.56,4.71
20251029,1.3521,27.67,86.55,3.45,1.93
20251030,1.3521,28.47,80.9,2.33,0.69
20251031,1.3521,28.52,85.0,2.04,9.46
20251101,1.3521,28.53,87.84,2.38,15.39
20251102,1.3521,28.62,82.94,0.91,12.93
20251103,1.3521,27.8,83.58,1.59,16.48
20251104,1.3521,27.4,86.5,3.07,10.12
20251105,1.3521,27.9,83.23,2.79,0.89
20251106,1.3521,27.87,84.82,3.39,1.46
20251107,1.3521,27.98,83.45,3.78,2.17
20251108,1.3521,28.13,82.99,3.4,1.52
20251109,1.3521,28.11,83.31,2.2,7.61
20251110,1.3521,27.32,86.8,3.62,12.92
20251111,1.3521,27.3,87.36,3.58,21.15
20251112,1.3521,26.62,87.41,3.76,18.27
20251113,1.3521,26.68,89.91,2.41,13.45
20251114,1.3521,26.91,87.95,2.86,11.43
20251115,1.3521,27.17,88.59,2.34,10.31
20251116,1.3521,26.87,89.76,2.39,12.26
20251117,1.3521,26.96,87.01,2.05,17.84
20251118,1.3521,27.11,87.59,2.38,7.44
20251119,1.3521,27.2,87.34,2.77,16.66
20251120,1.3521,26.85,88.67,3.04,8.45
20251121,1.3521,27.3,88.08,2.7,9.95
20251122,1.3521,27.06,86.99,3.95,7.76
20251123,1.3521,27.53,85.39,4.31,4.85
20251124,1.3521,27.57,83.06,3.46,10.23
20251125,1.3521,27.32,83.21,1.93,12.69
20251126,1.3521,28.08,79.34,2.2,2.67
20251127,1.3521,27.48,85.74,2.52,20.41
20251128,1.3521,26.71,89.94,4.27,9.73
20251129,1.3521,27.16,82.16,2.85,4.3
20251130,1.3521,27.62,80.64,1.7,3.12
20251201,1.3521,28.38,79.3,0.85,7.71
20251202,1.3521,27.28,87.03,1.79,10.95
20251203,1.3521,28.11,81.45,0.99,1.96
20251204,1.3521,27.18,85.93,1.8,5.93
20251205,1.3521,27.4,83.88,1.96,1.26
20251206,1.3521,26.7,90.77,4.16,2.67
20251207,1.3521,26.79,87.79,4.3,6.37
20251208,1.3521,26.11,87.07,4.27,1.78
20251209,1.3521,26.43,85.08,4.42,3.09
20251210,1.3521,26.96,87.04,3.03,17.2
20251211,1.3521,26.55,86.73,1.51,48.97
20251212,1.3521,26.84,87.94,1.97,24.16
20251213,1.3521,26.66,87.31,2.02,10.34
20251214,1.3521,26.25,91.79,2.92,21.91
20251215,1.3521,25.6,92.06,2.82,30.03
20251216,1.3521,25.76,91.36,2.65,25.57
20251217,1.3521,25.72,93.29,2.76,57.22
20251218,1.3521,26.05,92.25,2.05,259.03
20251219,1.3521,26.13,94.07,3.89,99.06
20251220,1.3521,26.65,89.91,3.43,46.47
20251221,1.3521,26.62,90.61,4.17,82.05
20251222,1.3521,26.48,89.81,3.72,46.83
20251223,1.3521,26.61,90.82,3.69,30.87
20251224,1.3521,26.94,91.53,3.68,105.56
20251225,1.3521,27.01,90.92,2.95,192.42
20251226,1.3521,26.69,93.94,2.61,170.01
20251227,1.3521,26.91,93.32,1.74,214.21
20251228,1.3521,26.51,91.09,3.5,21.58
20251229,1.3521,26.11,92.67,3.25,34.55
20251230,1.3521,26.27,89.2,4.56,25.68
20251231,1.3521,26.09,87.79,3.26,42.51
